key_mlbam,metric,age,value
682928,AVG,21,0.24647887323943662
682928,AVG,22,0.24511545293072823
682928,AVG,23,0.24584103512014788
682928,AVG,24,0.25689655172413794
677800,AVG,25,0.2531328320802005
677800,AVG,26,0.24664879356568364
660670,AVG,20,0.29330254041570436
660670,AVG,21,0.2795527156549521
660670,AVG,23,0.2828282828282828
660670,AVG,24,0.26552462526766596
660670,AVG,25,0.33748055987558323
660670,AVG,27,0.28994082840236685
642715,AVG,22,0.2777777777777778
642715,AVG,23,0.2542372881355932
642715,AVG,25,0.26156941649899396
642715,AVG,26,0.23801065719360567
642715,AVG,27,0.21699819168173598
642715,AVG,28,0.25081967213114753
642715,AVG,29,0.22504230118443316
666176,AVG,23,0.22388059701492538
666176,AVG,25,0.2074074074074074
666176,AVG,26,0.23574144486692014
645277,AVG,20,0.2857142857142857
645277,AVG,21,0.26134585289514867
645277,AVG,22,0.2953125
645277,AVG,24,0.2591414944356121
645277,AVG,25,0.24696356275303644
645277,AVG,26,0.2802013422818792
645277,AVG,27,0.2506265664160401
645277,AVG,28,0.24046434494195687
677942,AVG,26,0.23043478260869565
624413,AVG,24,0.25963149078726966
624413,AVG,25,0.23076923076923078
624413,AVG,26,0.2620320855614973
624413,AVG,27,0.271356783919598
624413,AVG,28,0.21654929577464788
624413,AVG,29,0.24013157894736842
624413,AVG,30,0.2724358974358974
514888,AVG,21,0.27601809954751133
514888,AVG,22,0.2899305555555556
514888,AVG,23,0.2827476038338658
514888,AVG,24,0.3409090909090909
514888,AVG,25,0.31347962382445144
514888,AVG,26,0.3375
514888,AVG,27,0.34576271186440677
514888,AVG,28,0.31647940074906367
514888,AVG,29,0.298
514888,AVG,31,0.2778702163061564
514888,AVG,32,0.2998102466793169
514888,AVG,33,0.3111111111111111
514888,AVG,34,0.2945859872611465
514888,AVG,35,0.2653061224489796
682626,AVG,21,0.2094240837696335
682626,AVG,22,0.237012987012987
682626,AVG,23,0.25609756097560976
670541,AVG,22,0.31309904153354634
670541,AVG,24,0.2774674115456238
670541,AVG,25,0.30638297872340425
670541,AVG,26,0.2926829268292683
670541,AVG,27,0.3079710144927536
609280,AVG,23,0.29668411867364747
609280,AVG,29,0.2847682119205298
609280,AVG,30,0.3177570093457944
666018,AVG,27,0.3162162162162162
571448,AVG,22,0.2674897119341564
571448,AVG,23,0.28703703703703703
571448,AVG,24,0.28733766233766234
571448,AVG,25,0.29449838187702265
571448,AVG,26,0.3085808580858086
571448,AVG,27,0.2966101694915254
571448,AVG,28,0.31462585034013607
571448,AVG,30,0.25463743676222594
571448,AVG,31,0.2926391382405745
571448,AVG,32,0.26607142857142857
571448,AVG,33,0.27162629757785467
571448,AVG,34,0.23690773067331672
668227,AVG,26,0.2741020793950851
668227,AVG,27,0.2627986348122867
668227,AVG,28,0.2540834845735027
668227,AVG,29,0.2185792349726776
668227,AVG,30,0.23817292006525284
650333,AVG,22,0.3343558282208589
650333,AVG,24,0.29439252336448596
650333,AVG,25,0.3162705667276051
650333,AVG,26,0.35365853658536583
650333,AVG,27,0.3139717425431711
650333,AVG,28,0.29193548387096774
672275,AVG,24,0.2331288343558282
672275,AVG,25,0.2344139650872818
672275,AVG,26,0.22249388753056235
686948,AVG,24,0.2740740740740741
683146,AVG,23,0.21246458923512748
683146,AVG,25,0.2544529262086514
641343,AVG,22,0.20123839009287925
641343,AVG,23,0.22580645161290322
641343,AVG,25,0.20921985815602837
641343,AVG,27,0.2024793388429752
641343,AVG,28,0.1986754966887417
641355,AVG,21,0.26666666666666666
641355,AVG,22,0.26032315978456017
641355,AVG,23,0.3046594982078853
641355,AVG,24,0.23943661971830985
641355,AVG,25,0.16507936507936508
641355,AVG,26,0.21031746031746032
641355,AVG,27,0.3066132264529058
641355,AVG,28,0.2655038759689923
641355,AVG,29,0.272108843537415
605137,AVG,24,0.2550091074681239
605137,AVG,25,0.26147704590818366
605137,AVG,26,0.27703984819734345
605137,AVG,28,0.26104417670682734
605137,AVG,29,0.266304347826087
605137,AVG,30,0.24680073126142596
605137,AVG,31,0.24907063197026022
605137,AVG,32,0.23717948717948717
643217,AVG,22,0.2705061082024433
643217,AVG,23,0.29015544041450775
643217,AVG,24,0.266173752310536
643217,AVG,26,0.27586206896551724
643217,AVG,27,0.3036876355748373
643217,AVG,28,0.2615658362989324
643217,AVG,29,0.22851153039832284
643217,AVG,30,0.24047619047619048
605141,AVG,22,0.2914572864321608
605141,AVG,23,0.31845238095238093
605141,AVG,24,0.2643312101910828
605141,AVG,25,0.34615384615384615
605141,AVG,26,0.2948073701842546
605141,AVG,27,0.2922374429223744
605141,AVG,28,0.26394849785407726
605141,AVG,29,0.2692307692307692
605141,AVG,30,0.3065068493150685
605141,AVG,31,0.28888888888888886
605141,AVG,32,0.25806451612903225
666182,AVG,23,0.2984375
666182,AVG,24,0.2898773006134969
666182,AVG,25,0.3064798598949212
666182,AVG,26,0.22508038585209003
666182,AVG,27,0.31099656357388317
668709,AVG,24,0.16666666666666666
668709,AVG,25,0.1953125
668709,AVG,26,0.243006993006993
668709,AVG,27,0.21172638436482086
593428,AVG,21,0.23977695167286245
593428,AVG,22,0.3197389885807504
593428,AVG,23,0.294478527607362
593428,AVG,24,0.2732049036777583
593428,AVG,25,0.2884990253411306
593428,AVG,26,0.30944625407166126
593428,AVG,27,0.30049261083743845
593428,AVG,28,0.2948960302457467
593428,AVG,29,0.30700179533213645
593428,AVG,30,0.28523489932885904
593428,AVG,31,0.26401869158878505
593428,AVG,32,0.26272912423625255
664761,AVG,24,0.24736842105263157
664761,AVG,25,0.27986348122866894
664761,AVG,26,0.27419354838709675
664761,AVG,27,0.27978339350180503
664761,AVG,28,0.28663793103448276
608324,AVG,22,0.263681592039801
608324,AVG,23,0.2841726618705036
608324,AVG,24,0.28619528619528617
608324,AVG,25,0.296028880866426
608324,AVG,27,0.27011494252873564
608324,AVG,28,0.2591240875912409
608324,AVG,29,0.2620578778135048
608324,AVG,30,0.25989672977624784
608324,AVG,31,0.27251732101616627
669394,AVG,27,0.25
669394,AVG,28,0.2504672897196262
669394,AVG,29,0.23595505617977527
676475,AVG,24,0.24444444444444444
676475,AVG,25,0.2687385740402194
676475,AVG,26,0.289738430583501
683737,AVG,26,0.24798387096774194
683737,AVG,27,0.26145038167938933
671732,AVG,23,0.2621359223300971
671732,AVG,24,0.23374340949033393
621439,AVG,22,0.22483221476510068
621439,AVG,23,0.2532467532467532
621439,AVG,25,0.26199261992619927
621439,AVG,27,0.30638297872340425
621439,AVG,28,0.2235294117647059
621439,AVG,29,0.20723684210526316
621439,AVG,30,0.27887323943661974
621439,AVG,31,0.26434426229508196
676609,AVG,26,0.22077922077922077
676609,AVG,27,0.22675736961451248
676609,AVG,28,0.2356687898089172
695506,AVG,22,0.15714285714285714
691406,AVG,21,0.26411960132890366
686527,AVG,27,0.3004115226337449
605170,AVG,25,0.26639344262295084
605170,AVG,27,0.2268370607028754
605170,AVG,28,0.19852941176470587
605170,AVG,29,0.25870646766169153
605170,AVG,30,0.2693877551020408
605170,AVG,31,0.25872093023255816
681481,AVG,25,0.27751196172248804
681481,AVG,26,0.2840909090909091
681481,AVG,27,0.2517321016166282
682998,AVG,22,0.2849557522123894
682998,AVG,23,0.23089983022071306
682998,AVG,24,0.25886524822695034
650489,AVG,24,0.22033898305084745
650489,AVG,25,0.2410958904109589
650489,AVG,26,0.2569832402234637
650489,AVG,27,0.24731182795698925
650489,AVG,28,0.2263681592039801
656305,AVG,24,0.23448275862068965
656305,AVG,25,0.27787934186471663
656305,AVG,26,0.24871355060034306
656305,AVG,28,0.20982986767485823
656305,AVG,29,0.22862453531598512
656305,AVG,30,0.23968565815324164
656305,AVG,31,0.24695652173913044
656305,AVG,32,0.23127753303964757
665862,AVG,23,0.2478448275862069
665862,AVG,24,0.2535211267605634
665862,AVG,25,0.25
665862,AVG,26,0.25622775800711745
665862,AVG,27,0.24242424242424243
694192,AVG,20,0.2746212121212121
694192,AVG,21,0.26958105646630237
676391,AVG,28,0.2626728110599078
676391,AVG,29,0.27706422018348625
665019,AVG,29,0.21264367816091953
686555,AVG,27,0.26344086021505375
575929,AVG,24,0.28174603174603174
575929,AVG,25,0.27586206896551724
575929,AVG,26,0.2489451476793249
575929,AVG,27,0.2722222222222222
575929,AVG,29,0.23728813559322035
575929,AVG,30,0.24278846153846154
575929,AVG,31,0.26401869158878505
575929,AVG,32,0.26245847176079734
575929,AVG,33,0.2571428571428571
661388,AVG,24,0.27844311377245506
661388,AVG,25,0.28888888888888886
661388,AVG,26,0.280672268907563
661388,AVG,27,0.2597173144876325
681297,AVG,24,0.24248496993987975
681297,AVG,25,0.19571865443425077
641487,AVG,24,0.22608695652173913
641487,AVG,25,0.2549019607843137
641487,AVG,26,0.2730210016155089
641487,AVG,27,0.24324324324324326
641487,AVG,28,0.26591760299625467
641487,AVG,29,0.20153061224489796
641487,AVG,30,0.2649122807017544
686611,AVG,23,0.20819112627986347
630105,AVG,27,0.26631393298059963
630105,AVG,28,0.23850085178875638
630105,AVG,29,0.2292576419213974
630105,AVG,30,0.24090121317157712
630105,AVG,31,0.2458233890214797
691718,AVG,22,0.23655913978494625
691718,AVG,23,0.2470389170896785
665833,AVG,23,0.2326283987915408
665833,AVG,25,0.2587800369685767
665833,AVG,26,0.19957537154989385
680779,AVG,23,0.21333333333333335
680779,AVG,25,0.16666666666666666
682829,AVG,21,0.2345360824742268
682829,AVG,22,0.2588996763754045
682829,AVG,23,0.26391096979332274
676356,AVG,25,0.21686746987951808
646240,AVG,20,0.28378378378378377
646240,AVG,21,0.24
646240,AVG,22,0.3106646058732612
646240,AVG,23,0.2629310344827586
646240,AVG,24,0.27918781725888325
646240,AVG,25,0.2954954954954955
646240,AVG,26,0.2706896551724138
646240,AVG,27,0.2723809523809524
646240,AVG,28,0.25205930807248766
650490,AVG,27,0.2671009771986971
650490,AVG,29,0.25591397849462366
650490,AVG,30,0.2959830866807611
650490,AVG,31,0.3295238095238095
650490,AVG,32,0.28063943161634103
650490,AVG,33,0.30017152658662094
673237,AVG,24,0.28169014084507044
673237,AVG,25,0.29914529914529914
673237,AVG,26,0.2564575645756458
693307,AVG,26,0.27816091954022987
691176,AVG,22,0.2572178477690289
643289,AVG,27,0.2139917695473251
643289,AVG,28,0.278372591006424
643289,AVG,29,0.26865671641791045
643289,AVG,30,0.24119241192411925
677649,AVG,23,0.23557692307692307
677649,AVG,24,0.27586206896551724
677649,AVG,25,0.2462686567164179
677649,AVG,26,0.22439024390243903
680776,AVG,25,0.22058823529411764
680776,AVG,26,0.29518072289156627
680776,AVG,27,0.2846497764530551
680776,AVG,28,0.2564516129032258
702332,AVG,25,0.25617977528089886
669364,AVG,24,0.3283018867924528
669364,AVG,25,0.28342245989304815
663743,AVG,25,0.2304147465437788
663743,AVG,26,0.20408163265306123
663743,AVG,27,0.22727272727272727
663743,AVG,28,0.22935779816513763
664034,AVG,26,0.29071803852889666
664034,AVG,27,0.27404718693284935
664034,AVG,28,0.2504258943781942
664034,AVG,29,0.23382045929018788
664034,AVG,30,0.25675675675675674
518692,AVG,21,0.2819614711033275
518692,AVG,22,0.25925925925925924
518692,AVG,23,0.3194192377495463
518692,AVG,24,0.2883031301482702
518692,AVG,25,0.2764423076923077
518692,AVG,26,0.30220713073005095
518692,AVG,27,0.3068181818181818
518692,AVG,28,0.30906148867313915
518692,AVG,29,0.2948073701842546
518692,AVG,30,0.3411214953271028
518692,AVG,31,0.3
518692,AVG,32,0.32516339869281047
518692,AVG,33,0.33124018838304553
518692,AVG,34,0.2822878228782288
518692,AVG,35,0.2949640287769784
671289,AVG,25,0.20909090909090908
671289,AVG,26,0.28116710875331563
686217,AVG,24,0.25894736842105265
686217,AVG,25,0.2878787878787879
670770,AVG,26,0.24
670770,AVG,27,0.2786885245901639
670770,AVG,28,0.2255892255892256
670770,AVG,29,0.2607944732297064
666969,AVG,28,0.24268502581755594
666969,AVG,29,0.24958677685950414
666969,AVG,30,0.24504504504504504
666969,AVG,31,0.22413793103448276
666969,AVG,32,0.22682445759368836
671277,AVG,21,0.24152542372881355
671277,AVG,22,0.275
671277,AVG,23,0.2662192393736018
671277,AVG,24,0.282
671277,AVG,25,0.2520491803278688
672580,AVG,23,0.27155172413793105
672580,AVG,24,0.23130434782608697
672580,AVG,25,0.2857142857142857
680869,AVG,23,0.26666666666666666
680869,AVG,24,0.2112676056338028
665926,AVG,23,0.2973523421588595
665926,AVG,24,0.2513464991023339
665926,AVG,25,0.2521440823327616
665926,AVG,26,0.20972644376899696
502671,AVG,24,0.28599221789883267
502671,AVG,25,0.3023255813953488
502671,AVG,26,0.30049261083743845
502671,AVG,27,0.32098765432098764
502671,AVG,28,0.2970639032815199
502671,AVG,29,0.2974910394265233
502671,AVG,30,0.2900505902192243
502671,AVG,31,0.25963149078726966
502671,AVG,33,0.2935323383084577
502671,AVG,34,0.3172905525846702
502671,AVG,35,0.26812816188870153
502671,AVG,36,0.24540901502504173
502671,AVG,37,0.2740286298568507
693304,AVG,25,0.27019498607242337
693304,AVG,26,0.25984251968503935
696100,AVG,24,0.1895734597156398
696100,AVG,25,0.2777777777777778
669357,AVG,22,0.22614840989399293
669357,AVG,23,0.23645320197044334
669357,AVG,24,0.20273972602739726
669357,AVG,25,0.20512820512820512
682985,AVG,21,0.2526595744680851
682985,AVG,22,0.28835978835978837
682985,AVG,23,0.26171875
682985,AVG,24,0.25833333333333336
663757,AVG,23,0.25116279069767444
663757,AVG,24,0.24242424242424243
663757,AVG,25,0.18403547671840353
663757,AVG,26,0.19829424307036247
663757,AVG,28,0.23481781376518218
665489,AVG,20,0.27155172413793105
665489,AVG,21,0.26244343891402716
665489,AVG,22,0.31125827814569534
665489,AVG,23,0.274294670846395
665489,AVG,24,0.26411960132890366
665489,AVG,25,0.32305194805194803
665489,AVG,26,0.2920203735144312
666152,AVG,26,0.24829931972789115
664023,AVG,22,0.25274725274725274
664023,AVG,23,0.23255813953488372
664023,AVG,26,0.22580645161290322
664023,AVG,27,0.2705061082024433
664023,AVG,28,0.2482758620689655
664023,AVG,29,0.24253075571177504
664023,AVG,30,0.24253075571177504
547180,AVG,19,0.2701688555347092
547180,AVG,20,0.27358490566037735
547180,AVG,21,0.2727272727272727
547180,AVG,22,0.33013435700575816
547180,AVG,23,0.24308300395256918
547180,AVG,24,0.319047619047619
547180,AVG,25,0.24909090909090909
547180,AVG,26,0.2600349040139616
547180,AVG,28,0.3094262295081967
547180,AVG,29,0.2864864864864865
547180,AVG,30,0.29321663019693656
547180,AVG,31,0.28545454545454546
547180,AVG,32,0.26147704590818366
671739,AVG,21,0.2971014492753623
671739,AVG,22,0.29306930693069305
671739,AVG,23,0.2636363636363636
671739,AVG,24,0.24877250409165302
641680,AVG,26,0.19622641509433963
641680,AVG,27,0.22660098522167488
641680,AVG,28,0.25820568927789933
641680,AVG,29,0.22004357298474944
641680,AVG,30,0.21265822784810126
683002,AVG,22,0.25535714285714284
683002,AVG,23,0.28095238095238095
683002,AVG,24,0.2738301559792028
681715,AVG,25,0.265625
606192,AVG,25,0.23949579831932774
606192,AVG,26,0.2302158273381295
606192,AVG,28,0.2963636363636364
606192,AVG,29,0.2665330661322645
606192,AVG,30,0.2576
606192,AVG,31,0.27164685908319186
606192,AVG,32,0.2465753424657534
671056,AVG,24,0.30131004366812225
671056,AVG,25,0.28350515463917525
689414,AVG,26,0.2469879518072289
663538,AVG,25,0.2806652806652807
663538,AVG,26,0.2827140549273021
663538,AVG,27,0.27319587628865977
663538,AVG,28,0.29716193656093487
687462,AVG,26,0.2652439024390244
687462,AVG,27,0.27197802197802196
656555,AVG,25,0.24551971326164876
656555,AVG,26,0.22631578947368422
656555,AVG,28,0.2467866323907455
656555,AVG,29,0.2461799660441426
656555,AVG,31,0.21380846325167038
656555,AVG,32,0.23655913978494625
691781,AVG,22,0.23371647509578544
592450,AVG,25,0.28413284132841327
592450,AVG,26,0.2784503631961259
592450,AVG,27,0.2724867724867725
592450,AVG,29,0.2872727272727273
592450,AVG,30,0.3105263157894737
592450,AVG,31,0.2670299727520436
592450,AVG,32,0.3220035778175313
592450,AVG,33,0.33086876155268025
666397,AVG,24,0.26331360946745563
666397,AVG,25,0.19924812030075187
673962,AVG,25,0.26569037656903766
673962,AVG,27,0.25103734439834025
690993,AVG,22,0.2596899224806202
690993,AVG,23,0.2560386473429952
608348,AVG,24,0.24522292993630573
608348,AVG,26,0.24013157894736842
608348,AVG,27,0.2113564668769716
608348,AVG,29,0.23843416370106763
608348,AVG,30,0.24932249322493225
701762,AVG,22,0.2904761904761905
680757,AVG,24,0.2984014209591474
680757,AVG,25,0.26802507836990597
680757,AVG,26,0.2916666666666667
680757,AVG,27,0.272
669127,AVG,25,0.20535714285714285
669127,AVG,26,0.22406639004149378
669127,AVG,27,0.2765072765072765
694671,AVG,22,0.25250501002004005
694671,AVG,23,0.24130879345603273
663616,AVG,24,0.2230769230769231
663616,AVG,27,0.2591549295774648
663616,AVG,28,0.2504970178926441
686797,AVG,24,0.23613963039014374
808982,AVG,26,0.26607142857142857
668904,AVG,24,0.3087557603686636
668904,AVG,25,0.2328767123287671
668904,AVG,26,0.23670212765957446
695734,AVG,22,0.29906542056074764
596019,AVG,21,0.3128205128205128
596019,AVG,22,0.30132450331125826
596019,AVG,23,0.27342549923195086
596019,AVG,24,0.27685325264750377
596019,AVG,25,0.2842809364548495
596019,AVG,26,0.2584745762711864
596019,AVG,27,0.23008849557522124
596019,AVG,28,0.2698412698412698
596019,AVG,29,0.2541528239202658
596019,AVG,30,0.27346278317152106
596019,AVG,31,0.2670807453416149
672640,AVG,25,0.2704714640198511
672640,AVG,26,0.24632352941176472
664040,AVG,24,0.2702702702702703
664040,AVG,26,0.2467289719626168
664040,AVG,27,0.22127659574468084
664040,AVG,28,0.23076923076923078
664040,AVG,29,0.24415584415584415
664040,AVG,30,0.2564102564102564
666139,AVG,25,0.2918454935622318
666139,AVG,26,0.24079320113314448
666139,AVG,27,0.2196969696969697
663993,AVG,25,0.2639138240574506
663993,AVG,26,0.30185497470489037
663993,AVG,27,0.26163723916532905
663993,AVG,28,0.2654320987654321
663993,AVG,29,0.22777777777777777
664770,AVG,30,0.2551546391752577
592518,AVG,20,0.28335832083958024
592518,AVG,21,0.2782874617737003
592518,AVG,22,0.2859399684044234
592518,AVG,23,0.29375
592518,AVG,24,0.25873015873015875
592518,AVG,25,0.2974683544303797
592518,AVG,26,0.2555366269165247
592518,AVG,27,0.30357142857142855
592518,AVG,28,0.2783687943262411
592518,AVG,29,0.2975778546712803
592518,AVG,30,0.2578268876611418
592518,AVG,31,0.2748735244519393
592518,AVG,32,0.27479674796747966
663968,AVG,29,0.2962962962962963
700932,AVG,24,0.23404255319148937
805300,AVG,24,0.291866028708134
669016,AVG,23,0.2542372881355932
669016,AVG,24,0.24528301886792453
669016,AVG,25,0.27722772277227725
669016,AVG,26,0.24880382775119617
669016,AVG,27,0.2796833773087071
606466,AVG,21,0.2831050228310502
606466,AVG,22,0.2585812356979405
606466,AVG,23,0.2600896860986547
606466,AVG,24,0.25961538461538464
606466,AVG,25,0.3286467486818981
606466,AVG,27,0.3176470588235294
606466,AVG,28,0.23983739837398374
606466,AVG,29,0.2759226713532513
606466,AVG,30,0.2916666666666667
606466,AVG,31,0.2833333333333333
682657,AVG,23,0.2242152466367713
668885,AVG,25,0.2532188841201717
686681,AVG,25,0.22897196261682243
686681,AVG,26,0.25903614457831325
686681,AVG,27,0.24427480916030533
691723,AVG,23,0.21673003802281368
664983,AVG,24,0.2834890965732087
664983,AVG,25,0.2427536231884058
664983,AVG,26,0.2850678733031674
664983,AVG,27,0.20388349514563106
656716,AVG,28,0.23060344827586207
656716,AVG,29,0.21548821548821548
656716,AVG,30,0.2588495575221239
680574,AVG,23,0.29041095890410956
680574,AVG,25,0.2196078431372549
641857,AVG,24,0.25
641857,AVG,26,0.2537878787878788
641857,AVG,27,0.24574669187145556
641857,AVG,28,0.23963963963963963
641857,AVG,29,0.24162257495590828
641857,AVG,30,0.21414538310412573
643446,AVG,26,0.3288888888888889
643446,AVG,27,0.3176470588235294
643446,AVG,29,0.25129533678756477
643446,AVG,30,0.32645403377110693
643446,AVG,31,0.27008547008547007
643446,AVG,32,0.23820754716981132
643446,AVG,33,0.24310776942355888
678554,AVG,24,0.23333333333333334
805367,AVG,23,0.25333333333333335
701538,AVG,21,0.2924187725631769
701538,AVG,22,0.2636363636363636
655316,AVG,26,0.25886524822695034
666160,AVG,25,0.2797427652733119
666160,AVG,26,0.2193877551020408
666160,AVG,27,0.2695852534562212
695657,AVG,23,0.23921568627450981
672515,AVG,23,0.2844574780058651
672515,AVG,24,0.26557377049180325
672515,AVG,25,0.2851985559566787
656775,AVG,26,0.29069767441860467
656775,AVG,27,0.2582236842105263
656775,AVG,28,0.23267326732673269
656775,AVG,29,0.23423423423423423
656775,AVG,30,0.2160919540229885
571970,AVG,27,0.26329113924050634
571970,AVG,28,0.25051334702258726
571970,AVG,29,0.1921182266009852
571970,AVG,30,0.24949698189134809
571970,AVG,31,0.1961206896551724
571970,AVG,32,0.21161825726141079
571970,AVG,33,0.2320675105485232
571970,AVG,34,0.24281150159744408
647304,AVG,22,0.2490118577075099
647304,AVG,24,0.2532188841201717
647304,AVG,25,0.2561247216035635
647304,AVG,26,0.3075221238938053
647304,AVG,27,0.2433392539964476
647304,AVG,28,0.2946593001841621
687263,AVG,22,0.22491349480968859
687263,AVG,23,0.24907749077490776
687263,AVG,24,0.25697211155378485
607043,AVG,25,0.2632794457274827
607043,AVG,28,0.2923076923076923
607043,AVG,29,0.27413793103448275
607043,AVG,30,0.27364864864864863
607043,AVG,31,0.22416812609457093
607043,AVG,32,0.262350936967632
681393,AVG,25,0.2508038585209003
656811,AVG,25,0.1951219512195122
656811,AVG,27,0.2245762711864407
656811,AVG,29,0.28901734104046245
656811,AVG,30,0.26410835214446954
656811,AVG,31,0.2805907172995781
681351,AVG,24,0.24425887265135698
681351,AVG,25,0.2127659574468085
660271,AVG,23,0.2852760736196319
660271,AVG,24,0.2864583333333333
660271,AVG,26,0.2569832402234637
660271,AVG,27,0.27303754266211605
660271,AVG,28,0.3038229376257545
660271,AVG,29,0.30974842767295596
660271,AVG,30,0.281505728314239
621566,AVG,24,0.24655172413793103
621566,AVG,25,0.2670807453416149
621566,AVG,26,0.19523809523809524
621566,AVG,27,0.27079646017699116
621566,AVG,28,0.24025974025974026
621566,AVG,29,0.28289473684210525
621566,AVG,30,0.24666666666666667
621566,AVG,31,0.2724358974358974
687401,AVG,25,0.23863636363636365
687401,AVG,26,0.2297872340425532
542303,AVG,22,0.26545454545454544
542303,AVG,23,0.26902654867256637
542303,AVG,24,0.25925925925925924
542303,AVG,25,0.26570915619389585
542303,AVG,26,0.31158238172920066
542303,AVG,27,0.2800687285223368
542303,AVG,28,0.24123711340206186
542303,AVG,29,0.33771929824561403
542303,AVG,31,0.225531914893617
542303,AVG,32,0.27358490566037735
542303,AVG,33,0.30198019801980197
542303,AVG,34,0.23203285420944558
681624,AVG,23,0.24813895781637718
681624,AVG,24,0.2719449225473322
680700,AVG,27,0.22348484848484848
670623,AVG,23,0.2054380664652568
670623,AVG,24,0.25
670623,AVG,25,0.23800738007380073
670623,AVG,26,0.25396825396825395
686469,AVG,24,0.29457364341085274
686469,AVG,25,0.24675324675324675
686469,AVG,26,0.2620967741935484
686469,AVG,27,0.2640901771336554
592626,AVG,23,0.21041666666666667
592626,AVG,24,0.24630541871921183
592626,AVG,25,0.21245421245421245
592626,AVG,26,0.2481012658227848
592626,AVG,27,0.24888888888888888
592626,AVG,29,0.23776223776223776
592626,AVG,30,0.2736842105263158
592626,AVG,31,0.2346368715083799
592626,AVG,32,0.27520435967302453
592626,AVG,33,0.1811320754716981
665161,AVG,24,0.2533589251439539
665161,AVG,25,0.2634315424610052
665161,AVG,26,0.26578073089701
665161,AVG,27,0.30425963488843816
672724,AVG,25,0.16393442622950818
672695,AVG,22,0.19489559164733178
672695,AVG,23,0.2457002457002457
672695,AVG,24,0.27299703264094954
672695,AVG,25,0.2897822445561139
521692,AVG,22,0.30103806228373703
521692,AVG,23,0.2923387096774194
521692,AVG,24,0.25951557093425603
521692,AVG,25,0.2598870056497175
521692,AVG,26,0.24708171206225682
521692,AVG,27,0.267515923566879
521692,AVG,28,0.23529411764705882
521692,AVG,31,0.2725806451612903
521692,AVG,32,0.2539325842696629
521692,AVG,33,0.25464684014869887
521692,AVG,34,0.2711864406779661
521692,AVG,35,0.23618090452261306
678882,AVG,23,0.24632352941176472
678882,AVG,24,0.2490842490842491
663728,AVG,25,0.21081081081081082
663728,AVG,26,0.23196881091617932
663728,AVG,27,0.21978021978021978
663728,AVG,28,0.24664429530201343
670042,AVG,28,0.24929971988795518
670042,AVG,29,0.24257425742574257
608070,AVG,21,0.2616033755274262
608070,AVG,22,0.21904761904761905
608070,AVG,23,0.31150442477876106
608070,AVG,24,0.31794871794871793
608070,AVG,25,0.2698961937716263
608070,AVG,26,0.2551867219917012
608070,AVG,27,0.2922374429223744
608070,AVG,28,0.266304347826087
608070,AVG,29,0.2795341098169717
608070,AVG,30,0.281505728314239
608070,AVG,31,0.27903225806451615
608070,AVG,32,0.28330522765598654
671218,AVG,24,0.2694736842105263
671218,AVG,25,0.2564516129032258
592663,AVG,24,0.2585034013605442
592663,AVG,25,0.3025540275049116
592663,AVG,26,0.2781954887218045
592663,AVG,27,0.27672955974842767
592663,AVG,28,0.275092936802974
592663,AVG,30,0.26260504201680673
592663,AVG,31,0.2757936507936508
592663,AVG,32,0.25153374233128833
592663,AVG,33,0.2657894736842105
592663,AVG,34,0.25697211155378485
650859,AVG,22,0.23809523809523808
650859,AVG,25,0.26380368098159507
650859,AVG,26,0.2639593908629442
650859,AVG,27,0.3003533568904594
650859,AVG,28,0.2375249500998004
668804,AVG,24,0.3136456211812627
668804,AVG,26,0.3023255813953488
668804,AVG,27,0.26199261992619927
668804,AVG,28,0.26306620209059234
668804,AVG,29,0.27491961414790994
668804,AVG,30,0.2453151618398637
700250,AVG,26,0.25481798715203424
663586,AVG,22,0.22627737226277372
663586,AVG,24,0.30338983050847457
663586,AVG,25,0.2731707317073171
663586,AVG,26,0.28144654088050314
663586,AVG,27,0.2564705882352941
663586,AVG,28,0.25961538461538464
677587,AVG,23,0.206266318537859
677587,AVG,24,0.23255813953488372
677594,AVG,21,0.2837573385518591
677594,AVG,22,0.27522935779816515
677594,AVG,23,0.27336860670194
677594,AVG,24,0.2668711656441718
660688,AVG,23,0.2512690355329949
660688,AVG,24,0.26003824091778205
660688,AVG,25,0.22875816993464052
660688,AVG,26,0.24705882352941178
668939,AVG,24,0.2537688442211055
668939,AVG,25,0.27721088435374147
668939,AVG,26,0.2504378283712785
668939,AVG,27,0.2204968944099379
660821,AVG,23,0.2511013215859031
660821,AVG,24,0.21405750798722045
660821,AVG,25,0.25277777777777777
660821,AVG,26,0.25153374233128833
660821,AVG,27,0.23725055432372505
691594,AVG,22,0.24281150159744408
694384,AVG,22,0.2504816955684008
694384,AVG,23,0.26434426229508196
669477,AVG,24,0.20553359683794467
669477,AVG,26,0.23717948717948717
682177,AVG,28,0.20580474934036938
656941,AVG,22,0.24568965517241378
656941,AVG,24,0.2109004739336493
656941,AVG,25,0.2383177570093458
656941,AVG,26,0.2495274102079395
656941,AVG,28,0.2656641604010025
656941,AVG,29,0.21837088388214904
656941,AVG,30,0.19658119658119658
656941,AVG,31,0.24781849912739964
656941,AVG,32,0.24006622516556292
608369,AVG,22,0.3078149920255183
608369,AVG,23,0.2949907235621521
608369,AVG,25,0.2719836400817996
608369,AVG,26,0.30660377358490565
608369,AVG,27,0.3059490084985836
608369,AVG,28,0.24451939291736932
608369,AVG,29,0.3270440251572327
608369,AVG,30,0.27789473684210525
608369,AVG,31,0.2710526315789474
543760,AVG,23,0.23376623376623376
543760,AVG,24,0.25719424460431656
543760,AVG,25,0.23767605633802816
543760,AVG,26,0.24853801169590642
543760,AVG,27,0.254746835443038
543760,AVG,28,0.2846270928462709
543760,AVG,29,0.22274881516587677
543760,AVG,30,0.26533742331288346
543760,AVG,31,0.2480974124809741
543760,AVG,32,0.27611940298507465
543760,AVG,33,0.23692307692307693
543760,AVG,34,0.2297872340425532
657757,AVG,26,0.2413793103448276
657757,AVG,27,0.20257234726688103
657757,AVG,28,0.2328159645232816
657757,AVG,29,0.25203252032520324
802415,AVG,24,0.2946859903381642
701358,AVG,22,0.23582766439909297
642086,AVG,26,0.24439461883408073
642086,AVG,28,0.25426944971537
642086,AVG,29,0.23272727272727273
642086,AVG,30,0.28431372549019607
691016,AVG,23,0.27629233511586454
624585,AVG,23,0.26229508196721313
624585,AVG,24,0.23788546255506607
624585,AVG,26,0.2645739910313901
624585,AVG,27,0.26485568760611206
624585,AVG,29,0.22286821705426357
624585,AVG,30,0.2074074074074074
624585,AVG,31,0.25
624585,AVG,32,0.2413793103448276
624585,AVG,33,0.21505376344086022
665742,AVG,19,0.2922705314009662
665742,AVG,20,0.2822878228782288
665742,AVG,22,0.31274900398406374
665742,AVG,23,0.24236641221374045
665742,AVG,24,0.2746478873239437
665742,AVG,25,0.2881944444444444
665742,AVG,26,0.2634315424610052
543807,AVG,24,0.2305084745762712
543807,AVG,25,0.2757731958762887
543807,AVG,26,0.2608695652173913
543807,AVG,27,0.28284671532846717
543807,AVG,28,0.2647058823529412
543807,AVG,29,0.29227557411273486
543807,AVG,31,0.26421404682274247
543807,AVG,32,0.26705653021442494
543807,AVG,33,0.25774877650897227
543807,AVG,34,0.22018348623853212
543807,AVG,35,0.3092369477911647
668715,AVG,25,0.27147766323024053
668715,AVG,26,0.22473867595818817
668715,AVG,27,0.23772102161100198
663886,AVG,24,0.2857142857142857
663886,AVG,26,0.24301075268817204
663886,AVG,27,0.25820568927789933
663886,AVG,28,0.23076923076923078
681082,AVG,24,0.234192037470726
681082,AVG,25,0.28034188034188035
681082,AVG,26,0.2450592885375494
681082,AVG,27,0.2565130260521042
669065,AVG,27,0.2882205513784461
553993,AVG,22,0.24180327868852458
553993,AVG,23,0.27956989247311825
553993,AVG,24,0.24778761061946902
553993,AVG,25,0.2602996254681648
553993,AVG,26,0.2827324478178368
553993,AVG,27,0.271304347826087
553993,AVG,29,0.19801980198019803
553993,AVG,30,0.23572744014732966
553993,AVG,31,0.23244147157190637
553993,AVG,32,0.25569176882662
553993,AVG,33,0.22789115646258504
673548,AVG,27,0.2619647355163728
673548,AVG,28,0.2854368932038835
673548,AVG,29,0.283203125
673548,AVG,30,0.24518388791593695
621020,AVG,23,0.23155737704918034
621020,AVG,24,0.2384937238493724
621020,AVG,25,0.2505175983436853
621020,AVG,26,0.2742616033755274
621020,AVG,27,0.24829931972789115
621020,AVG,28,0.2765625
621020,AVG,29,0.24424778761061947
621020,AVG,30,0.24157303370786518
621020,AVG,31,0.2440677966101695
665487,AVG,20,0.31736526946107785
665487,AVG,21,0.2767857142857143
665487,AVG,22,0.2824267782426778
665487,AVG,24,0.2573913043478261
665487,AVG,25,0.27638190954773867
665487,AVG,26,0.2676767676767677
665750,AVG,23,0.2611464968152866
665750,AVG,24,0.26614481409001955
665750,AVG,25,0.22916666666666666
657041,AVG,25,0.2345132743362832
657041,AVG,26,0.24096385542168675
657041,AVG,27,0.267515923566879
657041,AVG,28,0.23728813559322035
679529,AVG,22,0.20277777777777778
679529,AVG,23,0.23267326732673269
679529,AVG,24,0.21929824561403508
679529,AVG,25,0.23978685612788633
650402,AVG,21,0.271461716937355
650402,AVG,22,0.2783882783882784
650402,AVG,24,0.25925925925925924
650402,AVG,25,0.25665399239543724
650402,AVG,26,0.27348993288590606
650402,AVG,27,0.2572402044293015
650402,AVG,28,0.2556390977443609
678662,AVG,21,0.25301204819277107
678662,AVG,22,0.2687022900763359
678662,AVG,23,0.25277777777777777
669707,AVG,26,0.21573604060913706
669707,AVG,27,0.22658610271903323
545361,AVG,20,0.32558139534883723
545361,AVG,21,0.3225806451612903
545361,AVG,22,0.287375415282392
545361,AVG,23,0.2991304347826087
545361,AVG,24,0.3151183970856102
545361,AVG,25,0.30597014925373134
545361,AVG,26,0.31210191082802546
545361,AVG,27,0.29148936170212764
545361,AVG,30,0.2831050228310502
545361,AVG,31,0.262987012987013
545361,AVG,33,0.2324561403508772
663656,AVG,23,0.2679425837320574
663656,AVG,24,0.29446640316205536
663656,AVG,25,0.25735294117647056
663656,AVG,26,0.28397212543554007
663656,AVG,27,0.2888086642599278
663656,AVG,28,0.266
668930,AVG,23,0.21782178217821782
668930,AVG,24,0.25402504472271914
668930,AVG,25,0.2876712328767123
607208,AVG,23,0.34201954397394135
607208,AVG,24,0.28398058252427183
607208,AVG,24,0.2710843373493976
607208,AVG,25,0.29750479846449135
607208,AVG,27,0.33476394849785407
607208,AVG,28,0.3277310924369748
607208,AVG,28,0.29754601226993865
607208,AVG,29,0.26604068857589985
607208,AVG,31,0.29504950495049503
607208,AVG,32,0.30390492359932086
545121,AVG,27,0.26865671641791045
545121,AVG,30,0.2631578947368421
545121,AVG,31,0.25190839694656486
545121,AVG,32,0.24632352941176472
678246,AVG,23,0.1953125
678246,AVG,24,0.15048543689320387
678246,AVG,25,0.23412698412698413
662139,AVG,24,0.24647887323943662
662139,AVG,25,0.23540489642184556
662139,AVG,26,0.22011385199240988
662139,AVG,27,0.21350762527233116
662139,AVG,28,0.23790322580645162
668901,AVG,23,0.21100917431192662
668901,AVG,24,0.26634382566585957
668901,AVG,25,0.23349056603773585
663837,AVG,25,0.24615384615384617
663837,AVG,26,0.2609603340292276
663837,AVG,27,0.25675675675675674
572233,AVG,28,0.2589792060491493
572233,AVG,29,0.2706422018348624
572233,AVG,30,0.24438902743142144
572233,AVG,31,0.241852487135506
572233,AVG,32,0.25773195876288657
572233,AVG,33,0.25052192066805845
572233,AVG,34,0.2376068376068376
691023,AVG,21,0.2761904761904762
691023,AVG,23,0.21487603305785125
670764,AVG,25,0.171990171990172
670764,AVG,26,0.20132013201320131
670764,AVG,27,0.1834862385321101
670764,AVG,28,0.2198581560283688
621493,AVG,27,0.25
621493,AVG,28,0.2808080808080808
621493,AVG,29,0.25280898876404495
621493,AVG,30,0.24615384615384617
621493,AVG,31,0.22797927461139897
669224,AVG,24,0.2288135593220339
669224,AVG,25,0.2194513715710723
810938,AVG,24,0.2527075812274368
805779,AVG,23,0.31069958847736623
691026,AVG,22,0.2674616695059625
691026,AVG,23,0.2525458248472505
677951,AVG,22,0.25380710659898476
677951,AVG,23,0.27613104524180965
677951,AVG,24,0.33176100628930816
677951,AVG,25,0.2953451043338684
695578,AVG,21,0.26440677966101694
695578,AVG,22,0.25585284280936454
573262,AVG,28,0.2722371967654987
573262,AVG,30,0.22435897435897437
573262,AVG,31,0.21443298969072164
573262,AVG,32,0.23333333333333334
573262,AVG,33,0.23130841121495327
573262,AVG,34,0.23270440251572327
592885,AVG,21,0.2875
592885,AVG,22,0.28350515463917525
592885,AVG,23,0.3004201680672269
592885,AVG,24,0.2975778546712803
592885,AVG,25,0.2823920265780731
592885,AVG,26,0.32578397212543553
592885,AVG,27,0.3292433537832311
592885,AVG,28,0.205
592885,AVG,29,0.24812030075187969
592885,AVG,30,0.25217391304347825
592885,AVG,31,0.2781818181818182
592885,AVG,32,0.3148148148148148
592885,AVG,33,0.26352530541012215
807799,AVG,29,0.2886405959031657
807799,AVG,30,0.2804232804232804
702284,AVG,21,0.21076233183856502
696285,AVG,24,0.2564102564102564
696285,AVG,25,0.23148148148148148
682928,OBP,21,0.28
682928,OBP,22,0.2995090016366612
682928,OBP,23,0.3144758735440932
682928,OBP,24,0.31545741324921134
677800,OBP,25,0.3221476510067114
677800,OBP,26,0.3173076923076923
660670,OBP,20,0.3655030800821355
660670,OBP,21,0.3651685393258427
660670,OBP,23,0.39444444444444443
660670,OBP,24,0.350844277673546
660670,OBP,25,0.4163265306122449
660670,OBP,27,0.4174757281553398
642715,OBP,22,0.34782608695652173
642715,OBP,23,0.31669535283993117
642715,OBP,25,0.33693693693693694
642715,OBP,26,0.29821717990275526
642715,OBP,27,0.30974842767295596
642715,OBP,28,0.3313953488372093
642715,OBP,29,0.3182481751824818
666176,OBP,23,0.2640845070422535
666176,OBP,25,0.28
666176,OBP,26,0.2929824561403509
645277,OBP,20,0.35390946502057613
645277,OBP,21,0.30453879941434847
645277,OBP,22,0.35185185185185186
645277,OBP,24,0.3104956268221574
645277,OBP,25,0.2936802973977695
645277,OBP,26,0.33586626139817627
645277,OBP,27,0.30344827586206896
645277,OBP,28,0.3058470764617691
677942,OBP,26,0.3231939163498099
624413,OBP,24,0.3578643578643579
624413,OBP,25,0.3263598326359833
624413,OBP,26,0.34379905808477235
624413,OBP,27,0.3518248175182482
624413,OBP,28,0.31762917933130697
624413,OBP,29,0.3294964028776978
624413,OBP,30,0.3469675599435825
514888,OBP,21,0.29694323144104806
514888,OBP,22,0.3402555910543131
514888,OBP,23,0.3158682634730539
514888,OBP,24,0.37677053824362605
514888,OBP,25,0.35276967930029157
514888,OBP,26,0.3963585434173669
514888,OBP,27,0.40998487140695916
514888,OBP,28,0.3859060402684564
514888,OBP,29,0.35283363802559414
514888,OBP,31,0.3500738552437223
514888,OBP,32,0.38741721854304634
514888,OBP,33,0.3926829268292683
514888,OBP,34,0.35043988269794724
514888,OBP,35,0.32924961715160794
682626,OBP,21,0.28368794326241137
682626,OBP,22,0.30701754385964913
682626,OBP,23,0.33935018050541516
670541,OBP,22,0.41192411924119243
670541,OBP,24,0.34615384615384615
670541,OBP,25,0.40641711229946526
670541,OBP,26,0.40725806451612906
670541,OBP,27,0.3921259842519685
609280,OBP,23,0.32838283828382836
609280,OBP,29,0.31974921630094044
609280,OBP,30,0.3519061583577713
666018,OBP,27,0.3933649289099526
571448,OBP,22,0.30078125
571448,OBP,23,0.3283261802575107
571448,OBP,24,0.3233082706766917
571448,OBP,25,0.3620689655172414
571448,OBP,26,0.37315634218289084
571448,OBP,27,0.37351190476190477
571448,OBP,28,0.37915407854984895
571448,OBP,30,0.3124042879019908
571448,OBP,31,0.3580645161290323
571448,OBP,32,0.315359477124183
571448,OBP,33,0.3249211356466877
571448,OBP,34,0.2889908256880734
668227,OBP,26,0.35596026490066224
668227,OBP,27,0.3271317829457364
668227,OBP,28,0.363914373088685
668227,OBP,29,0.3317901234567901
668227,OBP,30,0.3342736248236953
650333,OBP,22,0.3989071038251366
650333,OBP,24,0.3569937369519833
650333,OBP,25,0.3747927031509121
650333,OBP,26,0.39285714285714285
650333,OBP,27,0.34626865671641793
650333,OBP,28,0.3273001508295626
672275,OBP,24,0.2849002849002849
672275,OBP,25,0.2975391498881432
672275,OBP,26,0.2767857142857143
686948,OBP,24,0.34080717488789236
683146,OBP,23,0.2753246753246753
683146,OBP,25,0.31322505800464034
641343,OBP,22,0.3160621761658031
641343,OBP,23,0.3120567375886525
641343,OBP,25,0.2898089171974522
641343,OBP,27,0.27941176470588236
641343,OBP,28,0.30057803468208094
641355,OBP,21,0.3521897810218978
641355,OBP,22,0.34335443037974683
641355,OBP,23,0.40606060606060607
641355,OBP,24,0.3333333333333333
641355,OBP,25,0.24
641355,OBP,26,0.26545454545454544
641355,OBP,27,0.35611510791366907
641355,OBP,28,0.3251318101933216
641355,OBP,29,0.33384146341463417
605137,OBP,24,0.3338709677419355
605137,OBP,25,0.3567753001715266
605137,OBP,26,0.367047308319739
605137,OBP,28,0.34683098591549294
605137,OBP,29,0.36180124223602483
605137,OBP,30,0.3252032520325203
605137,OBP,31,0.3193979933110368
605137,OBP,32,0.324577861163227
643217,OBP,22,0.3515981735159817
643217,OBP,23,0.36570561456752654
643217,OBP,24,0.3431372549019608
643217,OBP,26,0.3240223463687151
643217,OBP,27,0.3730769230769231
643217,OBP,28,0.3258064516129032
643217,OBP,29,0.289272030651341
643217,OBP,30,0.3070362473347548
605141,OBP,22,0.34101382488479265
605141,OBP,23,0.363013698630137
605141,OBP,24,0.3441011235955056
605141,OBP,25,0.4381107491856677
605141,OBP,26,0.3909348441926346
605141,OBP,27,0.36585365853658536
605141,OBP,28,0.36727272727272725
605141,OBP,29,0.3395931142410016
605141,OBP,30,0.4083694083694084
605141,OBP,31,0.37209302325581395
605141,OBP,32,0.3257918552036199
666182,OBP,23,0.34347826086956523
666182,OBP,24,0.3328550932568149
666182,OBP,25,0.33943427620632277
666182,OBP,26,0.2767857142857143
666182,OBP,27,0.35668789808917195
668709,OBP,24,0.2773109243697479
668709,OBP,25,0.3102310231023102
668709,OBP,26,0.3244929797191888
668709,OBP,27,0.2936046511627907
593428,OBP,21,0.2972972972972973
593428,OBP,22,0.3548387096774194
593428,OBP,23,0.3560500695410292
593428,OBP,24,0.34330708661417325
593428,OBP,25,0.3603448275862069
593428,OBP,26,0.3839541547277937
593428,OBP,27,0.36444444444444446
593428,OBP,28,0.36981757877280264
593428,OBP,29,0.37717908082408874
593428,OBP,30,0.35037593984962406
593428,OBP,31,0.30669546436285094
593428,OBP,32,0.32849364791288566
664761,OBP,24,0.30455635491606714
664761,OBP,25,0.3153724247226624
664761,OBP,26,0.32733224222585927
664761,OBP,27,0.3316831683168317
664761,OBP,28,0.33134920634920634
608324,OBP,22,0.31336405529953915
608324,OBP,23,0.352
608324,OBP,24,0.3943262411347518
608324,OBP,25,0.42318840579710143
608324,OBP,27,0.355
608324,OBP,28,0.36585365853658536
608324,OBP,29,0.3632596685082873
608324,OBP,30,0.31545741324921134
608324,OBP,31,0.3595959595959596
669394,OBP,27,0.30925925925925923
669394,OBP,28,0.3005181347150259
669394,OBP,29,0.26861702127659576
676475,OBP,24,0.30029154518950435
676475,OBP,25,0.3141891891891892
676475,OBP,26,0.3425414364640884
683737,OBP,26,0.3350970017636684
683737,OBP,27,0.34290540540540543
671732,OBP,23,0.3170731707317073
671732,OBP,24,0.3057324840764331
621439,OBP,22,0.28440366972477066
621439,OBP,23,0.3142292490118577
621439,OBP,25,0.31399317406143346
621439,OBP,27,0.35826771653543305
621439,OBP,28,0.306282722513089
621439,OBP,29,0.29394812680115273
621439,OBP,30,0.33505154639175255
621439,OBP,31,0.32656826568265684
676609,OBP,26,0.34285714285714286
676609,OBP,27,0.2833333333333333
676609,OBP,28,0.33879781420765026
695506,OBP,22,0.23706896551724138
691406,OBP,21,0.3108728943338438
686527,OBP,27,0.3582089552238806
605170,OBP,25,0.34767025089605735
605170,OBP,27,0.3089887640449438
605170,OBP,28,0.3003194888178914
605170,OBP,29,0.3274336283185841
605170,OBP,30,0.3357664233576642
605170,OBP,31,0.3238341968911917
681481,OBP,25,0.33986928104575165
681481,OBP,26,0.3447098976109215
681481,OBP,27,0.29130434782608694
682998,OBP,22,0.3615023474178404
682998,OBP,23,0.32158590308370044
682998,OBP,24,0.3426791277258567
650489,OBP,24,0.27293064876957496
650489,OBP,25,0.28388746803069054
650489,OBP,26,0.33906633906633904
650489,OBP,27,0.3312302839116719
650489,OBP,28,0.31346578366445915
656305,OBP,24,0.3128834355828221
656305,OBP,25,0.3555194805194805
656305,OBP,26,0.3417910447761194
656305,OBP,28,0.3135048231511254
656305,OBP,29,0.32367149758454106
656305,OBP,30,0.3304647160068847
656305,OBP,31,0.3276661514683153
656305,OBP,32,0.3401869158878505
665862,OBP,23,0.30297029702970296
665862,OBP,24,0.325
665862,OBP,25,0.3036649214659686
665862,OBP,26,0.32367149758454106
665862,OBP,27,0.3320754716981132
694192,OBP,20,0.3269230769230769
694192,OBP,21,0.3078231292517007
676391,OBP,28,0.28444444444444444
676391,OBP,29,0.3132530120481928
665019,OBP,29,0.28125
686555,OBP,27,0.3675799086757991
575929,OBP,24,0.3568904593639576
575929,OBP,25,0.3559718969555035
575929,OBP,26,0.33948339483394835
575929,OBP,27,0.3545232273838631
575929,OBP,29,0.33954451345755693
575929,OBP,30,0.3490759753593429
575929,OBP,31,0.3582995951417004
575929,OBP,32,0.37988826815642457
575929,OBP,33,0.34402852049910876
661388,OBP,24,0.3537234042553192
661388,OBP,25,0.36721311475409835
661388,OBP,26,0.36524300441826213
661388,OBP,27,0.3550834597875569
681297,OBP,24,0.32085561497326204
681297,OBP,25,0.26944444444444443
641487,OBP,24,0.31297709923664124
641487,OBP,25,0.33620689655172414
641487,OBP,26,0.33819241982507287
641487,OBP,27,0.33943427620632277
641487,OBP,28,0.3795275590551181
641487,OBP,29,0.30376940133037694
641487,OBP,30,0.35185185185185186
686611,OBP,23,0.2795031055900621
630105,OBP,27,0.3401574803149606
630105,OBP,28,0.33186490455212925
630105,OBP,29,0.31153846153846154
630105,OBP,30,0.3236196319018405
630105,OBP,31,0.36666666666666664
691718,OBP,22,0.2860696517412935
691718,OBP,23,0.2870514820592824
665833,OBP,23,0.29362880886426596
665833,OBP,25,0.32387312186978295
665833,OBP,26,0.2977941176470588
680779,OBP,23,0.30196078431372547
680779,OBP,25,0.23381294964028776
682829,OBP,21,0.3004694835680751
682829,OBP,22,0.33861671469740634
682829,OBP,23,0.3361945636623748
676356,OBP,25,0.2777777777777778
646240,OBP,20,0.3375
646240,OBP,21,0.2979591836734694
646240,OBP,22,0.3609129814550642
646240,OBP,23,0.31048387096774194
646240,OBP,24,0.35240963855421686
646240,OBP,25,0.3583061889250814
646240,OBP,26,0.35060975609756095
646240,OBP,27,0.3544093178036606
646240,OBP,28,0.3717421124828532
650490,OBP,27,0.3400576368876081
650490,OBP,29,0.35304990757855825
650490,OBP,30,0.4014336917562724
650490,OBP,31,0.41
650490,OBP,32,0.3413848631239936
650490,OBP,33,0.3655913978494624
673237,OBP,24,0.3076923076923077
673237,OBP,25,0.3247172859450727
673237,OBP,26,0.2839506172839506
693307,OBP,26,0.3269230769230769
691176,OBP,22,0.331002331002331
643289,OBP,27,0.25190839694656486
643289,OBP,28,0.3089430894308943
643289,OBP,29,0.2964705882352941
643289,OBP,30,0.28860759493670884
677649,OBP,23,0.2772727272727273
677649,OBP,24,0.3242009132420091
677649,OBP,25,0.28771929824561404
677649,OBP,26,0.26605504587155965
680776,OBP,25,0.2825112107623318
680776,OBP,26,0.3462603878116344
680776,OBP,27,0.3419618528610354
680776,OBP,28,0.33237410071942447
702332,OBP,25,0.33399602385685884
669364,OBP,24,0.3973509933774834
669364,OBP,25,0.3425324675324675
663743,OBP,25,0.30416666666666664
663743,OBP,26,0.2625
663743,OBP,27,0.25914634146341464
663743,OBP,28,0.29583333333333334
664034,OBP,26,0.3676923076923077
664034,OBP,27,0.3382352941176471
664034,OBP,28,0.3368421052631579
664034,OBP,29,0.30467289719626167
664034,OBP,30,0.32040816326530613
518692,OBP,21,0.3464566929133858
518692,OBP,22,0.3403225806451613
518692,OBP,23,0.3958664546899841
518692,OBP,24,0.3855932203389831
518692,OBP,25,0.3700623700623701
518692,OBP,26,0.3997113997113997
518692,OBP,27,0.4027237354085603
518692,OBP,28,0.38755304101838756
518692,OBP,29,0.38872832369942195
518692,OBP,30,0.4618320610687023
518692,OBP,31,0.39280575539568346
518692,OBP,32,0.4067796610169492
518692,OBP,33,0.4095890410958904
518692,OBP,34,0.3777429467084639
518692,OBP,35,0.3668261562998405
671289,OBP,25,0.30526315789473685
671289,OBP,26,0.3544600938967136
686217,OBP,24,0.3198458574181118
686217,OBP,25,0.35093696763202725
670770,OBP,26,0.313953488372093
670770,OBP,27,0.3521897810218978
670770,OBP,28,0.30973451327433627
670770,OBP,29,0.3641703377386197
666969,OBP,28,0.2861736334405145
666969,OBP,29,0.2998477929984779
666969,OBP,30,0.3275316455696203
666969,OBP,31,0.28414442700156983
666969,OBP,32,0.27056672760511885
671277,OBP,21,0.27530364372469635
671277,OBP,22,0.29521276595744683
671277,OBP,23,0.30353430353430355
671277,OBP,24,0.3181818181818182
671277,OBP,25,0.2889733840304182
672580,OBP,23,0.3229571984435798
672580,OBP,24,0.28135048231511256
672580,OBP,25,0.3514328808446455
680869,OBP,23,0.33666666666666667
680869,OBP,24,0.2702205882352941
665926,OBP,23,0.3707052441229656
665926,OBP,24,0.3137254901960784
665926,OBP,25,0.2984126984126984
665926,OBP,26,0.28532608695652173
502671,OBP,24,0.3594548551959114
502671,OBP,25,0.4005641748942172
502671,OBP,26,0.3957894736842105
502671,OBP,27,0.43515850144092216
502671,OBP,28,0.41051136363636365
502671,OBP,29,0.4036144578313253
502671,OBP,30,0.3889695210449927
502671,OBP,31,0.34558823529411764
502671,OBP,33,0.36524300441826213
502671,OBP,34,0.4036979969183359
502671,OBP,35,0.3629737609329446
502671,OBP,36,0.30153846153846153
502671,OBP,37,0.327683615819209
693304,OBP,25,0.31088082901554404
693304,OBP,26,0.29901960784313725
696100,OBP,24,0.22767857142857142
696100,OBP,25,0.3229706390328152
669357,OBP,22,0.3003194888178914
669357,OBP,23,0.3275862068965517
669357,OBP,24,0.27114427860696516
669357,OBP,25,0.2960199004975124
682985,OBP,21,0.32057416267942584
682985,OBP,22,0.3485576923076923
682985,OBP,23,0.3481989708404803
682985,OBP,24,0.31297709923664124
663757,OBP,23,0.352
663757,OBP,24,0.3269961977186312
663757,OBP,25,0.28433268858800775
663757,OBP,26,0.3145454545454546
663757,OBP,28,0.3476764199655766
665489,OBP,20,0.33852140077821014
665489,OBP,21,0.3292181069958848
665489,OBP,22,0.40114613180515757
665489,OBP,23,0.3385269121813031
665489,OBP,24,0.34457478005865105
665489,OBP,25,0.39598278335724535
665489,OBP,26,0.38088235294117645
666152,OBP,26,0.3028391167192429
664023,OBP,22,0.3284671532846715
664023,OBP,23,0.3528138528138528
664023,OBP,26,0.3227016885553471
664023,OBP,27,0.3416536661466459
664023,OBP,28,0.36034732272069464
664023,OBP,29,0.3409436834094368
664023,OBP,30,0.34238310708898945
547180,OBP,19,0.3400673400673401
547180,OBP,20,0.3684210526315789
547180,OBP,21,0.34438775510204084
547180,OBP,22,0.4602446483180428
547180,OBP,23,0.37320574162679426
547180,OBP,24,0.41260162601626016
547180,OBP,25,0.39280575539568346
547180,OBP,26,0.3724340175953079
547180,OBP,28,0.4288107202680067
547180,OBP,29,0.36384976525821594
547180,OBP,30,0.4010989010989011
547180,OBP,31,0.373015873015873
547180,OBP,32,0.3568965517241379
671739,OBP,21,0.3386363636363636
671739,OBP,22,0.3308550185873606
671739,OBP,23,0.30425531914893617
671739,OBP,24,0.2684458398744113
641680,OBP,26,0.23943661971830985
641680,OBP,27,0.29777777777777775
641680,OBP,28,0.31736526946107785
641680,OBP,29,0.2668024439918534
641680,OBP,30,0.2708333333333333
683002,OBP,22,0.3247588424437299
683002,OBP,23,0.36439499304589706
683002,OBP,24,0.3486943164362519
681715,OBP,25,0.3469387755102041
606192,OBP,25,0.30210325047801145
606192,OBP,26,0.30603448275862066
606192,OBP,28,0.346218487394958
606192,OBP,29,0.31588785046728973
606192,OBP,30,0.3053097345132743
606192,OBP,31,0.33947772657450076
606192,OBP,32,0.28440366972477066
671056,OBP,24,0.37209302325581395
671056,OBP,25,0.37333333333333335
689414,OBP,26,0.3462532299741602
663538,OBP,25,0.32688588007736946
663538,OBP,26,0.34643377001455605
663538,OBP,27,0.33541341653666146
663538,OBP,28,0.34514637904468415
687462,OBP,26,0.3569553805774278
687462,OBP,27,0.35279805352798055
656555,OBP,25,0.3535660091047041
656555,OBP,26,0.36415362731152207
656555,OBP,28,0.3340857787810384
656555,OBP,29,0.3323397913561848
656555,OBP,31,0.3029126213592233
656555,OBP,32,0.3323170731707317
691781,OBP,22,0.2518248175182482
592450,OBP,25,0.4218289085545723
592450,OBP,26,0.39156626506024095
592450,OBP,27,0.3811659192825112
592450,OBP,29,0.37282780410742494
592450,OBP,30,0.42485549132947975
592450,OBP,31,0.40611353711790393
592450,OBP,32,0.45803698435277385
592450,OBP,33,0.4565537555228277
666397,OBP,24,0.3808353808353808
666397,OBP,25,0.292358803986711
673962,OBP,25,0.3145631067961165
673962,OBP,27,0.29354207436399216
690993,OBP,22,0.30935251798561153
690993,OBP,23,0.3333333333333333
608348,OBP,24,0.34794520547945207
608348,OBP,26,0.3426183844011142
608348,OBP,27,0.2824858757062147
608348,OBP,29,0.31309904153354634
608348,OBP,30,0.332541567695962
701762,OBP,22,0.3831967213114754
680757,OBP,24,0.37264150943396224
680757,OBP,25,0.3403068340306834
680757,OBP,26,0.3680297397769517
680757,OBP,27,0.33043478260869563
669127,OBP,25,0.26789366053169733
669127,OBP,26,0.2883895131086142
669127,OBP,27,0.32504780114722753
694671,OBP,22,0.3249551166965889
694671,OBP,23,0.343804537521815
663616,OBP,24,0.3222591362126246
663616,OBP,27,0.3375
663616,OBP,28,0.32332155477031804
686797,OBP,24,0.2846299810246679
808982,OBP,26,0.3273905996758509
668904,OBP,24,0.3723849372384937
668904,OBP,25,0.2953846153846154
668904,OBP,26,0.28287841191067
695734,OBP,22,0.3467048710601719
596019,OBP,21,0.35294117647058826
596019,OBP,22,0.35829662261380324
596019,OBP,23,0.3370473537604457
596019,OBP,24,0.35175202156334234
596019,OBP,25,0.33537519142419603
596019,OBP,26,0.33458646616541354
596019,OBP,27,0.3223938223938224
596019,OBP,28,0.3385269121813031
596019,OBP,29,0.33624454148471616
596019,OBP,30,0.3439767779390421
596019,OBP,31,0.34562841530054644
672640,OBP,25,0.31322505800464034
672640,OBP,26,0.3047138047138047
664040,OBP,24,0.3363914373088685
664040,OBP,26,0.33983739837398375
664040,OBP,27,0.3082706766917293
664040,OBP,28,0.32798165137614677
664040,OBP,29,0.31058823529411766
664040,OBP,30,0.3074141048824593
666139,OBP,25,0.33532934131736525
666139,OBP,26,0.3023255813953488
666139,OBP,27,0.2834101382488479
663993,OBP,25,0.35669781931464173
663993,OBP,26,0.3581395348837209
663993,OBP,27,0.36049723756906077
663993,OBP,28,0.36106194690265486
663993,OBP,29,0.3070607553366174
664770,OBP,30,0.3225058004640371
592518,OBP,20,0.31383737517831667
592518,OBP,21,0.32386363636363635
592518,OBP,22,0.35864978902953587
592518,OBP,23,0.34339080459770116
592518,OBP,24,0.3101449275362319
592518,OBP,25,0.36671368124118475
592518,OBP,26,0.33434190620272314
592518,OBP,27,0.3700787401574803
592518,OBP,28,0.346875
592518,OBP,29,0.36645962732919257
592518,OBP,30,0.3194675540765391
592518,OBP,31,0.3250388802488336
592518,OBP,32,0.33480825958702065
663968,OBP,29,0.33021077283372363
700932,OBP,24,0.3126177024482109
805300,OBP,24,0.36324786324786323
669016,OBP,23,0.3166023166023166
669016,OBP,24,0.29475982532751094
669016,OBP,25,0.37154989384288745
669016,OBP,26,0.32842105263157895
669016,OBP,27,0.342042755344418
606466,OBP,21,0.3510204081632653
606466,OBP,22,0.28725701943844495
606466,OBP,23,0.34509803921568627
606466,OBP,24,0.3316062176165803
606466,OBP,25,0.3885350318471338
606466,OBP,27,0.3770053475935829
606466,OBP,28,0.3207885304659498
606466,OBP,29,0.35846153846153844
606466,OBP,30,0.37221269296740994
606466,OBP,31,0.37589928057553956
682657,OBP,23,0.26931106471816285
668885,OBP,25,0.3176470588235294
686681,OBP,25,0.27391304347826084
686681,OBP,26,0.2937853107344633
686681,OBP,27,0.26811594202898553
691723,OBP,23,0.29931972789115646
664983,OBP,24,0.3418803418803419
664983,OBP,25,0.3181818181818182
664983,OBP,26,0.3489795918367347
664983,OBP,27,0.2465753424657534
656716,OBP,28,0.3023255813953488
656716,OBP,29,0.27692307692307694
656716,OBP,30,0.3333333333333333
680574,OBP,23,0.3573200992555831
680574,OBP,25,0.29965156794425085
641857,OBP,24,0.32899628252788105
641857,OBP,26,0.33053691275167785
641857,OBP,27,0.32663316582914576
641857,OBP,28,0.32216905901116427
641857,OBP,29,0.3250388802488336
641857,OBP,30,0.3122866894197952
643446,OBP,26,0.38114754098360654
643446,OBP,27,0.3844797178130511
643446,OBP,29,0.3192488262910798
643446,OBP,30,0.38200339558573854
643446,OBP,31,0.3333333333333333
643446,OBP,32,0.3078556263269639
643446,OBP,33,0.3347826086956522
678554,OBP,24,0.29924242424242425
805367,OBP,23,0.3286852589641434
701538,OBP,21,0.32597623089983024
701538,OBP,22,0.31742738589211617
655316,OBP,26,0.33015873015873015
666160,OBP,25,0.3065015479876161
666160,OBP,26,0.26555023923444976
666160,OBP,27,0.30585683297180044
695657,OBP,23,0.31095406360424027
672515,OBP,23,0.3394736842105263
672515,OBP,24,0.35327635327635326
672515,OBP,25,0.35275080906148865
656775,OBP,26,0.35958395245170877
656775,OBP,27,0.3183856502242152
656775,OBP,28,0.3053097345132743
656775,OBP,29,0.3048780487804878
656775,OBP,30,0.298989898989899
571970,OBP,27,0.3908523908523909
571970,OBP,28,0.3735144312393888
571970,OBP,29,0.33064516129032256
571970,OBP,30,0.36824324324324326
571970,OBP,31,0.3292035398230089
571970,OBP,32,0.3333333333333333
571970,OBP,33,0.3583617747440273
571970,OBP,34,0.37628865979381443
647304,OBP,22,0.3154121863799283
647304,OBP,24,0.30120481927710846
647304,OBP,25,0.3192771084337349
647304,OBP,26,0.35353535353535354
647304,OBP,27,0.31962025316455694
647304,OBP,28,0.35333333333333333
687263,OBP,22,0.3079268292682927
687263,OBP,23,0.3177257525083612
687263,OBP,24,0.3188405797101449
607043,OBP,25,0.40373831775700936
607043,OBP,28,0.4010416666666667
607043,OBP,29,0.36716417910447763
607043,OBP,30,0.36270190895741555
607043,OBP,31,0.3273001508295626
607043,OBP,32,0.3241167434715822
681393,OBP,25,0.2997032640949555
656811,OBP,25,0.2810810810810811
656811,OBP,27,0.2677165354330709
656811,OBP,29,0.3215258855585831
656811,OBP,30,0.3340080971659919
656811,OBP,31,0.36580882352941174
681351,OBP,24,0.30326295585412666
681351,OBP,25,0.2577777777777778
660271,OBP,23,0.36065573770491804
660271,OBP,24,0.34278959810874704
660271,OBP,26,0.37245696400625977
660271,OBP,27,0.35585585585585583
660271,OBP,28,0.41245791245791247
660271,OBP,29,0.3901098901098901
660271,OBP,30,0.3917241379310345
621566,OBP,24,0.33484848484848484
621566,OBP,25,0.3510054844606947
621566,OBP,26,0.31020408163265306
621566,OBP,27,0.37147102526002973
621566,OBP,28,0.32474964234620884
621566,OBP,29,0.3888888888888889
621566,OBP,30,0.33284671532846716
621566,OBP,31,0.3660220994475138
687401,OBP,25,0.328740157480315
687401,OBP,26,0.276
542303,OBP,22,0.30344827586206896
542303,OBP,23,0.31699346405228757
542303,OBP,24,0.3076923076923077
542303,OBP,25,0.3207236842105263
542303,OBP,26,0.3755522827687776
542303,OBP,27,0.3253588516746411
542303,OBP,28,0.32786885245901637
542303,OBP,29,0.4307116104868914
542303,OBP,31,0.27416173570019725
542303,OBP,32,0.34628378378378377
542303,OBP,33,0.3784570596797671
542303,OBP,34,0.3553299492385787
681624,OBP,23,0.3054298642533937
681624,OBP,24,0.3125
680700,OBP,27,0.346031746031746
670623,OBP,23,0.30446194225721784
670623,OBP,24,0.3520140105078809
670623,OBP,25,0.3463338533541342
670623,OBP,26,0.3515981735159817
686469,OBP,24,0.3825503355704698
686469,OBP,25,0.32432432432432434
686469,OBP,26,0.31464737793851716
686469,OBP,27,0.3225806451612903
592626,OBP,23,0.346483704974271
592626,OBP,24,0.35157894736842105
592626,OBP,25,0.33126934984520123
592626,OBP,26,0.3212669683257919
592626,OBP,27,0.33852140077821014
592626,OBP,29,0.3097713097713098
592626,OBP,30,0.3533487297921478
592626,OBP,31,0.34823529411764703
592626,OBP,32,0.3927765237020316
592626,OBP,33,0.28524590163934427
665161,OBP,24,0.2888086642599278
665161,OBP,25,0.3238095238095238
665161,OBP,26,0.3075734157650695
665161,OBP,27,0.3634686346863469
672724,OBP,25,0.22348484848484848
672695,OBP,22,0.2848360655737705
672695,OBP,23,0.35343035343035345
672695,OBP,24,0.3438320209973753
672695,OBP,25,0.3890449438202247
521692,OBP,22,0.32786885245901637
521692,OBP,23,0.3231939163498099
521692,OBP,24,0.2887788778877888
521692,OBP,25,0.28028933092224234
521692,OBP,26,0.2875457875457875
521692,OBP,27,0.2971887550200803
521692,OBP,28,0.27389705882352944
521692,OBP,31,0.3157894736842105
521692,OBP,32,0.2917547568710359
521692,OBP,33,0.29238754325259514
521692,OBP,34,0.3302611367127496
521692,OBP,35,0.2836990595611285
678882,OBP,23,0.2741652021089631
678882,OBP,24,0.2945205479452055
663728,OBP,25,0.28433734939759037
663728,OBP,26,0.30579964850615116
663728,OBP,27,0.31210191082802546
663728,OBP,28,0.3588652482269504
670042,OBP,28,0.3333333333333333
670042,OBP,29,0.3200883002207506
608070,OBP,21,0.30039525691699603
608070,OBP,22,0.2914285714285714
608070,OBP,23,0.36304700162074555
608070,OBP,24,0.3736434108527132
608070,OBP,25,0.3868194842406877
608070,OBP,26,0.32656826568265684
608070,OBP,27,0.3858267716535433
608070,OBP,28,0.3553459119496855
608070,OBP,29,0.35474452554744523
608070,OBP,30,0.35600578871201155
608070,OBP,31,0.33480176211453744
608070,OBP,32,0.3601190476190476
671218,OBP,24,0.3223938223938224
671218,OBP,25,0.32805755395683456
592663,OBP,24,0.28969957081545067
592663,OBP,25,0.3431192660550459
592663,OBP,26,0.3316062176165803
592663,OBP,27,0.34026465028355385
592663,OBP,28,0.3277027027027027
592663,OBP,30,0.3426443202979516
592663,OBP,31,0.3416370106761566
592663,OBP,32,0.3104089219330855
592663,OBP,33,0.3220338983050847
592663,OBP,34,0.3151183970856102
650859,OBP,22,0.32098765432098764
650859,OBP,25,0.29411764705882354
650859,OBP,26,0.3393258426966292
650859,OBP,27,0.3465346534653465
650859,OBP,28,0.28703703703703703
668804,OBP,24,0.3772893772893773
668804,OBP,26,0.39009287925696595
668804,OBP,27,0.34527687296416937
668804,OBP,28,0.3296875
668804,OBP,29,0.3439306358381503
668804,OBP,30,0.3180428134556575
700250,OBP,26,0.3371212121212121
663586,OBP,22,0.27946127946127947
663586,OBP,24,0.36706948640483383
663586,OBP,25,0.3492063492063492
663586,OBP,26,0.34545454545454546
663586,OBP,27,0.32196162046908317
663586,OBP,28,0.3087248322147651
677587,OBP,23,0.29772727272727273
677587,OBP,24,0.29023746701846964
677594,OBP,21,0.34464285714285714
677594,OBP,22,0.3333333333333333
677594,OBP,23,0.32463295269168024
677594,OBP,24,0.323943661971831
660688,OBP,23,0.3125
660688,OBP,24,0.30782918149466193
660688,OBP,25,0.2597938144329897
660688,OBP,26,0.27715355805243447
668939,OBP,24,0.3617021276595745
668939,OBP,25,0.37409024745269287
668939,OBP,26,0.3181818181818182
668939,OBP,27,0.30684931506849317
660821,OBP,23,0.3187250996015936
660821,OBP,24,0.27988338192419826
660821,OBP,25,0.3266832917705736
660821,OBP,26,0.31343283582089554
660821,OBP,27,0.3038229376257545
691594,OBP,22,0.2869822485207101
694384,OBP,22,0.34328358208955223
694384,OBP,23,0.35294117647058826
669477,OBP,24,0.25547445255474455
669477,OBP,26,0.30547550432276654
682177,OBP,28,0.2826603325415677
656941,OBP,22,0.3553113553113553
656941,OBP,24,0.3148148148148148
656941,OBP,25,0.3555992141453831
656941,OBP,26,0.33934426229508197
656941,OBP,28,0.37367303609341823
656941,OBP,29,0.32286995515695066
656941,OBP,30,0.34305555555555556
656941,OBP,31,0.36560693641618497
656941,OBP,32,0.36464088397790057
608369,OBP,22,0.3653566229985444
608369,OBP,23,0.37520391517128876
608369,OBP,25,0.3345656192236599
608369,OBP,26,0.3577586206896552
608369,OBP,27,0.39364303178484106
608369,OBP,28,0.3167420814479638
608369,OBP,29,0.38992537313432835
608369,OBP,30,0.3527204502814259
608369,OBP,31,0.37303370786516854
543760,OBP,23,0.30039525691699603
543760,OBP,24,0.31
543760,OBP,25,0.3
543760,OBP,26,0.3246753246753247
543760,OBP,27,0.3181169757489301
543760,OBP,28,0.36947791164658633
543760,OBP,29,0.3050847457627119
543760,OBP,30,0.3342541436464088
543760,OBP,31,0.30386740331491713
543760,OBP,32,0.3484042553191489
543760,OBP,33,0.30779944289693595
543760,OBP,34,0.3052434456928839
657757,OBP,26,0.2951219512195122
657757,OBP,27,0.26744186046511625
657757,OBP,28,0.3033932135728543
657757,OBP,29,0.3174311926605505
802415,OBP,24,0.3256880733944954
701358,OBP,22,0.31237322515212984
642086,OBP,26,0.30425963488843816
642086,OBP,28,0.32593856655290104
642086,OBP,29,0.3127035830618892
642086,OBP,30,0.3333333333333333
691016,OBP,23,0.34615384615384615
624585,OBP,23,0.32425742574257427
624585,OBP,24,0.3333333333333333
624585,OBP,26,0.3540856031128405
624585,OBP,27,0.35355029585798814
624585,OBP,29,0.3164983164983165
624585,OBP,30,0.29508196721311475
624585,OBP,31,0.3413793103448276
624585,OBP,32,0.3380035026269702
624585,OBP,33,0.2929936305732484
665742,OBP,19,0.4056795131845842
665742,OBP,20,0.4006069802731411
665742,OBP,22,0.4648318042813456
665742,OBP,23,0.40120663650075417
665742,OBP,24,0.4101838755304102
665742,OBP,25,0.41935483870967744
665742,OBP,26,0.3955119214586255
543807,OBP,24,0.336231884057971
543807,OBP,25,0.3674832962138085
543807,OBP,26,0.3588709677419355
543807,OBP,27,0.3668261562998405
543807,OBP,28,0.3457792207792208
543807,OBP,29,0.3830935251798561
543807,OBP,31,0.3519061583577713
543807,OBP,32,0.34196891191709844
543807,OBP,33,0.3274596182085169
543807,OBP,34,0.3034257748776509
543807,OBP,35,0.39896373056994816
668715,OBP,25,0.35639097744360904
668715,OBP,26,0.31859756097560976
668715,OBP,27,0.31216931216931215
663886,OBP,24,0.3656716417910448
663886,OBP,26,0.31721470019342357
663886,OBP,27,0.3378640776699029
663886,OBP,28,0.3157894736842105
681082,OBP,24,0.2946236559139785
681082,OBP,25,0.3286384976525822
681082,OBP,26,0.31523642732049034
681082,OBP,27,0.3279569892473118
669065,OBP,27,0.3684210526315789
553993,OBP,22,0.3161764705882353
553993,OBP,23,0.3147208121827411
553993,OBP,24,0.31738437001594894
553993,OBP,25,0.3670886075949367
553993,OBP,26,0.36633663366336633
553993,OBP,27,0.3580060422960725
553993,OBP,29,0.2857142857142857
553993,OBP,30,0.3322734499205087
553993,OBP,31,0.3227665706051873
553993,OBP,32,0.31875
553993,OBP,33,0.2983257229832572
673548,OBP,27,0.336322869955157
673548,OBP,28,0.3567753001715266
673548,OBP,29,0.3658119658119658
673548,OBP,30,0.32565284178187404
621020,OBP,23,0.3121597096188748
621020,OBP,24,0.3036053130929791
621020,OBP,25,0.32536764705882354
621020,OBP,26,0.3446969696969697
621020,OBP,27,0.3113496932515337
621020,OBP,28,0.3290229885057471
621020,OBP,29,0.3275862068965517
621020,OBP,30,0.31197301854974707
621020,OBP,31,0.2996894409937888
665487,OBP,20,0.3790322580645161
665487,OBP,21,0.3657587548638132
665487,OBP,22,0.36446886446886445
665487,OBP,24,0.3217665615141956
665487,OBP,25,0.3401826484018265
665487,OBP,26,0.3675832127351664
665750,OBP,23,0.3088235294117647
665750,OBP,24,0.3121597096188748
665750,OBP,25,0.2889733840304182
657041,OBP,25,0.3409090909090909
657041,OBP,26,0.3010948905109489
657041,OBP,27,0.3152492668621701
657041,OBP,28,0.3087121212121212
679529,OBP,22,0.28465346534653463
679529,OBP,23,0.3128654970760234
679529,OBP,24,0.29473684210526313
679529,OBP,25,0.33281972265023113
650402,OBP,21,0.33954451345755693
650402,OBP,22,0.33665008291873966
650402,OBP,24,0.33073929961089493
650402,OBP,25,0.30998248686514884
650402,OBP,26,0.34672619047619047
650402,OBP,27,0.33031674208144796
650402,OBP,28,0.35828025477707004
678662,OBP,21,0.28711256117455136
678662,OBP,22,0.2946298984034833
678662,OBP,23,0.2942708333333333
669707,OBP,26,0.29596412556053814
669707,OBP,27,0.3109919571045576
545361,OBP,20,0.39906103286384975
545361,OBP,21,0.43156424581005587
545361,OBP,22,0.3773049645390071
545361,OBP,23,0.40175953079178883
545361,OBP,24,0.44052863436123346
545361,OBP,25,0.4418145956607495
545361,OBP,26,0.4596375617792422
545361,OBP,27,0.43833333333333335
545361,OBP,30,0.3687374749498998
545361,OBP,31,0.3674033149171271
545361,OBP,33,0.35855855855855856
663656,OBP,23,0.32456140350877194
663656,OBP,24,0.35929203539823007
663656,OBP,25,0.33003300330033003
663656,OBP,26,0.36881559220389803
663656,OBP,27,0.40773809523809523
663656,OBP,28,0.3771043771043771
668930,OBP,23,0.2853932584269663
668930,OBP,24,0.31596091205211724
668930,OBP,25,0.3592085235920852
607208,OBP,23,0.37037037037037035
607208,OBP,24,0.3378076062639821
607208,OBP,24,0.34417344173441733
607208,OBP,25,0.3532513181019332
607208,OBP,27,0.3938223938223938
607208,OBP,28,0.3746130030959752
607208,OBP,28,0.34277620396600567
607208,OBP,29,0.31982633863965265
607208,OBP,31,0.33766233766233766
607208,OBP,32,0.35524256651017216
545121,OBP,27,0.2985781990521327
545121,OBP,30,0.2986425339366516
545121,OBP,31,0.303886925795053
545121,OBP,32,0.2953020134228188
678246,OBP,23,0.304635761589404
678246,OBP,24,0.2489451476793249
678246,OBP,25,0.3163444639718805
662139,OBP,24,0.3184713375796178
662139,OBP,25,0.30220713073005095
662139,OBP,26,0.2849740932642487
662139,OBP,27,0.29296875
662139,OBP,28,0.28413284132841327
668901,OBP,23,0.2532188841201717
668901,OBP,24,0.32158590308370044
668901,OBP,25,0.2894168466522678
663837,OBP,25,0.2969187675070028
663837,OBP,26,0.32892249527410206
663837,OBP,27,0.31216931216931215
572233,OBP,28,0.3482587064676617
572233,OBP,29,0.3333333333333333
572233,OBP,30,0.3146067415730337
572233,OBP,31,0.3268365817091454
572233,OBP,32,0.3333333333333333
572233,OBP,33,0.3351449275362319
572233,OBP,34,0.296875
691023,OBP,21,0.3419354838709677
691023,OBP,23,0.2777777777777778
670764,OBP,25,0.2678185745140389
670764,OBP,26,0.3045977011494253
670764,OBP,27,0.28174603174603174
670764,OBP,28,0.2802547770700637
621493,OBP,27,0.33191489361702126
621493,OBP,28,0.3599290780141844
621493,OBP,29,0.33496332518337407
621493,OBP,30,0.32277526395173456
621493,OBP,31,0.3167420814479638
669224,OBP,24,0.3220338983050847
669224,OBP,25,0.2751677852348993
810938,OBP,24,0.2935153583617747
805779,OBP,23,0.3550863723608445
691026,OBP,22,0.3138801261829653
691026,OBP,23,0.3102803738317757
677951,OBP,22,0.29430379746835444
677951,OBP,23,0.3189033189033189
677951,OBP,24,0.38928067700987307
677951,OBP,25,0.3508005822416303
695578,OBP,21,0.3541666666666667
695578,OBP,22,0.3497822931785196
573262,OBP,28,0.33414634146341465
573262,OBP,30,0.3107344632768362
573262,OBP,31,0.3052064631956912
573262,OBP,32,0.32981530343007914
573262,OBP,33,0.3023255813953488
573262,OBP,34,0.3327338129496403
592885,OBP,21,0.36996336996337
592885,OBP,22,0.3622526636225266
592885,OBP,23,0.3657142857142857
592885,OBP,24,0.37632776934749623
592885,OBP,25,0.3688760806916426
592885,OBP,26,0.402457757296467
592885,OBP,27,0.42931034482758623
592885,OBP,28,0.3562753036437247
592885,OBP,29,0.36210526315789476
592885,OBP,30,0.35522388059701493
592885,OBP,31,0.370253164556962
592885,OBP,32,0.4057507987220447
592885,OBP,33,0.34316770186335405
807799,OBP,29,0.33793103448275863
807799,OBP,30,0.3491686460807601
702284,OBP,21,0.30196078431372547
696285,OBP,24,0.31640625
696285,OBP,25,0.29577464788732394
682928,SLG,21,0.323943661971831
682928,SLG,22,0.41207815275310833
682928,SLG,23,0.43253234750462105
682928,SLG,24,0.43275862068965515
677800,SLG,25,0.45864661654135336
677800,SLG,26,0.4691689008042895
660670,SLG,20,0.5519630484988453
660670,SLG,21,0.5175718849840255
660670,SLG,23,0.5959595959595959
660670,SLG,24,0.4132762312633833
660670,SLG,25,0.5956454121306376
660670,SLG,27,0.5177514792899408
642715,SLG,22,0.40625
642715,SLG,23,0.4180790960451977
642715,SLG,25,0.48088531187122735
642715,SLG,26,0.458259325044405
642715,SLG,27,0.40687160940325495
642715,SLG,28,0.46229508196721314
642715,SLG,29,0.4213197969543147
666176,SLG,23,0.373134328358209
666176,SLG,25,0.4024691358024691
666176,SLG,26,0.4847908745247148
645277,SLG,20,0.45622119815668205
645277,SLG,21,0.4522691705790297
645277,SLG,22,0.5
645277,SLG,24,0.48807631160572335
645277,SLG,25,0.4089068825910931
645277,SLG,26,0.5134228187919463
645277,SLG,27,0.40350877192982454
645277,SLG,28,0.3648424543946932
677942,SLG,26,0.3826086956521739
624413,SLG,24,0.5829145728643216
624413,SLG,25,0.49038461538461536
624413,SLG,26,0.5187165775401069
624413,SLG,27,0.5175879396984925
624413,SLG,28,0.5035211267605634
624413,SLG,29,0.4588815789473684
624413,SLG,30,0.5240384615384616
514888,SLG,21,0.3574660633484163
514888,SLG,22,0.3993055555555556
514888,SLG,23,0.36261980830670926
514888,SLG,24,0.453030303030303
514888,SLG,25,0.4592476489028213
514888,SLG,26,0.53125
514888,SLG,27,0.5474576271186441
514888,SLG,28,0.45131086142322097
514888,SLG,29,0.55
514888,SLG,31,0.4891846921797005
514888,SLG,32,0.5332068311195446
514888,SLG,33,0.5222222222222223
514888,SLG,34,0.4394904458598726
514888,SLG,35,0.4421768707482993
682626,SLG,21,0.43717277486910994
682626,SLG,22,0.4025974025974026
682626,SLG,23,0.44715447154471544
670541,SLG,22,0.6549520766773163
670541,SLG,24,0.5307262569832403
670541,SLG,25,0.6127659574468085
670541,SLG,26,0.5829268292682926
670541,SLG,27,0.5670289855072463
609280,SLG,23,0.5270506108202443
609280,SLG,29,0.37748344370860926
609280,SLG,30,0.470404984423676
666018,SLG,27,0.4891891891891892
571448,SLG,22,0.4053497942386831
571448,SLG,23,0.5
571448,SLG,24,0.5746753246753247
571448,SLG,25,0.56957928802589
571448,SLG,26,0.5858085808580858
571448,SLG,27,0.5610169491525424
571448,SLG,28,0.5833333333333334
571448,SLG,30,0.49409780775716694
571448,SLG,31,0.533213644524237
571448,SLG,32,0.4589285714285714
571448,SLG,33,0.3944636678200692
571448,SLG,34,0.3765586034912718
668227,SLG,26,0.45935727788279773
668227,SLG,27,0.4453924914675768
668227,SLG,28,0.4246823956442831
668227,SLG,29,0.3879781420765027
668227,SLG,30,0.4257748776508972
650333,SLG,22,0.4386503067484663
650333,SLG,24,0.37616822429906543
650333,SLG,25,0.42047531992687387
650333,SLG,26,0.4686411149825784
650333,SLG,27,0.3924646781789639
650333,SLG,28,0.3919354838709677
672275,SLG,24,0.3588957055214724
672275,SLG,25,0.33915211970074816
672275,SLG,26,0.3251833740831296
686948,SLG,24,0.4691358024691358
683146,SLG,23,0.32294617563739375
683146,SLG,25,0.4351145038167939
641343,SLG,22,0.38390092879256965
641343,SLG,23,0.3709677419354839
641343,SLG,25,0.2765957446808511
641343,SLG,27,0.4132231404958678
641343,SLG,28,0.3609271523178808
641355,SLG,21,0.58125
641355,SLG,22,0.4703770197486535
641355,SLG,23,0.6290322580645161
641355,SLG,24,0.45539906103286387
641355,SLG,25,0.30158730158730157
641355,SLG,26,0.3888888888888889
641355,SLG,27,0.5250501002004008
641355,SLG,28,0.4263565891472868
641355,SLG,29,0.47959183673469385
605137,SLG,24,0.4663023679417122
605137,SLG,25,0.4111776447105788
605137,SLG,26,0.5692599620493358
605137,SLG,28,0.4759036144578313
605137,SLG,29,0.4221014492753623
605137,SLG,30,0.4186471663619744
605137,SLG,31,0.4052044609665427
605137,SLG,32,0.4166666666666667
643217,SLG,22,0.42408376963350786
643217,SLG,23,0.46459412780656306
643217,SLG,24,0.43068391866913125
643217,SLG,26,0.4421906693711968
643217,SLG,27,0.39913232104121477
643217,SLG,28,0.35587188612099646
643217,SLG,29,0.39622641509433965
643217,SLG,30,0.430952380952381
605141,SLG,22,0.47906197654941374
605141,SLG,23,0.5342261904761905
605141,SLG,24,0.4585987261146497
605141,SLG,25,0.6403846153846153
605141,SLG,26,0.52428810720268
605141,SLG,27,0.5616438356164384
605141,SLG,28,0.4871244635193133
605141,SLG,29,0.5332167832167832
605141,SLG,30,0.5787671232876712
605141,SLG,31,0.4911111111111111
605141,SLG,32,0.4057724957555178
666182,SLG,23,0.484375
666182,SLG,24,0.46932515337423314
666182,SLG,25,0.4746059544658494
666182,SLG,26,0.3215434083601286
666182,SLG,27,0.48281786941580757
668709,SLG,24,0.3088235294117647
668709,SLG,25,0.35546875
668709,SLG,26,0.4370629370629371
668709,SLG,27,0.40390879478827363
593428,SLG,21,0.362453531598513
593428,SLG,22,0.42088091353996737
593428,SLG,23,0.44631901840490795
593428,SLG,24,0.4028021015761821
593428,SLG,25,0.5224171539961013
593428,SLG,26,0.5553745928338762
593428,SLG,27,0.5024630541871922
593428,SLG,28,0.4933837429111531
593428,SLG,29,0.45601436265709155
593428,SLG,30,0.4395973154362416
593428,SLG,31,0.3808411214953271
593428,SLG,32,0.3910386965376782
664761,SLG,24,0.34210526315789475
664761,SLG,25,0.39761092150170646
664761,SLG,26,0.43727598566308246
664761,SLG,27,0.44765342960288806
664761,SLG,28,0.40948275862068967
608324,SLG,22,0.47761194029850745
608324,SLG,23,0.4748201438848921
608324,SLG,24,0.531986531986532
608324,SLG,25,0.592057761732852
608324,SLG,27,0.4224137931034483
608324,SLG,28,0.4543795620437956
608324,SLG,29,0.4405144694533762
608324,SLG,30,0.45266781411359724
608324,SLG,31,0.4618937644341801
669394,SLG,27,0.5182926829268293
669394,SLG,28,0.45981308411214955
669394,SLG,29,0.41853932584269665
676475,SLG,24,0.3904761904761905
676475,SLG,25,0.42047531992687387
676475,SLG,26,0.45875251509054327
683737,SLG,26,0.43951612903225806
683737,SLG,27,0.5229007633587787
671732,SLG,23,0.49029126213592233
671732,SLG,24,0.40421792618629176
621439,SLG,22,0.42953020134228187
621439,SLG,23,0.4134199134199134
621439,SLG,25,0.5129151291512916
621439,SLG,27,0.6468085106382979
621439,SLG,28,0.5264705882352941
621439,SLG,29,0.4375
621439,SLG,30,0.523943661971831
621439,SLG,31,0.5512295081967213
676609,SLG,26,0.3203463203463203
676609,SLG,27,0.3469387755102041
676609,SLG,28,0.3471337579617834
695506,SLG,22,0.29523809523809524
691406,SLG,21,0.5348837209302325
686527,SLG,27,0.48148148148148145
605170,SLG,25,0.44672131147540983
605170,SLG,27,0.3226837060702875
605170,SLG,28,0.34191176470588236
605170,SLG,29,0.38308457711442784
605170,SLG,30,0.40816326530612246
605170,SLG,31,0.40406976744186046
681481,SLG,25,0.47129186602870815
681481,SLG,26,0.5871212121212122
681481,SLG,27,0.49653579676674364
682998,SLG,22,0.5061946902654867
682998,SLG,23,0.42784380305602715
682998,SLG,24,0.5407801418439716
650489,SLG,24,0.35108958837772397
650489,SLG,25,0.36712328767123287
650489,SLG,26,0.4106145251396648
650489,SLG,27,0.38530465949820786
650489,SLG,28,0.3656716417910448
656305,SLG,24,0.4724137931034483
656305,SLG,25,0.5082266910420475
656305,SLG,26,0.5060034305317325
656305,SLG,28,0.40264650283553877
656305,SLG,29,0.43308550185873607
656305,SLG,30,0.4243614931237721
656305,SLG,31,0.46260869565217394
656305,SLG,32,0.42951541850220265
665862,SLG,23,0.4245689655172414
665862,SLG,24,0.5352112676056338
665862,SLG,25,0.45738636363636365
665862,SLG,26,0.4359430604982206
665862,SLG,27,0.4805194805194805
694192,SLG,20,0.4640151515151515
694192,SLG,21,0.46265938069216755
676391,SLG,28,0.4078341013824885
676391,SLG,29,0.3981651376146789
665019,SLG,29,0.4339080459770115
686555,SLG,27,0.4112903225806452
575929,SLG,24,0.4880952380952381
575929,SLG,25,0.4986737400530504
575929,SLG,26,0.39029535864978904
575929,SLG,27,0.5333333333333333
575929,SLG,29,0.43825665859564167
575929,SLG,30,0.46634615384615385
575929,SLG,31,0.4672897196261682
575929,SLG,32,0.4684385382059801
575929,SLG,33,0.44693877551020406
661388,SLG,24,0.5059880239520959
661388,SLG,25,0.45740740740740743
661388,SLG,26,0.46554621848739497
661388,SLG,27,0.3992932862190813
681297,SLG,24,0.4468937875751503
681297,SLG,25,0.3853211009174312
641487,SLG,24,0.3710144927536232
641487,SLG,25,0.3382352941176471
641487,SLG,26,0.3764135702746365
641487,SLG,27,0.3359073359073359
641487,SLG,28,0.43820224719101125
641487,SLG,29,0.32142857142857145
641487,SLG,30,0.3701754385964912
686611,SLG,23,0.3515358361774744
630105,SLG,27,0.4603174603174603
630105,SLG,28,0.3901192504258944
630105,SLG,29,0.3777292576419214
630105,SLG,30,0.389948006932409
630105,SLG,31,0.37708830548926014
691718,SLG,22,0.3844086021505376
691718,SLG,23,0.4805414551607445
665833,SLG,23,0.4501510574018127
665833,SLG,25,0.4491682070240296
665833,SLG,26,0.37791932059447986
680779,SLG,23,0.3511111111111111
680779,SLG,25,0.2777777777777778
682829,SLG,21,0.4097938144329897
682829,SLG,22,0.470873786407767
682829,SLG,23,0.44038155802861684
676356,SLG,25,0.3313253012048193
646240,SLG,20,0.481981981981982
646240,SLG,21,0.43333333333333335
646240,SLG,22,0.5548686244204019
646240,SLG,23,0.4827586206896552
646240,SLG,24,0.5380710659898477
646240,SLG,25,0.5207207207207207
646240,SLG,26,0.5
646240,SLG,27,0.5161904761904762
646240,SLG,28,0.4794069192751236
650490,SLG,27,0.4755700325732899
650490,SLG,29,0.3870967741935484
650490,SLG,30,0.42283298097251587
650490,SLG,31,0.5219047619047619
650490,SLG,32,0.413854351687389
650490,SLG,33,0.48198970840480276
673237,SLG,24,0.5380281690140845
673237,SLG,25,0.441025641025641
673237,SLG,26,0.41697416974169743
693307,SLG,26,0.42528735632183906
691176,SLG,22,0.3884514435695538
643289,SLG,27,0.31275720164609055
643289,SLG,28,0.41113490364025695
643289,SLG,29,0.36069651741293535
643289,SLG,30,0.35501355013550134
677649,SLG,23,0.36538461538461536
677649,SLG,24,0.4433497536945813
677649,SLG,25,0.3208955223880597
677649,SLG,26,0.2926829268292683
680776,SLG,25,0.3627450980392157
680776,SLG,26,0.4819277108433735
680776,SLG,27,0.4918032786885246
680776,SLG,28,0.44193548387096776
702332,SLG,25,0.3865168539325843
669364,SLG,24,0.4226415094339623
669364,SLG,25,0.35294117647058826
663743,SLG,25,0.391705069124424
663743,SLG,26,0.29931972789115646
663743,SLG,27,0.3181818181818182
663743,SLG,28,0.3486238532110092
664034,SLG,26,0.4448336252189142
664034,SLG,27,0.4355716878402904
664034,SLG,28,0.36626916524701875
664034,SLG,29,0.3653444676409186
664034,SLG,30,0.36036036036036034
518692,SLG,21,0.44833625218914186
518692,SLG,22,0.45555555555555555
518692,SLG,23,0.5009074410163339
518692,SLG,24,0.4612850082372323
518692,SLG,25,0.47115384615384615
518692,SLG,26,0.568760611205433
518692,SLG,27,0.5863636363636363
518692,SLG,28,0.5048543689320388
518692,SLG,29,0.5494137353433836
518692,SLG,30,0.6401869158878505
518692,SLG,31,0.5033333333333333
518692,SLG,32,0.511437908496732
518692,SLG,33,0.5667189952904239
518692,SLG,34,0.47601476014760147
518692,SLG,35,0.5017985611510791
671289,SLG,25,0.3212121212121212
671289,SLG,26,0.36074270557029176
686217,SLG,24,0.33473684210526317
686217,SLG,25,0.4053030303030303
670770,SLG,26,0.43555555555555553
670770,SLG,27,0.4672131147540984
670770,SLG,28,0.38047138047138046
670770,SLG,29,0.37823834196891193
666969,SLG,28,0.45438898450946646
666969,SLG,29,0.456198347107438
666969,SLG,30,0.5081081081081081
666969,SLG,31,0.4
666969,SLG,32,0.39447731755424065
671277,SLG,21,0.4110169491525424
671277,SLG,22,0.4083333333333333
671277,SLG,23,0.38478747203579416
671277,SLG,24,0.444
671277,SLG,25,0.41188524590163933
672580,SLG,23,0.3577586206896552
672580,SLG,24,0.33217391304347826
672580,SLG,25,0.44873949579831934
680869,SLG,23,0.5037037037037037
680869,SLG,24,0.36217303822937624
665926,SLG,23,0.4663951120162933
665926,SLG,24,0.3985637342908438
665926,SLG,25,0.33962264150943394
665926,SLG,26,0.3130699088145897
502671,SLG,24,0.490272373540856
502671,SLG,25,0.5514950166112956
502671,SLG,26,0.541871921182266
502671,SLG,27,0.5696649029982364
502671,SLG,28,0.48877374784110533
502671,SLG,29,0.5627240143369175
502671,SLG,30,0.5328836424957841
502671,SLG,31,0.47571189279731996
502671,SLG,33,0.5140961857379768
502671,SLG,34,0.5775401069518716
502671,SLG,35,0.4468802698145025
502671,SLG,36,0.41402337228714525
502671,SLG,37,0.40286298568507156
693304,SLG,25,0.3983286908077994
693304,SLG,26,0.36220472440944884
696100,SLG,24,0.41706161137440756
696100,SLG,25,0.5203703703703704
669357,SLG,22,0.4204946996466431
669357,SLG,23,0.47783251231527096
669357,SLG,24,0.4
669357,SLG,25,0.37037037037037035
682985,SLG,21,0.3617021276595745
682985,SLG,22,0.4470899470899471
682985,SLG,23,0.478515625
682985,SLG,24,0.49333333333333335
663757,SLG,23,0.4558139534883721
663757,SLG,24,0.4134199134199134
663757,SLG,25,0.34146341463414637
663757,SLG,26,0.35181236673773986
663757,SLG,28,0.46356275303643724
665489,SLG,20,0.4331896551724138
665489,SLG,21,0.46153846153846156
665489,SLG,22,0.6009933774834437
665489,SLG,23,0.47962382445141066
665489,SLG,24,0.4435215946843854
665489,SLG,25,0.5438311688311688
665489,SLG,26,0.466893039049236
666152,SLG,26,0.3945578231292517
664023,SLG,22,0.5137362637362637
664023,SLG,23,0.4082687338501292
664023,SLG,26,0.4344086021505376
664023,SLG,27,0.4397905759162304
664023,SLG,28,0.43103448275862066
664023,SLG,29,0.44112478031634444
664023,SLG,30,0.4200351493848858
547180,SLG,19,0.47654784240150094
547180,SLG,20,0.4858490566037736
547180,SLG,21,0.42329545454545453
547180,SLG,22,0.6487523992322457
547180,SLG,23,0.4407114624505929
547180,SLG,24,0.5952380952380952
547180,SLG,25,0.49636363636363634
547180,SLG,26,0.5095986038394416
547180,SLG,28,0.6147540983606558
547180,SLG,29,0.5135135135135135
547180,SLG,30,0.4989059080962801
547180,SLG,31,0.5254545454545455
547180,SLG,32,0.4870259481037924
671739,SLG,21,0.5144927536231884
671739,SLG,22,0.4772277227722772
671739,SLG,23,0.41818181818181815
671739,SLG,24,0.40916530278232405
641680,SLG,26,0.3584905660377358
641680,SLG,27,0.39901477832512317
641680,SLG,28,0.437636761487965
641680,SLG,29,0.3355119825708061
641680,SLG,30,0.33164556962025316
683002,SLG,22,0.48928571428571427
683002,SLG,23,0.5285714285714286
683002,SLG,24,0.43847487001733104
681715,SLG,25,0.4375
606192,SLG,25,0.4684873949579832
606192,SLG,26,0.4724220623501199
606192,SLG,28,0.5236363636363637
606192,SLG,29,0.4909819639278557
606192,SLG,30,0.4352
606192,SLG,31,0.5008488964346349
606192,SLG,32,0.45401174168297453
671056,SLG,24,0.4279475982532751
671056,SLG,25,0.4639175257731959
689414,SLG,26,0.3463855421686747
663538,SLG,25,0.4095634095634096
663538,SLG,26,0.38287560581583197
663538,SLG,27,0.37285223367697595
663538,SLG,28,0.39398998330550916
687462,SLG,26,0.4329268292682927
687462,SLG,27,0.4340659340659341
656555,SLG,25,0.496415770609319
656555,SLG,26,0.4543859649122807
656555,SLG,28,0.5295629820051414
656555,SLG,29,0.4617996604414261
656555,SLG,31,0.41870824053452116
656555,SLG,32,0.4157706093189964
691781,SLG,22,0.3218390804597701
592450,SLG,25,0.6273062730627307
592450,SLG,26,0.5278450363196125
592450,SLG,27,0.5396825396825397
592450,SLG,29,0.5436363636363636
592450,SLG,30,0.6859649122807018
592450,SLG,31,0.6130790190735694
592450,SLG,32,0.7012522361359571
592450,SLG,33,0.6876155268022182
666397,SLG,24,0.45857988165680474
666397,SLG,25,0.3233082706766917
673962,SLG,25,0.4665271966527197
673962,SLG,27,0.3900414937759336
690993,SLG,22,0.3798449612403101
690993,SLG,23,0.41304347826086957
608348,SLG,24,0.47770700636942676
608348,SLG,26,0.41118421052631576
608348,SLG,27,0.334384858044164
608348,SLG,29,0.3736654804270463
608348,SLG,30,0.4281842818428184
701762,SLG,22,0.6190476190476191
680757,SLG,24,0.3996447602131439
680757,SLG,25,0.36990595611285265
680757,SLG,26,0.425
680757,SLG,27,0.3744
669127,SLG,25,0.41294642857142855
669127,SLG,26,0.45020746887966806
669127,SLG,27,0.5363825363825364
694671,SLG,22,0.4148296593186373
694671,SLG,23,0.43149284253578735
663616,SLG,24,0.35
663616,SLG,27,0.43380281690140843
663616,SLG,28,0.40357852882703776
686797,SLG,24,0.36960985626283366
808982,SLG,26,0.40714285714285714
668904,SLG,24,0.5483870967741935
668904,SLG,25,0.4520547945205479
668904,SLG,26,0.3882978723404255
695734,SLG,22,0.4984423676012461
596019,SLG,21,0.48205128205128206
596019,SLG,22,0.43543046357615894
596019,SLG,23,0.5053763440860215
596019,SLG,24,0.518910741301059
596019,SLG,25,0.5183946488294314
596019,SLG,26,0.4152542372881356
596019,SLG,27,0.41150442477876104
596019,SLG,28,0.4492063492063492
596019,SLG,29,0.4700996677740864
596019,SLG,30,0.5
596019,SLG,31,0.4658385093167702
672640,SLG,25,0.3771712158808933
672640,SLG,26,0.36764705882352944
664040,SLG,24,0.5135135135135135
664040,SLG,26,0.5233644859813084
664040,SLG,27,0.3829787234042553
664040,SLG,28,0.44297082228116713
664040,SLG,29,0.4727272727272727
664040,SLG,30,0.47731755424063116
666139,SLG,25,0.5
666139,SLG,26,0.3909348441926346
666139,SLG,27,0.3661616161616162
663993,SLG,25,0.414721723518851
663993,SLG,26,0.4924114671163575
663993,SLG,27,0.41412520064205455
663993,SLG,28,0.4012345679012346
663993,SLG,29,0.3814814814814815
664770,SLG,30,0.4072164948453608
592518,SLG,20,0.431784107946027
592518,SLG,21,0.43119266055045874
592518,SLG,22,0.5023696682464455
592518,SLG,23,0.5328125
592518,SLG,24,0.4714285714285714
592518,SLG,25,0.5379746835443038
592518,SLG,26,0.4616695059625213
592518,SLG,27,0.5803571428571429
592518,SLG,28,0.48936170212765956
592518,SLG,29,0.5311418685121108
592518,SLG,30,0.4622467771639042
592518,SLG,31,0.47217537942664417
592518,SLG,32,0.46016260162601624
663968,SLG,29,0.36790123456790125
700932,SLG,24,0.4553191489361702
805300,SLG,24,0.4784688995215311
669016,SLG,23,0.3559322033898305
669016,SLG,24,0.38443396226415094
669016,SLG,25,0.45792079207920794
669016,SLG,26,0.41866028708133973
669016,SLG,27,0.44327176781002636
606466,SLG,21,0.4018264840182648
606466,SLG,22,0.32265446224256294
606466,SLG,23,0.39461883408071746
606466,SLG,24,0.43653846153846154
606466,SLG,25,0.5922671353251318
606466,SLG,27,0.5323529411764706
606466,SLG,28,0.4065040650406504
606466,SLG,29,0.4850615114235501
606466,SLG,30,0.5595238095238095
606466,SLG,31,0.5166666666666667
682657,SLG,23,0.35874439461883406
668885,SLG,25,0.351931330472103
686681,SLG,25,0.3808411214953271
686681,SLG,26,0.44879518072289154
686681,SLG,27,0.31297709923664124
691723,SLG,23,0.38783269961977185
664983,SLG,24,0.42679127725856697
664983,SLG,25,0.32608695652173914
664983,SLG,26,0.4004524886877828
664983,SLG,27,0.3446601941747573
656716,SLG,28,0.35129310344827586
656716,SLG,29,0.3367003367003367
656716,SLG,30,0.43805309734513276
680574,SLG,23,0.5068493150684932
680574,SLG,25,0.3431372549019608
641857,SLG,24,0.45
641857,SLG,26,0.44886363636363635
641857,SLG,27,0.41398865784499056
641857,SLG,28,0.4306306306306306
641857,SLG,29,0.3968253968253968
641857,SLG,30,0.381139489194499
643446,SLG,26,0.4711111111111111
643446,SLG,27,0.5313725490196078
643446,SLG,29,0.3601036269430052
643446,SLG,30,0.4540337711069418
643446,SLG,31,0.37777777777777777
643446,SLG,32,0.38443396226415094
643446,SLG,33,0.41102756892230574
678554,SLG,24,0.32083333333333336
805367,SLG,23,0.32
701538,SLG,21,0.5
701538,SLG,22,0.45681818181818185
655316,SLG,26,0.3475177304964539
666160,SLG,25,0.49517684887459806
666160,SLG,26,0.38010204081632654
666160,SLG,27,0.5184331797235023
695657,SLG,23,0.5294117647058824
672515,SLG,23,0.40762463343108507
672515,SLG,24,0.380327868852459
672515,SLG,25,0.4332129963898917
656775,SLG,26,0.5182724252491694
656775,SLG,27,0.4029605263157895
656775,SLG,28,0.4158415841584158
656775,SLG,29,0.40540540540540543
656775,SLG,30,0.39080459770114945
571970,SLG,27,0.5822784810126582
571970,SLG,28,0.5154004106776181
571970,SLG,29,0.3891625615763547
571970,SLG,30,0.5271629778672032
571970,SLG,31,0.38362068965517243
571970,SLG,32,0.475103734439834
571970,SLG,33,0.4936708860759494
571970,SLG,34,0.4696485623003195
647304,SLG,22,0.4031620553359684
647304,SLG,24,0.39914163090128757
647304,SLG,25,0.4521158129175947
647304,SLG,26,0.4889380530973451
647304,SLG,27,0.4564831261101243
647304,SLG,28,0.4622467771639042
687263,SLG,22,0.3771626297577855
687263,SLG,23,0.44280442804428044
687263,SLG,24,0.47410358565737054
607043,SLG,25,0.48267898383371827
607043,SLG,28,0.4369230769230769
607043,SLG,29,0.43275862068965515
607043,SLG,30,0.46621621621621623
607043,SLG,31,0.39929947460595444
607043,SLG,32,0.43611584327086883
681393,SLG,25,0.3890675241157556
656811,SLG,25,0.36890243902439024
656811,SLG,27,0.3686440677966102
656811,SLG,29,0.4797687861271676
656811,SLG,30,0.42663656884875845
656811,SLG,31,0.43670886075949367
681351,SLG,24,0.4091858037578288
681351,SLG,25,0.37115839243498816
660271,SLG,23,0.5644171779141104
660271,SLG,24,0.5052083333333334
660271,SLG,26,0.5921787709497207
660271,SLG,27,0.5187713310580204
660271,SLG,28,0.6539235412474849
660271,SLG,29,0.6462264150943396
660271,SLG,30,0.6219312602291326
621566,SLG,24,0.453448275862069
621566,SLG,25,0.5445134575569358
621566,SLG,26,0.4238095238095238
621566,SLG,27,0.5398230088495575
621566,SLG,28,0.4772727272727273
621566,SLG,29,0.6036184210526315
621566,SLG,30,0.45666666666666667
621566,SLG,31,0.483974358974359
687401,SLG,25,0.3977272727272727
687401,SLG,26,0.3170212765957447
542303,SLG,22,0.3890909090909091
542303,SLG,23,0.45486725663716815
542303,SLG,24,0.38344226579520696
542303,SLG,25,0.4524236983842011
542303,SLG,26,0.5481239804241436
542303,SLG,27,0.4329896907216495
542303,SLG,28,0.47216494845360824
542303,SLG,29,0.6359649122807017
542303,SLG,31,0.4127659574468085
542303,SLG,32,0.5584905660377358
542303,SLG,33,0.5462046204620462
542303,SLG,34,0.4004106776180698
681624,SLG,23,0.40694789081885857
681624,SLG,24,0.4612736660929432
680700,SLG,27,0.3181818181818182
670623,SLG,23,0.4350453172205438
670623,SLG,24,0.4878048780487805
670623,SLG,25,0.3929889298892989
670623,SLG,26,0.4576719576719577
686469,SLG,24,0.4496124031007752
686469,SLG,25,0.43722943722943725
686469,SLG,26,0.44556451612903225
686469,SLG,27,0.4750402576489533
592626,SLG,23,0.4166666666666667
592626,SLG,24,0.49507389162561577
592626,SLG,25,0.4065934065934066
592626,SLG,26,0.5215189873417722
592626,SLG,27,0.5377777777777778
592626,SLG,29,0.4219114219114219
592626,SLG,30,0.5210526315789473
592626,SLG,31,0.41620111731843573
592626,SLG,32,0.5149863760217984
592626,SLG,33,0.3283018867924528
665161,SLG,24,0.42610364683301344
665161,SLG,25,0.38128249566724437
665161,SLG,26,0.39368770764119604
665161,SLG,27,0.4766734279918864
672724,SLG,25,0.25
672695,SLG,22,0.26218097447795824
672695,SLG,23,0.35872235872235875
672695,SLG,24,0.37388724035608306
672695,SLG,25,0.4623115577889447
521692,SLG,22,0.47058823529411764
521692,SLG,23,0.4334677419354839
521692,SLG,24,0.4031141868512111
521692,SLG,25,0.4256120527306968
521692,SLG,26,0.4377431906614786
521692,SLG,27,0.49469214437367304
521692,SLG,28,0.4392156862745098
521692,SLG,31,0.5435483870967742
521692,SLG,32,0.4651685393258427
521692,SLG,33,0.42193308550185876
521692,SLG,34,0.4559322033898305
521692,SLG,35,0.4455611390284757
678882,SLG,23,0.3897058823529412
678882,SLG,24,0.4139194139194139
663728,SLG,25,0.4891891891891892
663728,SLG,26,0.45614035087719296
663728,SLG,27,0.4358974358974359
663728,SLG,28,0.5889261744966443
670042,SLG,28,0.49019607843137253
670042,SLG,29,0.4628712871287129
608070,SLG,21,0.3459915611814346
608070,SLG,22,0.3396825396825397
608070,SLG,23,0.46194690265486726
608070,SLG,24,0.582905982905983
608070,SLG,25,0.5519031141868512
608070,SLG,26,0.47925311203319504
608070,SLG,27,0.6073059360730594
608070,SLG,28,0.5380434782608695
608070,SLG,29,0.5141430948419301
608070,SLG,30,0.4746317512274959
608070,SLG,31,0.5370967741935484
608070,SLG,32,0.5025295109612141
671218,SLG,24,0.4694736842105263
671218,SLG,25,0.4
592663,SLG,24,0.40589569160997735
592663,SLG,25,0.42829076620825146
592663,SLG,26,0.45112781954887216
592663,SLG,27,0.48427672955974843
592663,SLG,28,0.49256505576208176
592663,SLG,30,0.43907563025210083
592663,SLG,31,0.4781746031746032
592663,SLG,32,0.45194274028629855
592663,SLG,33,0.42894736842105263
592663,SLG,34,0.3844621513944223
650859,SLG,22,0.3641456582633053
650859,SLG,25,0.4294478527607362
650859,SLG,26,0.44416243654822335
650859,SLG,27,0.4169611307420495
650859,SLG,28,0.33532934131736525
668804,SLG,24,0.5030549898167006
668804,SLG,26,0.5223613595706619
668804,SLG,27,0.4612546125461255
668804,SLG,28,0.45993031358885017
668804,SLG,29,0.44694533762057875
668804,SLG,30,0.4020442930153322
700250,SLG,26,0.4989293361884368
663586,SLG,22,0.4708029197080292
663586,SLG,24,0.5305084745762711
663586,SLG,25,0.5284552845528455
663586,SLG,26,0.5157232704402516
663586,SLG,27,0.4611764705882353
663586,SLG,28,0.42788461538461536
677587,SLG,23,0.31592689295039167
677587,SLG,24,0.34011627906976744
677594,SLG,21,0.5088062622309197
677594,SLG,22,0.4847094801223242
677594,SLG,23,0.4091710758377425
677594,SLG,24,0.47392638036809814
660688,SLG,23,0.3604060913705584
660688,SLG,24,0.4091778202676864
660688,SLG,25,0.35947712418300654
660688,SLG,26,0.3176470588235294
668939,SLG,24,0.44472361809045224
668939,SLG,25,0.43537414965986393
668939,SLG,26,0.3905429071803853
668939,SLG,27,0.36645962732919257
660821,SLG,23,0.4889867841409692
660821,SLG,24,0.402555910543131
660821,SLG,25,0.45
660821,SLG,26,0.4171779141104294
660821,SLG,27,0.3946784922394678
691594,SLG,22,0.3961661341853035
694384,SLG,22,0.3622350674373796
694384,SLG,23,0.38934426229508196
669477,SLG,24,0.3241106719367589
669477,SLG,26,0.40064102564102566
682177,SLG,28,0.35356200527704484
656941,SLG,22,0.4870689655172414
656941,SLG,24,0.466824644549763
656941,SLG,25,0.4672897196261682
656941,SLG,26,0.5311909262759924
656941,SLG,28,0.5538847117794486
656941,SLG,29,0.5043327556325823
656941,SLG,30,0.4735042735042735
656941,SLG,31,0.4851657940663176
656941,SLG,32,0.5629139072847682
608369,SLG,22,0.5119617224880383
608369,SLG,23,0.47866419294990725
608369,SLG,25,0.48261758691206547
608369,SLG,26,0.5849056603773585
608369,SLG,27,0.5212464589235127
608369,SLG,28,0.45531197301854975
608369,SLG,29,0.6226415094339622
608369,SLG,30,0.511578947368421
608369,SLG,31,0.4868421052631579
543760,SLG,23,0.3722943722943723
543760,SLG,24,0.40467625899280574
543760,SLG,25,0.43485915492957744
543760,SLG,26,0.39766081871345027
543760,SLG,27,0.3876582278481013
543760,SLG,28,0.5220700152207002
543760,SLG,29,0.3744075829383886
543760,SLG,30,0.5383435582822086
543760,SLG,31,0.4292237442922374
543760,SLG,32,0.47761194029850745
543760,SLG,33,0.39076923076923076
543760,SLG,34,0.3638297872340426
657757,SLG,26,0.41114058355437666
657757,SLG,27,0.3311897106109325
657757,SLG,28,0.35698447893569846
657757,SLG,29,0.42886178861788615
802415,SLG,24,0.34541062801932365
701358,SLG,22,0.35827664399092973
642086,SLG,26,0.3632286995515695
642086,SLG,28,0.36622390891840606
642086,SLG,29,0.3781818181818182
642086,SLG,30,0.4166666666666667
691016,SLG,23,0.4741532976827095
624585,SLG,23,0.3989071038251366
624585,SLG,24,0.43612334801762115
624585,SLG,26,0.4663677130044843
624585,SLG,27,0.568760611205433
624585,SLG,29,0.4321705426356589
624585,SLG,30,0.4
624585,SLG,31,0.5119047619047619
624585,SLG,32,0.4421906693711968
624585,SLG,33,0.3870967741935484
665742,SLG,19,0.5169082125603864
665742,SLG,20,0.5479704797047971
665742,SLG,22,0.5338645418326693
665742,SLG,23,0.45229007633587787
665742,SLG,24,0.5193661971830986
665742,SLG,25,0.5694444444444444
665742,SLG,26,0.5251299826689775
543807,SLG,24,0.46779661016949153
543807,SLG,25,0.4587628865979381
543807,SLG,26,0.45652173913043476
543807,SLG,27,0.5218978102189781
543807,SLG,28,0.4338235294117647
543807,SLG,29,0.5908141962421712
543807,SLG,31,0.5551839464882943
543807,SLG,32,0.47173489278752434
543807,SLG,33,0.40456769983686786
543807,SLG,34,0.3706422018348624
543807,SLG,35,0.5602409638554217
668715,SLG,25,0.4639175257731959
668715,SLG,26,0.4024390243902439
668715,SLG,27,0.4106090373280943
663886,SLG,24,0.43142857142857144
663886,SLG,26,0.37849462365591396
663886,SLG,27,0.4442013129102845
663886,SLG,28,0.4214046822742475
681082,SLG,24,0.3583138173302108
681082,SLG,25,0.4188034188034188
681082,SLG,26,0.3557312252964427
681082,SLG,27,0.3907815631262525
669065,SLG,27,0.543859649122807
553993,SLG,22,0.3360655737704918
553993,SLG,23,0.44623655913978494
553993,SLG,24,0.41061946902654867
553993,SLG,25,0.4606741573033708
553993,SLG,26,0.5256166982922201
553993,SLG,27,0.5721739130434783
553993,SLG,29,0.4277227722772277
553993,SLG,30,0.4585635359116022
553993,SLG,31,0.391304347826087
553993,SLG,32,0.46935201401050786
553993,SLG,33,0.5255102040816326
673548,SLG,27,0.4332493702770781
673548,SLG,28,0.4854368932038835
673548,SLG,29,0.482421875
673548,SLG,30,0.47810858143607704
621020,SLG,23,0.3237704918032787
621020,SLG,24,0.39539748953974896
621020,SLG,25,0.422360248447205
621020,SLG,26,0.4641350210970464
621020,SLG,27,0.4489795918367347
621020,SLG,28,0.446875
621020,SLG,29,0.415929203539823
621020,SLG,30,0.3895131086142322
621020,SLG,31,0.41694915254237286
665487,SLG,20,0.5898203592814372
665487,SLG,21,0.5714285714285714
665487,SLG,22,0.6108786610878661
665487,SLG,24,0.44869565217391305
665487,SLG,25,0.49246231155778897
665487,SLG,26,0.44612794612794615
665750,SLG,23,0.3662420382165605
665750,SLG,24,0.4207436399217221
665750,SLG,25,0.35208333333333336
657041,SLG,25,0.41150442477876104
657041,SLG,26,0.4036144578313253
657041,SLG,27,0.4681528662420382
657041,SLG,28,0.4004237288135593
679529,SLG,22,0.3194444444444444
679529,SLG,23,0.44554455445544555
679529,SLG,24,0.3742690058479532
679529,SLG,25,0.4564831261101243
650402,SLG,21,0.4802784222737819
650402,SLG,22,0.5347985347985348
650402,SLG,24,0.3660130718954248
650402,SLG,25,0.4505703422053232
650402,SLG,26,0.45302013422818793
650402,SLG,27,0.3781942078364566
650402,SLG,28,0.38721804511278196
678662,SLG,21,0.4079173838209983
678662,SLG,22,0.4687022900763359
678662,SLG,23,0.4
669707,SLG,26,0.3147208121827411
669707,SLG,27,0.3564954682779456
545361,SLG,20,0.5635062611806798
545361,SLG,21,0.5568760611205433
545361,SLG,22,0.5614617940199336
545361,SLG,23,0.5895652173913043
545361,SLG,24,0.5500910746812386
545361,SLG,25,0.6293532338308457
545361,SLG,26,0.6284501061571125
545361,SLG,27,0.6446808510638298
545361,SLG,30,0.6301369863013698
545361,SLG,31,0.4902597402597403
545361,SLG,33,0.43859649122807015
663656,SLG,23,0.5119617224880383
663656,SLG,24,0.5573122529644269
663656,SLG,25,0.47794117647058826
663656,SLG,26,0.5174216027874564
663656,SLG,27,0.5848375451263538
663656,SLG,28,0.464
668930,SLG,23,0.2995049504950495
668930,SLG,24,0.3488372093023256
668930,SLG,25,0.4349315068493151
607208,SLG,23,0.5667752442996743
607208,SLG,24,0.45145631067961167
607208,SLG,24,0.41566265060240964
607208,SLG,25,0.4971209213051823
607208,SLG,27,0.5879828326180258
607208,SLG,28,0.5361344537815126
607208,SLG,28,0.4662576687116564
607208,SLG,29,0.458528951486698
607208,SLG,31,0.4693069306930693
607208,SLG,32,0.4567062818336163
545121,SLG,27,0.4129353233830846
545121,SLG,30,0.3923444976076555
545121,SLG,31,0.36259541984732824
545121,SLG,32,0.3161764705882353
678246,SLG,23,0.3671875
678246,SLG,24,0.25728155339805825
678246,SLG,25,0.4007936507936508
662139,SLG,24,0.43661971830985913
662139,SLG,25,0.4425612052730697
662139,SLG,26,0.3889943074003795
662139,SLG,27,0.4074074074074074
662139,SLG,28,0.5483870967741935
668901,SLG,23,0.3669724770642202
668901,SLG,24,0.5157384987893463
668901,SLG,25,0.41273584905660377
663837,SLG,25,0.3507692307692308
663837,SLG,26,0.3883089770354906
663837,SLG,27,0.42277992277992277
572233,SLG,28,0.4763705103969754
572233,SLG,29,0.45871559633027525
572233,SLG,30,0.38154613466334164
572233,SLG,31,0.47684391080617494
572233,SLG,32,0.4965635738831615
572233,SLG,33,0.46764091858037576
572233,SLG,34,0.4205128205128205
691023,SLG,21,0.4452380952380952
691023,SLG,23,0.30578512396694213
670764,SLG,25,0.28501228501228504
670764,SLG,26,0.3333333333333333
670764,SLG,27,0.24770642201834864
670764,SLG,28,0.3191489361702128
621493,SLG,27,0.4375
621493,SLG,28,0.4727272727272727
621493,SLG,29,0.42134831460674155
621493,SLG,30,0.4256410256410256
621493,SLG,31,0.4749568221070812
669224,SLG,24,0.3954802259887006
669224,SLG,25,0.43640897755610975
810938,SLG,24,0.3104693140794224
805779,SLG,23,0.4444444444444444
691026,SLG,22,0.41567291311754684
691026,SLG,23,0.3625254582484725
677951,SLG,22,0.428087986463621
677951,SLG,23,0.49453978159126366
677951,SLG,24,0.5880503144654088
677951,SLG,25,0.5008025682182986
695578,SLG,21,0.4271186440677966
695578,SLG,22,0.47491638795986624
573262,SLG,28,0.5175202156334232
573262,SLG,30,0.45726495726495725
573262,SLG,31,0.3917525773195876
573262,SLG,32,0.44545454545454544
573262,SLG,33,0.4369158878504673
573262,SLG,34,0.4025157232704403
592885,SLG,21,0.3958333333333333
592885,SLG,22,0.4020618556701031
592885,SLG,23,0.41596638655462187
592885,SLG,24,0.4826989619377163
592885,SLG,25,0.43853820598006643
592885,SLG,26,0.5975609756097561
592885,SLG,27,0.6707566462167689
592885,SLG,28,0.43
592885,SLG,29,0.37343358395989973
592885,SLG,30,0.3826086956521739
592885,SLG,31,0.44727272727272727
592885,SLG,32,0.5037037037037037
592885,SLG,33,0.45200698080279234
807799,SLG,29,0.4450651769087523
807799,SLG,30,0.41534391534391535
702284,SLG,21,0.30493273542600896
696285,SLG,24,0.3311965811965812
696285,SLG,25,0.28703703703703703
682928,OPS,21,0.603943661971831
682928,OPS,22,0.7115871543897696
682928,OPS,23,0.7470082210487142
682928,OPS,24,0.7482160339388665
677800,OPS,25,0.7807942675480648
677800,OPS,26,0.7864765931119818
660670,OPS,20,0.9174661285809808
660670,OPS,21,0.8827404243098682
660670,OPS,23,0.9904040404040404
660670,OPS,24,0.7641205089369293
660670,OPS,25,1.0119719427428824
660670,OPS,27,0.9352272074452805
642715,OPS,22,0.7540760869565217
642715,OPS,23,0.7347744488851289
642715,OPS,25,0.8178222488081643
642715,OPS,26,0.7564765049471602
642715,OPS,27,0.7166200370762109
642715,OPS,28,0.7936904308044224
642715,OPS,29,0.7395679721367965
666176,OPS,23,0.6372188354004624
666176,OPS,25,0.6824691358024692
666176,OPS,26,0.7777733306650657
645277,OPS,20,0.8101306631772582
645277,OPS,21,0.7568079699933782
645277,OPS,22,0.8518518518518519
645277,OPS,24,0.7985719384278808
645277,OPS,25,0.7025871799888626
645277,OPS,26,0.8492890801901225
645277,OPS,27,0.7069570477918935
645277,OPS,28,0.6706895308564623
677942,OPS,26,0.7058026120019838
624413,OPS,24,0.9407789307286795
624413,OPS,25,0.8167444480205986
624413,OPS,26,0.8625156356248793
624413,OPS,27,0.8694127572167407
624413,OPS,28,0.8211503060918703
624413,OPS,29,0.7883779818250662
624413,OPS,30,0.8710060214820441
514888,OPS,21,0.6544092947894644
514888,OPS,22,0.7395611466098686
514888,OPS,23,0.6784880717797632
514888,OPS,24,0.8298008412739291
514888,OPS,25,0.8120173282031129
514888,OPS,26,0.9276085434173669
514888,OPS,27,0.9574424985256033
514888,OPS,28,0.8372169016916773
514888,OPS,29,0.9028336380255941
514888,OPS,31,0.8392585474234229
514888,OPS,32,0.9206240496625909
514888,OPS,33,0.9149051490514906
514888,OPS,34,0.7899303285578199
514888,OPS,35,0.7714264878999073
682626,OPS,21,0.7208607181315213
682626,OPS,22,0.7096149464570518
682626,OPS,23,0.7865046520501306
670541,OPS,22,1.0668761959185087
670541,OPS,24,0.8768801031370864
670541,OPS,25,1.0191830697462738
670541,OPS,26,0.9901848937844218
670541,OPS,27,0.9591549697592148
609280,OPS,23,0.8554334491040727
609280,OPS,29,0.6972326600095498
609280,OPS,30,0.8223111427814473
666018,OPS,27,0.8825541180991419
571448,OPS,22,0.7061310442386831
571448,OPS,23,0.8283261802575107
571448,OPS,24,0.8979835953520163
571448,OPS,25,0.9316482535431314
571448,OPS,26,0.9589649230409767
571448,OPS,27,0.9345288539144472
571448,OPS,28,0.9624874118831823
571448,OPS,30,0.8065020956591578
571448,OPS,31,0.8912781606532694
571448,OPS,32,0.7742880485527543
571448,OPS,33,0.7193848034667569
571448,OPS,34,0.6655494291793451
668227,OPS,26,0.81531754278346
668227,OPS,27,0.7725242744133132
668227,OPS,28,0.7885967687329681
668227,OPS,29,0.7197682655332929
668227,OPS,30,0.7600485024745925
650333,OPS,22,0.8375574105736029
650333,OPS,24,0.7331619612510487
650333,OPS,25,0.795268023077786
650333,OPS,26,0.8614982578397212
650333,OPS,27,0.7387333348953818
650333,OPS,28,0.7192356347005303
672275,OPS,24,0.6437959904217573
672275,OPS,25,0.6366912695888913
672275,OPS,26,0.6019690883688439
686948,OPS,24,0.8099429773570281
683146,OPS,23,0.5982708509620691
683146,OPS,25,0.7483395618214342
641343,OPS,22,0.6999631049583728
641343,OPS,23,0.6830244795241364
641343,OPS,25,0.5664046618783033
641343,OPS,27,0.6926349052017502
641343,OPS,28,0.6615051869999617
641355,OPS,21,0.9334397810218978
641355,OPS,22,0.8137314501284003
641355,OPS,23,1.0350928641251222
641355,OPS,24,0.7887323943661972
641355,OPS,25,0.5415873015873016
641355,OPS,26,0.6543434343434343
641355,OPS,27,0.8811652081140698
641355,OPS,28,0.7514883993406084
641355,OPS,29,0.813433300149328
605137,OPS,24,0.8001733356836477
605137,OPS,25,0.7679529448821054
605137,OPS,26,0.9363072703690748
605137,OPS,28,0.8227346003733242
605137,OPS,29,0.7839026915113871
605137,OPS,30,0.7438504183944947
605137,OPS,31,0.7246024542775795
605137,OPS,32,0.7412445278298937
643217,OPS,22,0.7756819431494896
643217,OPS,23,0.8302997423740897
643217,OPS,24,0.773821173571092
643217,OPS,26,0.7662130157399119
643217,OPS,27,0.7722092441181378
643217,OPS,28,0.6816783377338997
643217,OPS,29,0.6854984457456806
643217,OPS,30,0.7379886282871357
605141,OPS,22,0.8200758014342064
605141,OPS,23,0.8972398891063275
605141,OPS,24,0.8026998497101553
605141,OPS,25,1.078495364570283
605141,OPS,26,0.9152229513953146
605141,OPS,27,0.9274974941530237
605141,OPS,28,0.8543971907920406
605141,OPS,29,0.8728098974577848
605141,OPS,30,0.9871365316570796
605141,OPS,31,0.863204134366925
605141,OPS,32,0.7315643509591377
666182,OPS,23,0.8278532608695652
666182,OPS,24,0.802180246631048
666182,OPS,25,0.8140402306721721
666182,OPS,26,0.5983291226458429
666182,OPS,27,0.8395057675049795
668709,OPS,24,0.5861344537815126
668709,OPS,25,0.6656997731023102
668709,OPS,26,0.7615559167821259
668709,OPS,27,0.6975134459510643
593428,OPS,21,0.6597508288958103
593428,OPS,22,0.7757196232173867
593428,OPS,23,0.8023690879459371
593428,OPS,24,0.7461091881903554
593428,OPS,25,0.8827619815823082
593428,OPS,26,0.93932874756167
593428,OPS,27,0.8669074986316366
593428,OPS,28,0.8632013216839558
593428,OPS,29,0.8331934434811803
593428,OPS,30,0.7899732552858656
593428,OPS,31,0.6875365858581781
593428,OPS,32,0.7195323444505639
664761,OPS,24,0.6466616180739619
664761,OPS,25,0.7129833462243689
664761,OPS,26,0.7646082278889417
664761,OPS,27,0.7793365979197198
664761,OPS,28,0.740831964969896
608324,OPS,22,0.7909759955980467
608324,OPS,23,0.8268201438848921
608324,OPS,24,0.9263127731212838
608324,OPS,25,1.0152461675299533
608324,OPS,27,0.7774137931034483
608324,OPS,28,0.820233220580381
608324,OPS,29,0.8037741379616634
608324,OPS,30,0.7681252273628085
608324,OPS,31,0.8214897240301398
669394,OPS,27,0.8275519421860885
669394,OPS,28,0.7603312188271755
669394,OPS,29,0.6871563471192924
676475,OPS,24,0.6907677356656948
676475,OPS,25,0.7346645091160631
676475,OPS,26,0.8012939515546317
683737,OPS,26,0.7746131307959265
683737,OPS,27,0.865806168764184
671732,OPS,23,0.8073644328676297
671732,OPS,24,0.7099504102627249
621439,OPS,22,0.7139338710670525
621439,OPS,23,0.7276491624317711
621439,OPS,25,0.826908303212725
621439,OPS,27,1.005076227173731
621439,OPS,28,0.8327533107483831
621439,OPS,29,0.7314481268011528
621439,OPS,30,0.8589952083635835
621439,OPS,31,0.8777977738793782
676609,OPS,26,0.6632034632034631
676609,OPS,27,0.6302721088435375
676609,OPS,28,0.6859315721694337
695506,OPS,22,0.5323070607553366
691406,OPS,21,0.8457566152640763
686527,OPS,27,0.839690436705362
605170,OPS,25,0.7943915623714672
605170,OPS,27,0.6316724701152313
605170,OPS,28,0.6422312535237737
605170,OPS,29,0.7105182054330119
605170,OPS,30,0.7439296886637867
605170,OPS,31,0.7279039643330522
681481,OPS,25,0.8111611470744597
681481,OPS,26,0.9318311097321337
681481,OPS,27,0.7878401445928306
682998,OPS,22,0.8676970376833271
682998,OPS,23,0.7494297061397276
682998,OPS,24,0.8834592695698282
650489,OPS,24,0.6240202371472989
650489,OPS,25,0.6510107557019233
650489,OPS,26,0.7496808642060038
650489,OPS,27,0.7165349434098798
650489,OPS,28,0.6791374254555039
656305,OPS,24,0.7852972286862704
656305,OPS,25,0.863746171561528
656305,OPS,26,0.8477944753078519
656305,OPS,28,0.7161513259866641
656305,OPS,29,0.7567569994432771
656305,OPS,30,0.7548262091306568
656305,OPS,31,0.7902748471204892
656305,OPS,32,0.7697023343900531
665862,OPS,23,0.7275392625469443
665862,OPS,24,0.8602112676056337
665862,OPS,25,0.7610512851023322
665862,OPS,26,0.7596145580827617
665862,OPS,27,0.8125949522175937
694192,OPS,20,0.7909382284382285
694192,OPS,21,0.7704825099438682
676391,OPS,28,0.6922785458269329
676391,OPS,29,0.7114181496628718
665019,OPS,29,0.7151580459770115
686555,OPS,27,0.7788702312564443
575929,OPS,24,0.8449856974591956
575929,OPS,25,0.8546456370085539
575929,OPS,26,0.7297787534837374
575929,OPS,27,0.8878565607171964
575929,OPS,29,0.7778011720531985
575929,OPS,30,0.8154221292054968
575929,OPS,31,0.8255893147678686
575929,OPS,32,0.8483268063624047
575929,OPS,33,0.7909672960093128
661388,OPS,24,0.859711428207415
661388,OPS,25,0.8246205221615057
661388,OPS,26,0.830789222905657
661388,OPS,27,0.7543767460066382
681297,OPS,24,0.7677494025484124
681297,OPS,25,0.6547655453618757
641487,OPS,24,0.6839915919902644
641487,OPS,25,0.6744421906693712
641487,OPS,26,0.7146059900997094
641487,OPS,27,0.6753416121136586
641487,OPS,28,0.8177298062461293
641487,OPS,29,0.6251979727589484
641487,OPS,30,0.7220272904483431
686611,OPS,23,0.6310389417675365
630105,OPS,27,0.800474940632421
630105,OPS,28,0.7219841549780237
630105,OPS,29,0.6892677191803829
630105,OPS,30,0.7135676388342496
630105,OPS,31,0.7437549721559268
691718,OPS,22,0.6704782538918311
691718,OPS,23,0.7675929372200269
665833,OPS,23,0.7437798662660786
665833,OPS,25,0.7730413288938125
665833,OPS,26,0.6757134382415386
680779,OPS,23,0.6530718954248366
680779,OPS,25,0.5115907274180655
682829,OPS,21,0.7102632980010648
682829,OPS,22,0.8094905011051734
682829,OPS,23,0.7765761216909917
676356,OPS,25,0.6091030789825971
646240,OPS,20,0.8194819819819821
646240,OPS,21,0.7312925170068028
646240,OPS,22,0.915781605875466
646240,OPS,23,0.7932424916573971
646240,OPS,24,0.8904807045440646
646240,OPS,25,0.8790269096458021
646240,OPS,26,0.850609756097561
646240,OPS,27,0.8705997939941368
646240,OPS,28,0.8511490317579768
650490,OPS,27,0.8156276694608979
650490,OPS,29,0.7401466817721066
650490,OPS,30,0.8242666727287883
650490,OPS,31,0.9319047619047618
650490,OPS,32,0.7552392148113826
650490,OPS,33,0.8475811062542651
673237,OPS,24,0.8457204767063922
673237,OPS,25,0.7657429269707137
673237,OPS,26,0.7009247870256481
693307,OPS,26,0.752210433244916
691176,OPS,22,0.7194537745718848
643289,OPS,27,0.5646655985926554
643289,OPS,28,0.7200779930711513
643289,OPS,29,0.6571671056482294
643289,OPS,30,0.6436211450722102
677649,OPS,23,0.6426573426573426
677649,OPS,24,0.7675506669365904
677649,OPS,25,0.6086148206336737
677649,OPS,26,0.5587379727008279
680776,OPS,25,0.6452563088015475
680776,OPS,26,0.8281880986550079
680776,OPS,27,0.83376513154956
680776,OPS,28,0.7743095845903922
702332,OPS,25,0.7205128777894432
669364,OPS,24,0.8199925028114456
669364,OPS,25,0.6954736440030558
663743,OPS,25,0.6958717357910906
663743,OPS,26,0.5618197278911565
663743,OPS,27,0.5773281596452329
663743,OPS,28,0.6444571865443425
664034,OPS,26,0.8125259329112219
664034,OPS,27,0.7738069819579374
664034,OPS,28,0.7031112705101766
664034,OPS,29,0.6700173648371803
664034,OPS,30,0.6807685236256664
518692,OPS,21,0.7947929451025277
518692,OPS,22,0.7958781362007168
518692,OPS,23,0.896773895706318
518692,OPS,24,0.8468782285762153
518692,OPS,25,0.8412162162162162
518692,OPS,26,0.9684720109168327
518692,OPS,27,0.9890873717721966
518692,OPS,28,0.8924074099504264
518692,OPS,29,0.9381420590428056
518692,OPS,30,1.1020189769565527
518692,OPS,31,0.8961390887290168
518692,OPS,32,0.9182175695136812
518692,OPS,33,0.9763080363863144
518692,OPS,34,0.8537577068560653
518692,OPS,35,0.8686247174509196
671289,OPS,25,0.6264752791068581
671289,OPS,26,0.7152027994670054
686217,OPS,24,0.654582699523375
686217,OPS,25,0.7562399979350576
670770,OPS,26,0.7495090439276486
670770,OPS,27,0.8194028957759962
670770,OPS,28,0.6902058937457167
670770,OPS,29,0.7424086797075315
666969,OPS,28,0.7405626179499809
666969,OPS,29,0.756046140105916
666969,OPS,30,0.8356397536777285
666969,OPS,31,0.6841444270015699
666969,OPS,32,0.6650440451593596
671277,OPS,21,0.6863205928772387
671277,OPS,22,0.7035460992907802
671277,OPS,23,0.6883217755700977
671277,OPS,24,0.7621818181818182
671277,OPS,25,0.7008586299320576
672580,OPS,23,0.680715819133235
672580,OPS,24,0.6135243953585908
672580,OPS,25,0.8001723766429649
680869,OPS,23,0.8403703703703703
680869,OPS,24,0.6323936264646703
665926,OPS,23,0.8371003561392589
665926,OPS,24,0.7122892244869222
665926,OPS,25,0.6380353399221323
665926,OPS,26,0.5983959957711114
502671,OPS,24,0.8497272287367674
502671,OPS,25,0.9520591915055128
502671,OPS,26,0.9376613948664765
502671,OPS,27,1.0048234044391586
502671,OPS,28,0.8992851114774689
502671,OPS,29,0.9663384721682429
502671,OPS,30,0.9218531635407768
502671,OPS,31,0.8213001280914376
502671,OPS,33,0.8793391901562388
502671,OPS,34,0.9812381038702076
502671,OPS,35,0.8098540307474471
502671,OPS,36,0.7155618338256068
502671,OPS,37,0.7305466015042805
693304,OPS,25,0.7092095198233435
693304,OPS,26,0.6612243322525861
696100,OPS,24,0.644740182802979
696100,OPS,25,0.8433410094031856
669357,OPS,22,0.7208141884645345
669357,OPS,23,0.8054187192118227
669357,OPS,24,0.6711442786069652
669357,OPS,25,0.6663902708678828
682985,OPS,21,0.6822762903390003
682985,OPS,22,0.7956476393976394
682985,OPS,23,0.8267145958404802
682985,OPS,24,0.8063104325699746
663757,OPS,23,0.8078139534883721
663757,OPS,24,0.7404161111385446
663757,OPS,25,0.6257961032221542
663757,OPS,26,0.6663578212831944
663757,OPS,28,0.8112391730020139
665489,OPS,20,0.771711055950624
665489,OPS,21,0.7907565685343463
665489,OPS,22,1.0021395092886012
665489,OPS,23,0.8181507366327138
665489,OPS,24,0.7880963747430365
665489,OPS,25,0.9398139521884141
665489,OPS,26,0.8477753919904125
666152,OPS,26,0.6973969398484946
664023,OPS,22,0.8422034170209352
664023,OPS,23,0.761082586663982
664023,OPS,26,0.7571102907058846
664023,OPS,27,0.7814442420628762
664023,OPS,28,0.7913818054793154
664023,OPS,29,0.7820684637257813
664023,OPS,30,0.7624182564738753
547180,OPS,19,0.816615182468841
547180,OPS,20,0.8542701092353525
547180,OPS,21,0.7676832096474954
547180,OPS,22,1.1089970475502886
547180,OPS,23,0.8139172040773872
547180,OPS,24,1.0078397212543555
547180,OPS,25,0.8891693917593197
547180,OPS,26,0.8820326214347495
547180,OPS,28,1.0435648186286626
547180,OPS,29,0.8773632787717294
547180,OPS,30,0.9000048091951812
547180,OPS,31,0.8984704184704185
547180,OPS,32,0.8439224998279303
671739,OPS,21,0.853129117259552
671739,OPS,22,0.8080827413596379
671739,OPS,23,0.7224371373307543
671739,OPS,24,0.6776111426567353
641680,OPS,26,0.5979271857560456
641680,OPS,27,0.6967925561029009
641680,OPS,28,0.7550020309490428
641680,OPS,29,0.6023144265626594
641680,OPS,30,0.6024789029535864
683002,OPS,22,0.8140445567294441
683002,OPS,23,0.8929664216173256
683002,OPS,24,0.787169186453583
681715,OPS,25,0.784438775510204
606192,OPS,25,0.7705906454359946
606192,OPS,26,0.7784565451087406
606192,OPS,28,0.8698548510313217
606192,OPS,29,0.8068698143951454
606192,OPS,30,0.7405097345132743
606192,OPS,31,0.8403266230091357
606192,OPS,32,0.7384154114077452
671056,OPS,24,0.8000406215090891
671056,OPS,25,0.8372508591065293
689414,OPS,26,0.6926387721428349
663538,OPS,25,0.736449289640779
663538,OPS,26,0.729309375830388
663538,OPS,27,0.7082656502136374
663538,OPS,28,0.7391363623501933
687462,OPS,26,0.7898822098457206
687462,OPS,27,0.7868639875939146
656555,OPS,25,0.8499817797140231
656555,OPS,26,0.8185395922238028
656555,OPS,28,0.8636487607861798
656555,OPS,29,0.7941394517976109
656555,OPS,31,0.7216208618937445
656555,OPS,32,0.7480876824897281
691781,OPS,22,0.5736638979780183
592450,OPS,25,1.049135181617303
592450,OPS,26,0.9194113013798535
592450,OPS,27,0.9208484589650509
592450,OPS,29,0.9164641677437886
592450,OPS,30,1.1108204036101816
592450,OPS,31,1.0191925561914734
592450,OPS,32,1.159289220488731
592450,OPS,33,1.1441692823250458
666397,OPS,24,0.8394152624921856
666397,OPS,25,0.6156670746634028
673962,OPS,25,0.7810903034488361
673962,OPS,27,0.6835835681399258
690993,OPS,22,0.6891974792259217
690993,OPS,23,0.7463768115942029
608348,OPS,24,0.8256522118488788
608348,OPS,26,0.75380259492743
608348,OPS,27,0.6168707337503787
608348,OPS,29,0.6867645219605927
608348,OPS,30,0.7607258495387804
701762,OPS,22,1.0022443403590944
680757,OPS,24,0.7722862696471061
680757,OPS,25,0.710212790143536
680757,OPS,26,0.7930297397769517
680757,OPS,27,0.7048347826086956
669127,OPS,25,0.6808400891031259
669127,OPS,26,0.7385969819882823
669127,OPS,27,0.861430337529764
694671,OPS,22,0.7397847760152262
694671,OPS,23,0.7752973800576024
663616,OPS,24,0.6722591362126246
663616,OPS,27,0.7713028169014085
663616,OPS,28,0.7269000835973558
686797,OPS,24,0.6542398372875016
808982,OPS,26,0.7345334568187081
668904,OPS,24,0.9207720340126873
668904,OPS,25,0.7474394099051633
668904,OPS,26,0.6711762842510955
695734,OPS,22,0.845147238661418
596019,OPS,21,0.8349924585218703
596019,OPS,22,0.7937270861899621
596019,OPS,23,0.8424236978464672
596019,OPS,24,0.8706627628644013
596019,OPS,25,0.8537698402536275
596019,OPS,26,0.7498407034535491
596019,OPS,27,0.7338982471725835
596019,OPS,28,0.7877332613876523
596019,OPS,29,0.8063442092588026
596019,OPS,30,0.8439767779390421
596019,OPS,31,0.8114669246173166
672640,OPS,25,0.6903962738855336
672640,OPS,26,0.6723608635373342
664040,OPS,24,0.8499049508223819
664040,OPS,26,0.8632018843552921
664040,OPS,27,0.6912494000959846
664040,OPS,28,0.7709524736573139
664040,OPS,29,0.7833155080213904
664040,OPS,30,0.7847316591230904
666139,OPS,25,0.8353293413173652
666139,OPS,26,0.6932604255879834
666139,OPS,27,0.6495717544104641
663993,OPS,25,0.7714195428334927
663993,OPS,26,0.8505510020000784
663993,OPS,27,0.7746224382111153
663993,OPS,28,0.7622965148038894
663993,OPS,29,0.6885422368180989
664770,OPS,30,0.7297222953093979
592518,OPS,20,0.7456214831243437
592518,OPS,21,0.755056296914095
592518,OPS,22,0.8610194572759813
592518,OPS,23,0.8762033045977011
592518,OPS,24,0.7815734989648033
592518,OPS,25,0.9046883647854885
592518,OPS,26,0.7960114121652444
592518,OPS,27,0.9504358830146232
592518,OPS,28,0.8362367021276595
592518,OPS,29,0.8976014958413033
592518,OPS,30,0.7817143312404433
592518,OPS,31,0.7972142596754778
592518,OPS,32,0.7949708612130368
663968,OPS,29,0.6981120074016249
700932,OPS,24,0.7679368513843812
805300,OPS,24,0.8417167627693943
669016,OPS,23,0.6725345199921471
669016,OPS,24,0.6791937875916618
669016,OPS,25,0.8294706859220954
669016,OPS,26,0.7470813397129187
669016,OPS,27,0.7853145231544444
606466,OPS,21,0.7528468921815301
606466,OPS,22,0.6099114816810078
606466,OPS,23,0.7397168732964037
606466,OPS,24,0.7681446791550419
606466,OPS,25,0.9808021671722655
606466,OPS,27,0.9093582887700535
606466,OPS,28,0.7272925955066002
606466,OPS,29,0.8435230498850885
606466,OPS,30,0.9317365024912194
606466,OPS,31,0.8925659472422063
682657,OPS,23,0.6280554593369969
668885,OPS,25,0.6695783892956324
686681,OPS,25,0.654754164973588
686681,OPS,26,0.7425804914573548
686681,OPS,27,0.5810930412656268
691723,OPS,23,0.6871524275109283
664983,OPS,24,0.7686716191389089
664983,OPS,25,0.6442687747035574
664983,OPS,26,0.7494320805245176
664983,OPS,27,0.5912355366405107
656716,OPS,28,0.6536186848436247
656716,OPS,29,0.6136234136234137
656716,OPS,30,0.7713864306784661
680574,OPS,23,0.8641694143240763
680574,OPS,25,0.6427888228462116
641857,OPS,24,0.7789962825278811
641857,OPS,26,0.7794005491153142
641857,OPS,27,0.7406218236741363
641857,OPS,28,0.7527996896417949
641857,OPS,29,0.7218642770742304
641857,OPS,30,0.6934261786142942
643446,OPS,26,0.8522586520947176
643446,OPS,27,0.915852266832659
643446,OPS,29,0.679352453234085
643446,OPS,30,0.8360371666926804
643446,OPS,31,0.711111111111111
643446,OPS,32,0.6922895885911149
643446,OPS,33,0.745810177617958
678554,OPS,24,0.6200757575757576
805367,OPS,23,0.6486852589641434
701538,OPS,21,0.8259762308998302
701538,OPS,22,0.774245567710298
655316,OPS,26,0.677676460655184
666160,OPS,25,0.8016783968622141
666160,OPS,26,0.6456522800507762
666160,OPS,27,0.8242900126953028
695657,OPS,23,0.8403658283101226
672515,OPS,23,0.7470983176416114
672515,OPS,24,0.7336042221288123
672515,OPS,25,0.7859638054513803
656775,OPS,26,0.8778563777008781
656775,OPS,27,0.7213461765400047
656775,OPS,28,0.7211513186716901
656775,OPS,29,0.7102834541858932
656775,OPS,30,0.6897944966910484
571970,OPS,27,0.9731308718650491
571970,OPS,28,0.888914841917007
571970,OPS,29,0.7198077228666773
571970,OPS,30,0.8954062211104465
571970,OPS,31,0.7128242294781812
571970,OPS,32,0.8084370677731674
571970,OPS,33,0.8520326608199766
571970,OPS,34,0.8459372220941339
647304,OPS,22,0.7185742417158967
647304,OPS,24,0.700346450178396
647304,OPS,25,0.7713929213513295
647304,OPS,26,0.8424734066326987
647304,OPS,27,0.7761033792746812
647304,OPS,28,0.8155801104972376
687263,OPS,22,0.6850894590260781
687263,OPS,23,0.7605301805526417
687263,OPS,24,0.7929441653675154
607043,OPS,25,0.8864173015907276
607043,OPS,28,0.8379647435897436
607043,OPS,29,0.7999227997941327
607043,OPS,30,0.8289181251736317
607043,OPS,31,0.726599625435517
607043,OPS,32,0.7602325867424511
681393,OPS,25,0.6887707882107111
656811,OPS,25,0.6499835201054713
656811,OPS,27,0.6363606032296811
656811,OPS,29,0.8012946716857507
656811,OPS,30,0.7606446660147503
656811,OPS,31,0.8025176842889055
681351,OPS,24,0.7124487596119555
681351,OPS,25,0.6289361702127659
660271,OPS,23,0.9250729156190285
660271,OPS,24,0.8479979314420805
660271,OPS,26,0.9646357349559804
660271,OPS,27,0.8746271869138762
660271,OPS,28,1.0663814537053973
660271,OPS,29,1.0363363052042298
660271,OPS,30,1.013655398160167
621566,OPS,24,0.7882967607105538
621566,OPS,25,0.8955189420176305
621566,OPS,26,0.7340136054421769
621566,OPS,27,0.9112940341095872
621566,OPS,28,0.8020223696189361
621566,OPS,29,0.9925073099415205
621566,OPS,30,0.7895133819951339
621566,OPS,31,0.8499964584218728
687401,OPS,25,0.7264674302075877
687401,OPS,26,0.5930212765957448
542303,OPS,22,0.6925391849529781
542303,OPS,23,0.7718607206894557
542303,OPS,24,0.6911345734875147
542303,OPS,25,0.7731473825947275
542303,OPS,26,0.9236762631929212
542303,OPS,27,0.7583485423962906
542303,OPS,28,0.8000338009126247
542303,OPS,29,1.0666765227675932
542303,OPS,31,0.6869276931470057
542303,OPS,32,0.9047743498215196
542303,OPS,33,0.9246616801418133
542303,OPS,34,0.7557406268566484
681624,OPS,23,0.7123777550722523
681624,OPS,24,0.7737736660929432
680700,OPS,27,0.6642135642135643
670623,OPS,23,0.7395072594777616
670623,OPS,24,0.8398188885566613
670623,OPS,25,0.739322783243433
670623,OPS,26,0.8092701311879393
686469,OPS,24,0.832162738671245
686469,OPS,25,0.7615537615537615
686469,OPS,26,0.7602118940675494
686469,OPS,27,0.7976209028102437
592626,OPS,23,0.7631503716409377
592626,OPS,24,0.8466528389940369
592626,OPS,25,0.7378627564386078
592626,OPS,26,0.8427859556675641
592626,OPS,27,0.8762991785559879
592626,OPS,29,0.7316827316827317
592626,OPS,30,0.8744013613710951
592626,OPS,31,0.7644364114360828
592626,OPS,32,0.9077628997238301
592626,OPS,33,0.613547788431797
665161,OPS,24,0.7149123110929412
665161,OPS,25,0.7050920194767683
665161,OPS,26,0.7012611234062656
665161,OPS,27,0.8401420626782332
672724,OPS,25,0.4734848484848485
672695,OPS,22,0.5470170400517287
672695,OPS,23,0.7121527121527123
672695,OPS,24,0.7177192613534584
672695,OPS,25,0.8513565016091694
521692,OPS,22,0.7984570877531341
521692,OPS,23,0.7566616582852937
521692,OPS,24,0.6918930647389998
521692,OPS,25,0.7059013836529391
521692,OPS,26,0.7252889782072661
521692,OPS,27,0.7918808993937534
521692,OPS,28,0.7131127450980392
521692,OPS,31,0.8593378607809847
521692,OPS,32,0.7569232961968786
521692,OPS,33,0.7143206287544539
521692,OPS,34,0.78619334010258
521692,OPS,35,0.7292601985896042
678882,OPS,23,0.6638710844619042
678882,OPS,24,0.7084399618646193
663728,OPS,25,0.7735265385867796
663728,OPS,26,0.7619399993833441
663728,OPS,27,0.7479993467254613
663728,OPS,28,0.9477914227235946
670042,OPS,28,0.8235294117647058
670042,OPS,29,0.7829595873494635
608070,OPS,21,0.6463868180984307
608070,OPS,22,0.6311111111111112
608070,OPS,23,0.8249939042756128
608070,OPS,24,0.9565493937586962
608070,OPS,25,0.9387225984275389
608070,OPS,26,0.8058213777158518
608070,OPS,27,0.9931327077266027
608070,OPS,28,0.893389390210555
608070,OPS,29,0.8688876203893754
608070,OPS,30,0.8306375399395074
608070,OPS,31,0.8718985363080858
608070,OPS,32,0.8626485585802617
671218,OPS,24,0.7918675066043488
671218,OPS,25,0.7280575539568346
592663,OPS,24,0.695595262425428
592663,OPS,25,0.7714100322632973
592663,OPS,26,0.7827340371654525
592663,OPS,27,0.8245413798433023
592663,OPS,28,0.8202677584647844
592663,OPS,30,0.7817199505500525
592663,OPS,31,0.8198116138507598
592663,OPS,32,0.762351662219384
592663,OPS,33,0.7509812667261373
592663,OPS,34,0.6995805484800325
650859,OPS,22,0.6851333125842929
650859,OPS,25,0.7235654998195598
650859,OPS,26,0.7834882792448525
650859,OPS,27,0.7634957842073959
650859,OPS,28,0.6223663783544022
668804,OPS,24,0.8803443671060779
668804,OPS,26,0.9124542388276278
668804,OPS,27,0.8065314855102949
668804,OPS,28,0.7896178135888502
668804,OPS,29,0.7908759734587291
668804,OPS,30,0.7200871064709897
700250,OPS,26,0.836050548309649
663586,OPS,22,0.7502641991693086
663586,OPS,24,0.897577960981105
663586,OPS,25,0.8776616337591947
663586,OPS,26,0.861177815894797
663586,OPS,27,0.7831380910573185
663586,OPS,28,0.7366094475993805
677587,OPS,23,0.6136541656776644
677587,OPS,24,0.6303537460882371
677594,OPS,21,0.8534491193737769
677594,OPS,22,0.8180428134556574
677594,OPS,23,0.7338040285294227
677594,OPS,24,0.7978700423399292
660688,OPS,23,0.6729060913705585
660688,OPS,24,0.7170070017623483
660688,OPS,25,0.6192709386159962
660688,OPS,26,0.5948006168759639
668939,OPS,24,0.8064257457500268
668939,OPS,25,0.8094643971125568
668939,OPS,26,0.7087247253622035
668939,OPS,27,0.6733089423976857
660821,OPS,23,0.8077118837425628
660821,OPS,24,0.6824392924673293
660821,OPS,25,0.7766832917705736
660821,OPS,26,0.730610749931325
660821,OPS,27,0.6985014298652223
691594,OPS,22,0.6831483827060136
694384,OPS,22,0.7055186495269319
694384,OPS,23,0.7422854387656702
669477,OPS,24,0.5795851244915035
669477,OPS,26,0.7061165299637921
682177,OPS,28,0.6362223378186125
656941,OPS,22,0.8423803208285967
656941,OPS,24,0.7816394593645779
656941,OPS,25,0.8228889337715513
656941,OPS,26,0.8705351885710744
656941,OPS,28,0.9275577478728669
656941,OPS,29,0.827202710789533
656941,OPS,30,0.816559829059829
656941,OPS,31,0.8507727304825026
656941,OPS,32,0.9275547912626687
608369,OPS,22,0.8773183454865827
608369,OPS,23,0.8538681081211961
608369,OPS,25,0.8171832061357254
608369,OPS,26,0.9426642810670136
608369,OPS,27,0.9148894907083538
608369,OPS,28,0.7720540544665135
608369,OPS,29,1.0125668825682905
608369,OPS,30,0.864299397649847
608369,OPS,31,0.8598758131283264
543760,OPS,23,0.6726896292113683
543760,OPS,24,0.7146762589928057
543760,OPS,25,0.7348591549295774
543760,OPS,26,0.7223361433887749
543760,OPS,27,0.7057752035970314
543760,OPS,28,0.8915479268672866
543760,OPS,29,0.6794923287011005
543760,OPS,30,0.8725977019286174
543760,OPS,31,0.7330911476071545
543760,OPS,32,0.8260161956176564
543760,OPS,33,0.6985686736661667
543760,OPS,34,0.6690732329269264
657757,OPS,26,0.7062625347738889
657757,OPS,27,0.5986315710760488
657757,OPS,28,0.6603776925085527
657757,OPS,29,0.7462929812784367
802415,OPS,24,0.671098701413819
701358,OPS,22,0.6706498691430596
642086,OPS,26,0.6674883344400077
642086,OPS,28,0.6921624754713072
642086,OPS,29,0.6908854012437073
642086,OPS,30,0.75
691016,OPS,23,0.8203071438365557
624585,OPS,23,0.7231645295677109
624585,OPS,24,0.7694566813509545
624585,OPS,26,0.8204533161173249
624585,OPS,27,0.9223109070634211
624585,OPS,29,0.7486688591339754
624585,OPS,30,0.6950819672131148
624585,OPS,31,0.8532840722495895
624585,OPS,32,0.780194171998167
624585,OPS,33,0.6800904047667968
665742,OPS,19,0.9225877257449706
665742,OPS,20,0.9485774599779382
665742,OPS,22,0.9986963461140148
665742,OPS,23,0.853496712836632
665742,OPS,24,0.9295500727135089
665742,OPS,25,0.9887992831541219
665742,OPS,26,0.920641904127603
543807,OPS,24,0.8040284942274625
543807,OPS,25,0.8262461828117467
543807,OPS,26,0.8153927068723703
543807,OPS,27,0.8887239665188186
543807,OPS,28,0.7796027501909855
543807,OPS,29,0.9739077214220273
543807,OPS,31,0.9070901048460656
543807,OPS,32,0.8137038047046228
543807,OPS,33,0.7320273180453847
543807,OPS,34,0.6740679767125133
543807,OPS,35,0.9592046944253698
668715,OPS,25,0.8203085032168049
668715,OPS,26,0.7210365853658537
668715,OPS,27,0.7227783494974065
663886,OPS,24,0.7971002132196162
663886,OPS,26,0.6957093238493375
663886,OPS,27,0.7820653905801873
663886,OPS,28,0.737194155958458
681082,OPS,24,0.6529374732441893
681082,OPS,25,0.747441916456001
681082,OPS,26,0.670967652616933
681082,OPS,27,0.7187385523735643
669065,OPS,27,0.9122807017543859
553993,OPS,22,0.6522420443587271
553993,OPS,23,0.760957371322526
553993,OPS,24,0.7280038390424977
553993,OPS,25,0.8277627648983075
553993,OPS,26,0.8919533319555865
553993,OPS,27,0.9301799553395509
553993,OPS,29,0.7134370579915135
553993,OPS,30,0.7908369858321109
553993,OPS,31,0.7140709184312743
553993,OPS,32,0.7881020140105078
553993,OPS,33,0.8238359270648898
673548,OPS,27,0.7695722402322351
673548,OPS,28,0.8422121933754101
673548,OPS,29,0.8482338408119658
673548,OPS,30,0.8037614232179511
621020,OPS,23,0.6359302014221535
621020,OPS,24,0.6990028026327281
621020,OPS,25,0.7477278955060285
621020,OPS,26,0.8088319907940161
621020,OPS,27,0.7603292850882684
621020,OPS,28,0.7758979885057471
621020,OPS,29,0.7435154104363747
621020,OPS,30,0.7014861271639793
621020,OPS,31,0.7166385935361617
665487,OPS,20,0.9688526173459533
665487,OPS,21,0.9371873262923847
665487,OPS,22,0.9753475255567305
665487,OPS,24,0.7704622136881086
665487,OPS,25,0.8326449599596155
665487,OPS,26,0.8137111588631125
665750,OPS,23,0.6750655676283253
665750,OPS,24,0.7329033495405969
665750,OPS,25,0.6410567173637516
657041,OPS,25,0.752413515687852
657041,OPS,26,0.7047093483422742
657041,OPS,27,0.7834021331042083
657041,OPS,28,0.7091358500256806
679529,OPS,22,0.6040979097909791
679529,OPS,23,0.7584100515314689
679529,OPS,24,0.6690058479532164
679529,OPS,25,0.7893028487603555
650402,OPS,21,0.8198229357313389
650402,OPS,22,0.8714486177172744
650402,OPS,24,0.6967523715063197
650402,OPS,25,0.7605528290704721
650402,OPS,26,0.7997463247043783
650402,OPS,27,0.7085109499179045
650402,OPS,28,0.7454982998898521
678662,OPS,21,0.6950299449955497
678662,OPS,22,0.7633321884798192
678662,OPS,23,0.6942708333333334
669707,OPS,26,0.6106849377432793
669707,OPS,27,0.6674874253825032
545361,OPS,20,0.9625672940445296
545361,OPS,21,0.9884403069305991
545361,OPS,22,0.9387667585589407
545361,OPS,23,0.9913247481830931
545361,OPS,24,0.9906197090424721
545361,OPS,25,1.0711678294915952
545361,OPS,26,1.0880876679363547
545361,OPS,27,1.0830141843971632
545361,OPS,30,0.9988744612512697
545361,OPS,31,0.8576630551768674
545361,OPS,33,0.7971550497866287
663656,OPS,23,0.8365231259968102
663656,OPS,24,0.916604288362657
663656,OPS,25,0.8079741797709183
663656,OPS,26,0.8862371949913544
663656,OPS,27,0.992575640364449
663656,OPS,28,0.8411043771043771
668930,OPS,23,0.5848982089220158
668930,OPS,24,0.6647981213544428
668930,OPS,25,0.7941400304414004
607208,OPS,23,0.9371456146700446
607208,OPS,24,0.7892639169435938
607208,OPS,24,0.759836092336827
607208,OPS,25,0.8503722394071156
607208,OPS,27,0.9818052264404196
607208,OPS,28,0.9107474568774878
607208,OPS,28,0.809033872677662
607208,OPS,29,0.7783552901263506
607208,OPS,31,0.8069692683554069
607208,OPS,32,0.8119488483437884
545121,OPS,27,0.7115135224352173
545121,OPS,30,0.6909870315443071
545121,OPS,31,0.6664823456423812
545121,OPS,32,0.6114784840110541
678246,OPS,23,0.671823261589404
678246,OPS,24,0.5062267010773831
678246,OPS,25,0.7171381147655314
662139,OPS,24,0.755091055889477
662139,OPS,25,0.7447683360031206
662139,OPS,26,0.6739684006646283
662139,OPS,27,0.7003761574074074
662139,OPS,28,0.8325199381026067
668901,OPS,23,0.6201913611843919
668901,OPS,24,0.8373244018730468
668901,OPS,25,0.7021526957088715
663837,OPS,25,0.6476879982762336
663837,OPS,26,0.7172314723095927
663837,OPS,27,0.7349492349492349
572233,OPS,28,0.8246292168646372
572233,OPS,29,0.7920489296636086
572233,OPS,30,0.6961528762363753
572233,OPS,31,0.8036804925153204
572233,OPS,32,0.8298969072164948
572233,OPS,33,0.8027858461166076
572233,OPS,34,0.7173878205128206
691023,OPS,21,0.7871735791090629
691023,OPS,23,0.5835629017447199
670764,OPS,25,0.5528308595263239
670764,OPS,26,0.6379310344827587
670764,OPS,27,0.5294524537643803
670764,OPS,28,0.5994037132402765
621493,OPS,27,0.7694148936170213
621493,OPS,28,0.832656350741457
621493,OPS,29,0.7563116397901156
621493,OPS,30,0.7484162895927602
621493,OPS,31,0.791698903555045
669224,OPS,24,0.7175141242937852
669224,OPS,25,0.711576762791009
810938,OPS,24,0.6039846724411971
805779,OPS,23,0.7995308168052889
691026,OPS,22,0.7295530393005121
691026,OPS,23,0.6728058320802481
677951,OPS,22,0.7223917839319755
677951,OPS,23,0.8134431004945826
677951,OPS,24,0.9773309914752819
677951,OPS,25,0.8516031504599288
695578,OPS,21,0.7812853107344633
695578,OPS,22,0.8246986811383858
573262,OPS,28,0.8516665570968378
573262,OPS,30,0.7679994205417935
573262,OPS,31,0.6969590405152788
573262,OPS,32,0.7752698488846246
573262,OPS,33,0.7392414692458161
573262,OPS,34,0.7352495362200806
592885,OPS,21,0.7657967032967032
592885,OPS,22,0.7643145192926297
592885,OPS,23,0.7816806722689076
592885,OPS,24,0.8590267312852125
592885,OPS,25,0.8074142866717091
592885,OPS,26,1.0000187329062231
592885,OPS,27,1.100066991044355
592885,OPS,28,0.7862753036437247
592885,OPS,29,0.7355388471177945
592885,OPS,30,0.7378325762491889
592885,OPS,31,0.8175258918296893
592885,OPS,32,0.9094545024257483
592885,OPS,33,0.7951746826661463
807799,OPS,29,0.782996211391511
807799,OPS,30,0.7645125614246755
702284,OPS,21,0.6068935197397345
696285,OPS,24,0.6476028311965811
696285,OPS,25,0.582811684924361
671096,K9,24,9.878048780487806
671096,K9,25,7.434782608695652
671096,K9,26,8.062124248496994
645261,K9,23,6.886824324324324
645261,K9,25,8.79578606158833
645261,K9,26,8.147230320699709
645261,K9,27,7.359205776173286
645261,K9,29,7.316793893129772
681293,K9,24,10.613793103448275
676879,K9,24,10.565217391304348
676879,K9,27,10.26
677952,K9,25,9.17224880382775
665871,K9,25,7.737804878048781
665871,K9,26,7.591836734693878
669199,K9,30,9.507042253521126
605135,K9,26,6.6976744186046515
605135,K9,30,8.8125
605135,K9,31,7.857142857142857
605135,K9,32,9.095338983050848
605135,K9,33,8.273394495412845
605135,K9,34,8.37
605135,K9,35,8.842105263157896
605135,K9,36,8.771037181996086
669358,K9,25,7.827731092436975
669358,K9,26,9.523046092184368
670280,K9,26,11.423076923076923
670280,K9,27,12.019354838709678
670280,K9,28,10.693069306930694
670280,K9,29,9.052023121387284
670280,K9,30,12.351063829787234
678394,K9,23,8.633720930232558
678394,K9,24,7.56687898089172
678394,K9,25,8.482546201232033
678394,K9,26,6.696000000000001
676440,K9,24,8.93661971830986
676440,K9,25,9.69097888675624
676440,K9,26,7.996343692870201
621112,K9,23,3.375
621112,K9,28,7.194610778443114
621112,K9,29,9.028938906752412
621112,K9,30,7.048672566371682
571510,K9,24,6.75
571510,K9,25,7.582191780821918
571510,K9,26,7.333333333333333
571510,K9,27,8.401174168297455
571510,K9,28,11.557553956834532
571510,K9,29,8.950276243093922
571510,K9,30,7.665254237288135
571510,K9,32,9.253521126760564
571510,K9,34,7.714285714285714
680694,K9,25,8.490084985835693
680694,K9,26,8.964426877470355
671737,K9,22,11.09235668789809
671737,K9,23,10.043478260869565
671737,K9,24,8.011682242990656
623211,K9,33,9.97159090909091
623211,K9,34,8.883870967741936
623211,K9,35,8.142857142857142
676962,K9,24,10.409638554216867
676962,K9,25,10.241379310344827
686613,K9,24,10.291220556745182
686613,K9,25,9.476470588235294
686613,K9,26,10.003597122302157
664141,K9,27,9.337801608579088
664141,K9,28,9.1875
621111,K9,23,9.895631067961164
621111,K9,24,10.612431444241317
621111,K9,26,9.187800963081862
621111,K9,27,8.03076923076923
621111,K9,29,7.646017699115045
621111,K9,30,6.571428571428571
656271,K9,25,9.838056680161944
656271,K9,26,7.843575418994414
656271,K9,28,7.58918918918919
680732,K9,25,8.910669975186103
681347,K9,25,9.09375
665795,K9,24,9.41860465116279
665795,K9,25,10.655518394648828
665795,K9,26,9.996539792387544
665795,K9,27,9.80629539951574
702070,K9,25,7.416867469879517
656288,K9,23,9.564575645756458
656288,K9,24,8.946745562130177
656288,K9,25,8.904255319148936
656288,K9,27,9.850393700787402
656288,K9,28,6.815533980582525
656288,K9,29,8.253275109170307
676282,K9,25,10.195804195804197
622491,K9,24,9.87313432835821
622491,K9,25,8.7524557956778
622491,K9,26,10.667832167832168
622491,K9,27,11.442857142857143
622491,K9,28,9.207815275310836
622491,K9,29,9.997782705099779
622491,K9,30,10.00507614213198
622491,K9,31,8.982889733840304
622491,K9,32,8.070110701107012
656302,K9,23,9.986301369863014
656302,K9,24,6.788571428571428
656302,K9,25,12.277665995975855
656302,K9,26,11.103260869565217
656302,K9,27,10.88135593220339
656302,K9,28,10.647887323943662
656302,K9,29,11.517857142857142
677944,K9,25,7.48051948051948
677944,K9,26,7.431818181818182
650644,K9,24,7.179190751445087
650644,K9,25,8.391891891891891
650644,K9,26,7.166219839142092
650644,K9,27,9.092783505154639
650644,K9,28,8.534059945504087
650644,K9,29,8.329192546583851
650644,K9,30,7.764705882352941
543037,K9,22,7.670454545454546
543037,K9,23,9.0
543037,K9,24,8.740384615384615
543037,K9,25,7.603448275862069
543037,K9,26,8.689655172413794
543037,K9,27,12.399334442595674
543037,K9,28,13.817896389324961
543037,K9,29,11.58904109589041
543037,K9,30,12.060661764705882
543037,K9,31,11.526578073089702
543037,K9,32,9.559808612440191
543037,K9,33,9.378947368421052
571578,K9,22,7.233644859813084
571578,K9,23,7.6895999999999995
571578,K9,25,8.258823529411766
571578,K9,26,7.5738758029978595
571578,K9,27,8.44639718804921
571578,K9,28,11.07
571578,K9,29,10.603960396039604
571578,K9,30,8.223350253807107
571578,K9,31,7.497087378640777
571578,K9,32,7.54585152838428
571578,K9,33,6.2
571578,K9,34,7.162213740458015
571578,K9,35,7.590128755364806
594798,K9,26,9.235154394299286
594798,K9,27,9.659685863874346
594798,K9,28,8.695945945945946
594798,K9,29,10.683774834437086
594798,K9,30,11.15668202764977
594798,K9,31,11.25
594798,K9,32,13.764705882352942
594798,K9,33,14.282608695652174
594798,K9,34,14.269430051813472
594798,K9,37,9.642857142857144
660853,K9,26,10.29375
660853,K9,27,8.49746192893401
660853,K9,28,9.28125
660853,K9,29,8.454545454545455
672282,K9,22,8.511627906976743
672282,K9,23,10.170403587443946
672282,K9,24,11.232824427480917
672282,K9,25,11.30890052356021
693821,K9,23,7.833333333333333
693821,K9,24,6.595419847328245
693821,K9,26,7.541577825159914
543135,K9,22,5.88268156424581
543135,K9,23,6.601880877742947
543135,K9,24,6.400667779632721
543135,K9,25,7.056155507559395
543135,K9,26,7.002673796791443
543135,K9,28,8.18918918918919
543135,K9,29,9.310344827586206
543135,K9,31,9.625228519195613
543135,K9,32,8.478658536585366
543135,K9,33,8.25
543135,K9,34,8.75390625
543135,K9,35,8.930769230769231
607200,K9,25,8.225165562913906
607200,K9,26,4.730769230769231
607200,K9,27,5.006622516556291
607200,K9,28,8.639999999999999
607200,K9,29,6.661417322834645
607200,K9,31,7.81578947368421
607200,K9,32,5.297872340425532
663372,K9,25,7.767123287671233
663372,K9,27,7.6509240246406565
680755,K9,24,11.16
656427,K9,22,10.847682119205299
656427,K9,23,10.589134125636672
656427,K9,25,9.76595744680851
656427,K9,27,9.22863741339492
656427,K9,28,10.777777777777779
656427,K9,29,10.509316770186336
607536,K9,24,6.173076923076923
607536,K9,25,7.695222405271828
607536,K9,26,6.814696485623004
607536,K9,27,5.8584905660377355
607536,K9,28,7.831491712707182
607536,K9,29,6.75
607536,K9,30,5.434689507494647
607536,K9,31,6.75
607536,K9,32,6.860655737704918
608331,K9,25,9.398390342052314
608331,K9,26,8.035714285714286
608331,K9,27,8.583501006036217
608331,K9,28,8.255395683453237
608331,K9,29,9.27038626609442
608331,K9,30,8.5697896749522
608331,K9,31,8.708191126279862
668678,K9,23,10.8
668678,K9,24,10.25
668678,K9,25,10.31043956043956
668678,K9,26,9.391304347826088
668678,K9,27,9.428571428571429
668678,K9,28,9.486486486486486
668678,K9,29,8.203125
592332,K9,23,6.988235294117647
592332,K9,24,8.252225519287833
592332,K9,25,8.716141001855288
592332,K9,26,8.630357142857143
592332,K9,27,7.252268602540835
592332,K9,28,10.026058631921824
592332,K9,29,11.916201117318437
592332,K9,30,10.640625
592332,K9,31,10.562977099236642
592332,K9,32,11.52972972972973
592332,K9,33,8.05524861878453
592332,K9,34,8.813471502590673
669302,K9,24,9.653631284916202
669302,K9,25,8.43447037701975
669302,K9,26,8.921328671328672
669302,K9,27,9.488817891373802
669302,K9,28,11.885496183206106
669372,K9,26,9.863468634686347
672782,K9,25,8.329787234042554
685299,K9,27,7.407079646017699
669022,K9,23,9.257142857142858
669022,K9,24,9.968215158924204
669022,K9,25,9.793587174348696
669022,K9,26,10.427974947807934
543243,K9,23,9.421875
543243,K9,24,7.52054794520548
543243,K9,25,7.3125
543243,K9,26,7.230769230769231
543243,K9,27,8.482546201232033
543243,K9,28,8.493606138107417
543243,K9,29,10.522813688212928
543243,K9,30,11.571428571428571
543243,K9,31,10.307881773399014
543243,K9,32,8.799442896935933
543243,K9,33,8.951086956521738
543243,K9,34,10.983967935871743
543243,K9,35,10.012915129151292
676106,K9,25,5.785714285714286
676106,K9,26,6.4
663687,K9,26,8.0
663687,K9,27,7.589861751152074
663687,K9,28,9.04639175257732
690986,K9,22,8.541554959785524
605280,K9,26,10.08
605280,K9,28,10.028571428571428
605280,K9,29,9.188481675392671
605280,K9,30,10.142857142857142
605280,K9,31,9.714285714285714
605280,K9,32,7.008048289738431
656550,K9,28,9.219512195121952
656550,K9,29,9.626086956521739
663947,K9,27,7.8046875
663947,K9,28,7.346289752650177
663947,K9,29,7.322033898305084
605288,K9,26,9.45808383233533
605288,K9,27,7.071428571428571
605288,K9,28,6.639344262295081
605288,K9,29,6.048701298701299
605288,K9,30,7.7604790419161676
605288,K9,31,5.841346153846154
605288,K9,32,6.624
684007,K9,30,9.034615384615384
684007,K9,31,7.278801843317972
663623,K9,26,7.363636363636363
663623,K9,27,7.481349911190054
663623,K9,28,6.2
643377,K9,26,7.134146341463414
643377,K9,27,9.705069124423964
643377,K9,28,9.36734693877551
643377,K9,29,12.04225352112676
643377,K9,30,13.5
683003,K9,22,9.764383561643836
676083,K9,29,6.3
656605,K9,25,8.225165562913906
656605,K9,26,7.811320754716981
656605,K9,27,9.725557461406517
656605,K9,28,8.393258426966293
656605,K9,29,7.655954631379962
687330,K9,25,7.522388059701493
687330,K9,26,8.023584905660377
518876,K9,30,7.756363636363636
518876,K9,32,7.405063291139241
518876,K9,33,7.951747088186356
518876,K9,34,9.472795497185741
518876,K9,35,7.69683257918552
518876,K9,36,8.168478260869565
650633,K9,26,8.810526315789474
650633,K9,27,11.647058823529411
650633,K9,28,10.920382165605096
650633,K9,29,10.416506717850288
650633,K9,30,9.327272727272728
669923,K9,24,9.207692307692307
669923,K9,25,8.11888111888112
669923,K9,26,8.434554973821989
669923,K9,27,9.785714285714286
686799,K9,23,3.4438775510204085
686799,K9,24,5.837837837837838
663568,K9,28,6.150887573964496
663567,K9,22,5.742537313432836
663567,K9,26,7.316793893129772
663567,K9,27,7.33695652173913
656641,K9,29,7.984435797665369
641778,K9,23,8.035714285714286
641778,K9,24,8.298440979955457
641778,K9,26,8.873595505617978
641778,K9,27,8.90546218487395
641778,K9,30,8.770700636942674
681517,K9,28,8.181818181818182
669276,K9,27,10.480263157894738
669276,K9,29,11.46368715083799
669276,K9,30,10.009756097560976
683004,K9,25,8.782417582417583
669461,K9,23,6.713513513513513
669461,K9,24,7.953488372093023
669461,K9,25,7.23956043956044
641793,K9,25,9.194594594594594
641793,K9,27,7.4
641793,K9,28,8.11727078891258
641793,K9,29,6.267857142857143
666157,K9,24,11.40967741935484
666157,K9,26,9.520231213872833
666157,K9,27,8.961702127659574
682052,K9,27,10.974820143884891
625643,K9,24,7.203180212014135
625643,K9,25,8.266304347826088
625643,K9,27,8.583815028901734
625643,K9,28,8.678571428571429
625643,K9,29,11.318181818181818
625643,K9,30,9.818181818181818
695418,K9,25,7.438775510204082
547179,K9,23,6.591176470588236
547179,K9,24,8.64
547179,K9,25,8.674698795180722
547179,K9,26,6.0
547179,K9,27,9.18
547179,K9,30,7.832764505119454
547179,K9,31,6.529411764705882
547179,K9,32,6.698209718670077
547179,K9,33,8.068235294117647
607625,K9,26,6.328125
607625,K9,27,7.549342105263158
607625,K9,28,9.148026315789474
607625,K9,29,11.7
607625,K9,32,9.553846153846154
607625,K9,33,8.610478359908884
607625,K9,34,7.8822580645161295
607625,K9,35,7.740825688073394
666200,K9,22,9.0
666200,K9,23,9.251748251748252
666200,K9,24,10.764119601328904
666200,K9,25,10.477611940298509
666200,K9,26,7.829999999999999
666200,K9,27,10.584392014519057
641816,K9,23,8.839285714285714
641816,K9,24,8.953727506426736
641816,K9,26,10.5
641816,K9,27,9.397790055248619
641816,K9,30,6.8538461538461535
640455,K9,24,7.714285714285714
640455,K9,25,7.9411764705882355
640455,K9,26,6.049792531120333
640455,K9,28,7.5
640455,K9,29,9.736059479553903
640455,K9,30,8.886075949367088
640455,K9,31,9.790368271954673
640455,K9,32,9.11559633027523
640455,K9,33,11.126373626373626
608566,K9,22,8.166666666666666
608566,K9,23,10.561224489795919
608566,K9,24,9.051724137931034
608566,K9,25,8.044897959183674
608566,K9,26,8.8
608566,K9,27,7.431192660550459
608566,K9,30,5.912928759894459
663436,K9,25,6.821052631578947
663436,K9,27,8.46
663436,K9,28,6.560747663551402
607259,K9,23,4.938242280285035
607259,K9,24,5.544
607259,K9,26,5.416167664670659
607259,K9,31,8.04075235109718
607259,K9,32,8.646525679758309
607259,K9,33,7.334894613583137
607259,K9,34,6.301810865191147
805673,K9,25,9.983193277310924
571927,K9,25,8.77329974811083
571927,K9,26,6.4799999999999995
571927,K9,27,8.883116883116884
571927,K9,28,8.588357588357589
571927,K9,30,8.601769911504425
571927,K9,32,8.4
571927,K9,34,6.926086956521739
669160,K9,22,7.071428571428571
669160,K9,27,8.365239294710326
641835,K9,27,9.642857142857142
641835,K9,29,9.679245283018869
641835,K9,31,8.94375
663556,K9,24,10.28918918918919
663556,K9,25,10.496993987975952
663556,K9,26,9.469565217391304
700241,K9,24,5.456445993031359
665622,K9,24,8.699088145896656
676974,K9,25,7.2631578947368425
676974,K9,26,9.463917525773196
571945,K9,25,5.965116279069767
571945,K9,29,6.548172757475084
571945,K9,30,7.043478260869565
571945,K9,33,6.805601317957166
571945,K9,34,6.124172185430464
571945,K9,35,6.396116504854369
571945,K9,36,5.756929637526652
682243,K9,24,8.154822335025381
682243,K9,25,8.534195933456562
682243,K9,26,7.372693726937269
694819,K9,23,11.863636363636363
663554,K9,24,7.064301552106429
663554,K9,27,6.859934853420196
663554,K9,28,8.395973154362416
669387,K9,25,8.171052631578947
669387,K9,26,8.090909090909092
672456,K9,23,7.047457627118645
672456,K9,24,7.147058823529411
670970,K9,25,10.036649214659686
670970,K9,26,8.552036199095022
669194,K9,25,6.0
669194,K9,26,7.526548672566372
669194,K9,27,7.714285714285714
656794,K9,24,9.72
656794,K9,25,8.78048780487805
656794,K9,26,8.560975609756099
656794,K9,32,8.870036101083032
605400,K9,22,7.879828326180257
605400,K9,23,9.81081081081081
605400,K9,24,9.857142857142858
605400,K9,25,9.494505494505495
605400,K9,26,10.186161449752882
605400,K9,27,12.112149532710282
605400,K9,28,11.108856088560886
605400,K9,29,10.317073170731707
605400,K9,30,9.387263339070568
605400,K9,31,8.894648829431437
605400,K9,32,9.254416961130742
641927,K9,25,9.35740072202166
641927,K9,26,8.196428571428571
641927,K9,27,9.10392609699769
641927,K9,28,9.621268656716419
641927,K9,29,7.380410022779043
660271,K9,23,10.974193548387097
660271,K9,26,10.77237851662404
660271,K9,27,11.873493975903614
660271,K9,28,11.386363636363637
595345,K9,30,11.045454545454545
595345,K9,31,11.198863636363637
595345,K9,33,10.548837209302325
663978,K9,23,9.789099526066352
663978,K9,24,8.847457627118644
663978,K9,25,8.224615384615385
663978,K9,28,8.049056603773586
663978,K9,29,6.379746835443038
669467,K9,23,6.083333333333333
669467,K9,24,5.6911764705882355
669467,K9,25,6.972527472527473
669467,K9,26,6.1413934426229515
694477,K9,26,9.551532033426183
642547,K9,22,11.029787234042553
642547,K9,23,12.176470588235293
642547,K9,25,12.159353348729791
642547,K9,26,9.923076923076923
642547,K9,27,11.408450704225352
642547,K9,28,10.36468330134357
642547,K9,29,10.39245283018868
593974,K9,25,7.932989690721649
593974,K9,29,7.588235294117647
593974,K9,30,7.50887573964497
593974,K9,31,8.5
593974,K9,33,7.911627906976744
691587,K9,20,10.642335766423358
691587,K9,22,9.912587412587413
527048,K9,22,6.080428954423593
527048,K9,23,6.136363636363636
527048,K9,24,5.491525423728813
527048,K9,25,4.666107382550336
527048,K9,26,5.594594594594595
527048,K9,27,5.484375
527048,K9,28,7.348790322580645
527048,K9,29,6.67741935483871
527048,K9,30,7.657894736842105
527048,K9,31,7.7470288624787775
527048,K9,32,5.908235294117647
527048,K9,33,7.133333333333334
527048,K9,34,7.071428571428571
656849,K9,25,9.315
656849,K9,26,10.73186119873817
656849,K9,27,10.378378378378379
656849,K9,28,7.512396694214876
656849,K9,29,8.003952569169961
694297,K9,24,8.8125
694297,K9,25,9.1651376146789
694297,K9,26,7.488679245283019
663969,K9,27,6.0257510729613735
615698,K9,24,7.776699029126213
615698,K9,26,7.276169265033408
615698,K9,27,6.182468694096601
615698,K9,28,5.237458193979933
615698,K9,29,6.674157303370786
615698,K9,30,6.501416430594901
656876,K9,25,8.644736842105264
656876,K9,26,7.705479452054795
656876,K9,29,7.62
592662,K9,23,8.389033942558747
592662,K9,24,11.254302103250478
592662,K9,25,12.11111111111111
592662,K9,26,12.008086253369271
592662,K9,27,12.131931166347991
592662,K9,28,11.845161290322581
592662,K9,29,11.544827586206896
592662,K9,30,10.095238095238095
592662,K9,33,9.180987202925046
607067,K9,25,7.012987012987013
607067,K9,32,7.941176470588235
607067,K9,33,7.246520874751491
607067,K9,34,7.173640167364017
670950,K9,25,9.261213720316624
670950,K9,26,8.445812807881772
670950,K9,28,10.911917098445597
670950,K9,29,11.53125
670950,K9,30,13.004587155963302
670950,K9,31,8.540816326530614
677958,K9,25,7.83419689119171
593958,K9,22,7.24931506849315
593958,K9,23,8.411214953271028
593958,K9,24,9.83009708737864
593958,K9,25,10.133676092544988
593958,K9,26,9.427868852459016
593958,K9,28,10.560253699788584
593958,K9,29,7.1208791208791204
593958,K9,30,8.430131004366812
593958,K9,31,8.46
593958,K9,32,8.339092872570195
669432,K9,23,10.62406015037594
669432,K9,24,8.91588785046729
669432,K9,26,7.021447721179625
669432,K9,27,8.45288753799392
643511,K9,30,6.111111111111111
643511,K9,31,5.828193832599118
643511,K9,32,7.297297297297297
643511,K9,33,6.526066350710901
643511,K9,34,5.586206896551724
694738,K9,25,8.403973509933774
694738,K9,26,8.60625
657746,K9,26,9.244897959183673
657746,K9,27,10.96701030927835
657746,K9,28,9.8
657746,K9,29,10.210526315789474
519242,K9,22,10.014084507042254
519242,K9,23,9.0
519242,K9,24,9.489891135303266
519242,K9,25,10.758620689655173
519242,K9,26,11.817891373801917
519242,K9,27,9.251470588235295
519242,K9,28,12.93312597200622
519242,K9,29,13.5
519242,K9,30,13.316742081447963
519242,K9,34,10.957792207792208
519242,K9,35,11.397748592870546
519242,K9,36,11.816976127320954
650911,K9,26,8.697986577181208
650911,K9,27,7.579816513761468
650911,K9,28,9.445544554455445
693645,K9,24,10.356164383561644
622608,K9,22,6.816831683168317
622608,K9,23,6.874538745387454
622608,K9,24,5.4866310160427805
622608,K9,25,5.031818181818182
622608,K9,26,6.031914893617022
622608,K9,27,5.263537906137184
622608,K9,30,5.053846153846154
622663,K9,21,8.085561497326204
622663,K9,22,8.366197183098592
622663,K9,23,10.706896551724137
622663,K9,24,10.348432055749129
622663,K9,28,9.882352941176471
622663,K9,29,7.958955223880597
622663,K9,30,7.961538461538462
622663,K9,31,6.860655737704918
693855,K9,26,10.105263157894736
686218,K9,23,9.546961325966851
686218,K9,25,10.922727272727274
663903,K9,23,8.533678756476684
663903,K9,24,9.187012987012986
663903,K9,25,8.804347826086955
663903,K9,26,7.49686847599165
663903,K9,27,8.515769944341374
663903,K9,28,8.646365422396856
694973,K9,22,11.503759398496241
694973,K9,23,10.35879218472469
669373,K9,24,9.883928571428571
669373,K9,25,8.949008498583568
669373,K9,26,11.427385892116183
669373,K9,27,10.6875
669373,K9,28,11.104095563139932
671922,K9,25,12.305309734513274
671922,K9,26,12.705882352941176
667755,K9,25,7.725663716814159
667755,K9,26,8.094674556213018
647336,K9,21,7.316793893129772
647336,K9,26,9.489539748953975
647336,K9,27,9.535315985130111
605488,K9,29,9.576354679802956
605488,K9,32,7.2631578947368425
660761,K9,21,8.0
660761,K9,23,7.779661016949153
660761,K9,24,8.504587155963304
660761,K9,26,9.630573248407643
624133,K9,25,9.084905660377359
624133,K9,26,7.4742489270386265
624133,K9,27,8.568
624133,K9,28,8.661504424778762
624133,K9,29,8.637711864406779
608372,K9,35,6.076433121019108
608718,K9,27,7.053061224489795
608718,K9,28,7.460526315789474
608718,K9,31,8.468181818181819
608718,K9,32,7.154999999999999
608718,K9,33,7.1394230769230775
608718,K9,34,6.852791878172589
608718,K9,35,7.049261083743842
592791,K9,24,7.355769230769231
592791,K9,25,8.416458852867832
592791,K9,26,8.434554973821989
592791,K9,29,8.729792147806004
592791,K9,30,7.663533834586466
592791,K9,31,8.164146868250539
592791,K9,32,6.804435483870967
592791,K9,33,6.802056555269924
664285,K9,25,8.660377358490566
664285,K9,26,9.679245283018867
664285,K9,27,8.353960396039605
664285,K9,28,8.672185430463577
664285,K9,29,9.090909090909092
664285,K9,30,8.625708884688091
664285,K9,31,8.765625
686973,K9,25,9.397058823529411
686973,K9,27,9.288990825688073
681190,K9,25,5.6938775510204085
681190,K9,26,5.251870324189526
608379,K9,21,9.04639175257732
608379,K9,22,7.906542056074766
608379,K9,23,7.59375
608379,K9,24,7.434782608695652
608379,K9,25,8.583501006036217
608379,K9,26,7.5770750988142295
608379,K9,27,7.389473684210526
608379,K9,29,8.735294117647058
608379,K9,30,7.350785340314136
608379,K9,31,8.307692307692307
608379,K9,32,7.83
608379,K9,33,6.5675675675675675
701542,K9,26,9.480492813141684
677960,K9,21,6.845070422535211
677960,K9,23,6.710982658959538
677960,K9,24,8.307692307692307
657277,K9,23,7.61963190184049
657277,K9,24,9.586516853932583
657277,K9,25,7.62738301559792
657277,K9,26,8.083333333333334
657277,K9,27,7.563517915309447
657277,K9,28,9.73913043478261
669330,K9,26,10.263157894736842
669330,K9,27,6.598070739549839
669330,K9,28,8.873595505617978
554430,K9,23,7.56
554430,K9,24,9.08093525179856
554430,K9,27,8.444015444015445
554430,K9,28,8.835466179159049
554430,K9,29,8.984641638225256
554430,K9,30,6.71830985915493
554430,K9,31,10.4203125
554430,K9,32,9.588235294117647
554430,K9,33,9.9375
554430,K9,34,10.08
554430,K9,35,11.726057906458799
668909,K9,23,8.890243902439025
668909,K9,24,9.355263157894736
668909,K9,25,9.286282306163022
693433,K9,23,9.547528517110266
693433,K9,24,7.491758241758242
693433,K9,25,9.546428571428573
680573,K9,23,7.87780548628429
680573,K9,24,8.649700598802395
680736,K9,24,10.26
808967,K9,25,10.5
808967,K9,26,10.416506717850288
687064,K9,26,7.335260115606936
666171,K9,27,11.526315789473685
671096,BB9,24,3.6219512195121952
671096,BB9,25,3.391304347826087
671096,BB9,26,2.3266533066132262
645261,BB9,23,3.6942567567567566
645261,BB9,25,2.1880064829821717
645261,BB9,26,1.967930029154519
645261,BB9,27,2.339350180505415
645261,BB9,29,2.937022900763359
681293,BB9,24,4.0344827586206895
676879,BB9,24,3.940993788819876
676879,BB9,27,3.2399999999999998
677952,BB9,25,3.1004784688995213
665871,BB9,25,3.375
665871,BB9,26,3.857142857142857
669199,BB9,30,3.8028169014084505
605135,BB9,26,3.13953488372093
605135,BB9,30,2.9375
605135,BB9,31,2.4285714285714284
605135,BB9,32,2.2309322033898304
605135,BB9,33,2.4275229357798165
605135,BB9,34,2.655
605135,BB9,35,3.6842105263157894
605135,BB9,36,2.7475538160469664
669358,BB9,25,3.063025210084034
669358,BB9,26,3.4629258517034067
670280,BB9,26,2.818681318681319
670280,BB9,27,2.7870967741935484
670280,BB9,28,2.806930693069307
670280,BB9,29,4.369942196531792
670280,BB9,30,2.7287234042553195
678394,BB9,23,4.238372093023256
678394,BB9,24,2.5796178343949046
678394,BB9,25,3.548254620123203
678394,BB9,26,3.1860000000000004
676440,BB9,24,2.852112676056338
676440,BB9,25,2.2802303262955856
676440,BB9,26,2.6654478976234004
621112,BB9,23,2.4545454545454546
621112,BB9,28,2.4251497005988023
621112,BB9,29,3.733118971061093
621112,BB9,30,2.508849557522124
571510,BB9,24,3.13953488372093
571510,BB9,25,2.6815068493150687
571510,BB9,26,3.533333333333333
571510,BB9,27,2.694716242661448
571510,BB9,28,2.4280575539568345
571510,BB9,29,3.281767955801105
571510,BB9,30,2.6313559322033897
571510,BB9,32,3.1690140845070425
571510,BB9,34,2.103896103896104
680694,BB9,25,3.5184135977337108
680694,BB9,26,2.347826086956522
671737,BB9,22,3.3535031847133756
671737,BB9,23,3.0652173913043477
671737,BB9,24,3.532710280373832
623211,BB9,33,4.755681818181818
623211,BB9,34,4.35483870967742
623211,BB9,35,3.857142857142857
676962,BB9,24,3.0903614457831323
676962,BB9,25,2.70846394984326
686613,BB9,24,3.1798715203426124
686613,BB9,25,3.176470588235294
686613,BB9,26,2.7679856115107913
664141,BB9,27,2.7506702412868633
664141,BB9,28,3.375
621111,BB9,23,2.424757281553398
621111,BB9,24,1.826325411334552
621111,BB9,26,2.2536115569823436
621111,BB9,27,2.353846153846154
621111,BB9,29,3.345132743362832
621111,BB9,30,4.357142857142857
656271,BB9,25,2.6234817813765186
656271,BB9,26,1.3575418994413408
656271,BB9,28,2.6270270270270273
680732,BB9,25,4.220843672456575
681347,BB9,25,2.90625
665795,BB9,24,4.144186046511628
665795,BB9,25,5.959866220735786
665795,BB9,26,4.671280276816609
665795,BB9,27,3.1380145278450366
702070,BB9,25,2.797590361445783
656288,BB9,23,2.9889298892988934
656288,BB9,24,3.6745562130177514
656288,BB9,25,4.021276595744681
656288,BB9,27,2.5511811023622046
656288,BB9,28,3.4601941747572815
656288,BB9,29,4.1266375545851535
676282,BB9,25,3.9650349650349654
622491,BB9,24,3.2238805970149254
622491,BB9,25,2.599214145383104
622491,BB9,26,3.729020979020979
622491,BB9,27,3.085714285714286
622491,BB9,28,3.596802841918295
622491,BB9,29,2.694013303769401
622491,BB9,30,2.5583756345177666
622491,BB9,31,2.41254752851711
622491,BB9,32,2.2915129151291516
656302,BB9,23,4.315068493150685
656302,BB9,24,5.2457142857142856
656302,BB9,25,3.694164989939638
656302,BB9,26,3.8152173913043477
656302,BB9,27,4.016949152542373
656302,BB9,28,3.089788732394366
656302,BB9,29,3.8035714285714284
677944,BB9,25,1.9870129870129871
677944,BB9,26,2.1818181818181817
650644,BB9,24,2.4971098265895955
650644,BB9,25,1.945945945945946
650644,BB9,26,2.2439678284182305
650644,BB9,27,2.0412371134020617
650644,BB9,28,2.4277929155313354
650644,BB9,29,2.906832298136646
650644,BB9,30,2.911764705882353
543037,BB9,22,2.147727272727273
543037,BB9,23,2.608695652173913
543037,BB9,24,1.9038461538461537
543037,BB9,25,2.793103448275862
543037,BB9,26,2.438423645320197
543037,BB9,27,2.8752079866888516
543037,BB9,28,2.034536891679749
543037,BB9,29,2.095890410958904
543037,BB9,30,2.034926470588235
543037,BB9,31,2.2425249169435215
543037,BB9,32,2.0669856459330145
543037,BB9,33,2.7473684210526317
571578,BB9,22,2.102803738317757
571578,BB9,23,2.3327999999999998
571578,BB9,25,1.8
571578,BB9,26,3.8158458244111353
571578,BB9,27,2.894551845342707
571578,BB9,28,2.16
571578,BB9,29,3.118811881188119
571578,BB9,30,2.4670050761421316
571578,BB9,31,3.1456310679611654
571578,BB9,32,2.8886462882096073
571578,BB9,33,2.85
571578,BB9,34,2.7824427480916034
571578,BB9,35,2.9549356223175964
594798,BB9,26,2.75771971496437
594798,BB9,27,1.7905759162303665
594798,BB9,28,2.189189189189189
594798,BB9,29,2.6374172185430464
594798,BB9,30,1.9078341013824884
594798,BB9,31,1.9411764705882353
594798,BB9,32,2.3823529411764706
594798,BB9,33,1.076086956521739
594798,BB9,34,1.1191709844559585
594798,BB9,37,1.9285714285714286
660853,BB9,26,2.86875
660853,BB9,27,3.4263959390862944
660853,BB9,28,3.515625
660853,BB9,29,3.272727272727273
672282,BB9,22,3.2093023255813953
672282,BB9,23,3.6322869955156953
672282,BB9,24,3.9160305343511452
672282,BB9,25,3.5340314136125657
693821,BB9,23,3.8333333333333335
693821,BB9,24,3.2461832061068705
693821,BB9,26,2.9360341151385927
543135,BB9,22,3.5446927374301676
543135,BB9,23,3.3855799373040756
543135,BB9,24,1.9382303839732888
543135,BB9,25,2.857451403887689
543135,BB9,26,2.8877005347593583
543135,BB9,28,1.6216216216216217
543135,BB9,29,4.655172413793103
543135,BB9,31,1.7276051188299817
543135,BB9,32,1.6463414634146343
543135,BB9,33,2.9375
543135,BB9,34,2.21484375
543135,BB9,35,1.4538461538461538
607200,BB9,25,3.9337748344370858
607200,BB9,26,3.8076923076923075
607200,BB9,27,3.9337748344370858
607200,BB9,28,3.2399999999999998
607200,BB9,29,4.110236220472441
607200,BB9,31,2.6390977443609023
607200,BB9,32,4.276595744680851
663372,BB9,25,3.2363013698630136
663372,BB9,27,2.8829568788501025
680755,BB9,24,3.42
656427,BB9,22,3.5165562913907285
656427,BB9,23,2.521222410865874
656427,BB9,25,2.9872340425531916
656427,BB9,27,4.115473441108545
656427,BB9,28,2.111111111111111
656427,BB9,29,3.298136645962733
607536,BB9,24,3.6346153846153846
607536,BB9,25,3.113673805601318
607536,BB9,26,3.364217252396166
607536,BB9,27,2.9292452830188678
607536,BB9,28,2.8342541436464086
607536,BB9,29,2.730916030534351
607536,BB9,30,2.428265524625268
607536,BB9,31,2.0647058823529414
607536,BB9,32,2.1024590163934427
608331,BB9,25,2.5533199195171026
608331,BB9,26,3.0535714285714284
608331,BB9,27,2.2273641851106643
608331,BB9,28,1.553956834532374
608331,BB9,29,2.0858369098712446
608331,BB9,30,2.9426386233269595
608331,BB9,31,2.349829351535836
668678,BB9,23,4.05
668678,BB9,24,3.125
668678,BB9,25,3.6346153846153846
668678,BB9,26,2.2989130434782608
668678,BB9,27,2.0142857142857142
668678,BB9,28,3.2837837837837838
668678,BB9,29,3.09375
592332,BB9,23,3.0176470588235293
592332,BB9,24,2.3234421364985165
592332,BB9,25,2.3543599257884975
592332,BB9,26,3.4232142857142858
592332,BB9,27,2.4500907441016335
592332,BB9,28,2.814332247557003
592332,BB9,29,2.4134078212290504
592332,BB9,30,2.34375
592332,BB9,31,1.4427480916030535
592332,BB9,32,2.675675675675676
592332,BB9,33,2.7845303867403315
592332,BB9,34,2.33160621761658
669302,BB9,24,2.111731843575419
669302,BB9,25,2.3752244165170557
669302,BB9,26,1.6993006993006994
669302,BB9,27,1.5958466453674123
669302,BB9,28,2.1297709923664123
669372,BB9,26,3.088560885608856
672782,BB9,25,3.877659574468085
685299,BB9,27,2.0309734513274336
669022,BB9,23,4.757142857142857
669022,BB9,24,3.7628361858190704
669022,BB9,25,3.5170340681362724
669022,BB9,26,3.607515657620042
543243,BB9,23,2.8125
543243,BB9,24,3.041095890410959
543243,BB9,25,2.5528846153846154
543243,BB9,26,3.230769230769231
543243,BB9,27,3.1601642710472277
543243,BB9,28,3.9360613810741687
543243,BB9,29,3.4904942965779466
543243,BB9,30,4.178571428571429
543243,BB9,31,3.3251231527093594
543243,BB9,32,2.7075208913649025
543243,BB9,33,2.6902173913043477
543243,BB9,34,2.1102204408817635
543243,BB9,35,1.892988929889299
676106,BB9,25,2.818681318681319
676106,BB9,26,3.1
663687,BB9,26,4.0
663687,BB9,27,4.105990783410139
663687,BB9,28,4.592783505154639
690986,BB9,22,3.0402144772117965
605280,BB9,26,6.48
605280,BB9,28,3.7285714285714286
605280,BB9,29,2.8272251308900525
605280,BB9,30,3.2857142857142856
605280,BB9,31,3.142857142857143
605280,BB9,32,3.585513078470825
656550,BB9,28,1.9756097560975612
656550,BB9,29,4.226086956521739
663947,BB9,27,1.8984375
663947,BB9,28,1.6219081272084805
663947,BB9,29,1.944915254237288
605288,BB9,26,2.9910179640718564
605288,BB9,27,3.375
605288,BB9,28,4.046838407494145
605288,BB9,29,4.12012987012987
605288,BB9,30,2.748502994011976
605288,BB9,31,4.153846153846154
605288,BB9,32,2.736
684007,BB9,30,1.4538461538461538
684007,BB9,31,1.6175115207373274
663623,BB9,26,4.016528925619835
663623,BB9,27,2.493783303730018
663623,BB9,28,3.1
643377,BB9,26,3.182926829268293
643377,BB9,27,2.4884792626728114
643377,BB9,28,2.6173469387755106
643377,BB9,29,1.9014084507042253
643377,BB9,30,2.8636363636363638
683003,BB9,22,2.884931506849315
676083,BB9,29,1.0636363636363637
656605,BB9,25,4.380794701986755
656605,BB9,26,3.3962264150943398
656605,BB9,27,2.5471698113207544
656605,BB9,28,2.5280898876404496
656605,BB9,29,2.603024574669187
687330,BB9,25,2.014925373134328
687330,BB9,26,1.1462264150943395
518876,BB9,30,2.798181818181818
518876,BB9,32,2.3354430379746836
518876,BB9,33,2.7404326123128118
518876,BB9,34,3.4953095684803004
518876,BB9,35,2.3212669683257916
518876,BB9,36,2.347826086956522
650633,BB9,26,3.4105263157894736
650633,BB9,27,2.823529411764706
650633,BB9,28,2.751592356687898
650633,BB9,29,3.264875239923225
650633,BB9,30,3.190909090909091
669923,BB9,24,1.523076923076923
669923,BB9,25,0.8968531468531469
669923,BB9,26,1.0837696335078535
669923,BB9,27,2.0714285714285716
686799,BB9,23,1.3775510204081634
686799,BB9,24,4.702702702702703
663568,BB9,28,2.4763313609467454
663567,BB9,22,3.626865671641791
663567,BB9,26,2.885496183206107
663567,BB9,27,4.255434782608695
656641,BB9,29,3.88715953307393
641778,BB9,23,3.6964285714285716
641778,BB9,24,3.066815144766147
641778,BB9,26,3.109550561797753
641778,BB9,27,3.346638655462185
641778,BB9,30,2.235668789808917
681517,BB9,28,2.8636363636363638
669276,BB9,27,1.7763157894736843
669276,BB9,29,2.564245810055866
669276,BB9,30,1.8439024390243903
683004,BB9,25,3.975824175824176
669461,BB9,23,3.6486486486486487
669461,BB9,24,2.9302325581395348
669461,BB9,25,2.3736263736263736
641793,BB9,25,3.502702702702703
641793,BB9,27,1.2
641793,BB9,28,1.784648187633262
641793,BB9,29,1.542857142857143
666157,BB9,24,3.3967741935483873
666157,BB9,26,2.88728323699422
666157,BB9,27,1.7808510638297874
682052,BB9,27,3.593525179856115
625643,BB9,24,3.57773851590106
625643,BB9,25,3.1793478260869565
625643,BB9,27,2.0289017341040463
625643,BB9,28,1.5153061224489797
625643,BB9,29,4.636363636363637
625643,BB9,30,2.7862407862407865
695418,BB9,25,2.9617346938775513
547179,BB9,23,4.526470588235294
547179,BB9,24,2.34
547179,BB9,25,3.6867469879518073
547179,BB9,26,3.7777777777777777
547179,BB9,27,3.024
547179,BB9,30,4.054607508532423
547179,BB9,31,2.764705882352941
547179,BB9,32,4.143222506393862
547179,BB9,33,2.4776470588235298
607625,BB9,26,2.953125
607625,BB9,27,2.2203947368421053
607625,BB9,28,2.486842105263158
607625,BB9,29,1.8
607625,BB9,32,2.4923076923076923
607625,BB9,33,2.214123006833713
607625,BB9,34,2.0903225806451613
607625,BB9,35,3.4059633027522933
666200,BB9,22,2.593220338983051
666200,BB9,23,4.531468531468532
666200,BB9,24,3.1395348837209305
666200,BB9,25,2.770522388059702
666200,BB9,26,2.9699999999999998
666200,BB9,27,2.793103448275862
641816,BB9,23,4.258928571428571
641816,BB9,24,2.359897172236504
641816,BB9,26,3.2
641816,BB9,27,3.207182320441989
641816,BB9,30,3.0115384615384615
640455,BB9,24,2.3018433179723505
640455,BB9,25,3.119747899159664
640455,BB9,26,1.7925311203319503
640455,BB9,28,1.3333333333333333
640455,BB9,29,2.057620817843866
640455,BB9,30,2.848101265822785
640455,BB9,31,3.2124645892351276
640455,BB9,32,3.121100917431193
640455,BB9,33,1.7802197802197803
608566,BB9,22,2.7222222222222223
608566,BB9,23,2.61734693877551
608566,BB9,24,1.8103448275862069
608566,BB9,25,2.7551020408163263
608566,BB9,26,3.2
608566,BB9,27,3.121100917431193
608566,BB9,30,3.419525065963061
663436,BB9,25,2.6999999999999997
663436,BB9,27,4.14
663436,BB9,28,3.0280373831775704
607259,BB9,23,3.527315914489311
607259,BB9,24,3.312
607259,BB9,26,2.263473053892216
607259,BB9,31,3.470219435736677
607259,BB9,32,3.2628398791540785
607259,BB9,33,1.1381733021077283
607259,BB9,34,2.2816901408450705
805673,BB9,25,2.722689075630252
571927,BB9,25,2.1083123425692696
571927,BB9,26,2.565
571927,BB9,27,3.3896103896103895
571927,BB9,28,2.918918918918919
571927,BB9,30,2.5685840707964602
571927,BB9,32,2.742857142857143
571927,BB9,34,1.2913043478260868
669160,BB9,22,2.5714285714285716
669160,BB9,27,3.808564231738035
641835,BB9,27,4.733766233766233
641835,BB9,29,2.0377358490566038
641835,BB9,31,2.53125
663556,BB9,24,2.7
663556,BB9,25,2.056112224448898
663556,BB9,26,3.208695652173913
700241,BB9,24,1.881533101045296
665622,BB9,24,4.677811550151976
676974,BB9,25,3.0
676974,BB9,26,2.783505154639175
571945,BB9,25,2.825581395348837
571945,BB9,29,1.3006644518272426
571945,BB9,30,1.565217391304348
571945,BB9,33,1.7347611202635913
571945,BB9,34,1.7433774834437086
571945,BB9,35,1.3106796116504855
571945,BB9,36,2.1300639658848612
682243,BB9,24,1.781725888324873
682243,BB9,25,2.2458410351201477
682243,BB9,26,3.3874538745387457
694819,BB9,23,4.2272727272727275
663554,BB9,24,2.4545454545454546
663554,BB9,27,2.5504885993485344
663554,BB9,28,2.174496644295302
669387,BB9,25,3.375
669387,BB9,26,2.4545454545454546
672456,BB9,23,2.8372881355932207
672456,BB9,24,3.077205882352941
670970,BB9,25,2.9685863874345553
670970,BB9,26,2.0769230769230766
669194,BB9,25,2.875
669194,BB9,26,2.0309734513274336
669194,BB9,27,2.396103896103896
656794,BB9,24,5.13
656794,BB9,25,4.445121951219512
656794,BB9,26,3.8195121951219515
656794,BB9,32,3.021660649819495
605400,BB9,22,2.2017167381974247
605400,BB9,23,2.3513513513513513
605400,BB9,24,2.625
605400,BB9,25,2.4583987441130297
605400,BB9,26,3.558484349258649
605400,BB9,27,2.901869158878505
605400,BB9,28,1.9428044280442804
605400,BB9,29,1.273170731707317
605400,BB9,30,2.091222030981067
605400,BB9,31,2.25752508361204
605400,BB9,32,2.671378091872792
641927,BB9,25,1.8519855595667871
641927,BB9,26,1.7678571428571428
641927,BB9,27,1.8083140877598152
641927,BB9,28,2.1660447761194033
641927,BB9,29,1.9066059225512528
660271,BB9,23,3.8322580645161293
660271,BB9,26,3.0383631713554986
660271,BB9,27,2.3855421686746987
660271,BB9,28,3.75
595345,BB9,30,4.558441558441558
595345,BB9,31,3.681818181818182
595345,BB9,33,2.386046511627907
663978,BB9,23,1.9834123222748816
663978,BB9,24,1.8305084745762712
663978,BB9,25,1.8276923076923077
663978,BB9,28,2.139622641509434
663978,BB9,29,2.107594936708861
669467,BB9,23,3.3333333333333335
669467,BB9,24,3.9705882352941178
669467,BB9,25,3.5604395604395607
669467,BB9,26,3.430327868852459
694477,BB9,26,3.0083565459610027
642547,BB9,22,4.595744680851064
642547,BB9,23,3.9176470588235293
642547,BB9,25,3.4919168591224015
642547,BB9,26,3.1153846153846154
642547,BB9,27,2.933601609657948
642547,BB9,28,3.523992322456814
642547,BB9,29,3.3622641509433966
593974,BB9,25,3.34020618556701
593974,BB9,29,3.7058823529411766
593974,BB9,30,2.7159763313609466
593974,BB9,31,5.0
593974,BB9,33,3.767441860465116
691587,BB9,20,3.0547445255474455
691587,BB9,22,3.0209790209790213
527048,BB9,22,2.6782841823056303
527048,BB9,23,3.331168831168831
527048,BB9,24,2.7457627118644066
527048,BB9,25,3.442953020134228
527048,BB9,26,3.0648648648648646
527048,BB9,27,3.796875
527048,BB9,28,3.6471774193548385
527048,BB9,29,4.064516129032258
527048,BB9,30,2.8421052631578947
527048,BB9,31,3.162988115449915
527048,BB9,32,3.1129411764705885
527048,BB9,33,3.2666666666666666
527048,BB9,34,3.5357142857142856
656849,BB9,25,3.9149999999999996
656849,BB9,26,4.088328075709779
656849,BB9,27,4.054054054054054
656849,BB9,28,3.4214876033057853
656849,BB9,29,3.4683794466403164
694297,BB9,24,2.4375
694297,BB9,25,2.0807339449541287
694297,BB9,26,1.8849056603773586
663969,BB9,27,2.781115879828326
615698,BB9,24,2.4466019417475726
615698,BB9,26,2.826280623608018
615698,BB9,27,2.270125223613596
615698,BB9,28,3.160535117056856
615698,BB9,29,4.186516853932584
615698,BB9,30,2.677053824362606
656876,BB9,25,2.960526315789474
656876,BB9,26,1.9109589041095891
656876,BB9,29,2.22
592662,BB9,23,3.454308093994778
592662,BB9,24,3.6653919694072656
592662,BB9,25,3.9444444444444446
592662,BB9,26,5.09433962264151
592662,BB9,27,4.336520076481835
592662,BB9,28,7.838709677419355
592662,BB9,29,2.4206896551724135
592662,BB9,30,2.9523809523809526
592662,BB9,33,3.603290676416819
607067,BB9,25,3.8571428571428568
607067,BB9,32,2.7433155080213902
607067,BB9,33,2.308151093439364
607067,BB9,34,2.4853556485355646
670950,BB9,25,3.8469656992084436
670950,BB9,26,3.7241379310344827
670950,BB9,28,3.0777202072538863
670950,BB9,29,4.921875
670950,BB9,30,4.334862385321101
670950,BB9,31,4.821428571428572
677958,BB9,25,3.217616580310881
593958,BB9,22,2.7369863013698628
593958,BB9,23,3.364485981308411
593958,BB9,24,3.2766990291262132
593958,BB9,25,3.123393316195373
593958,BB9,26,3.319672131147541
593958,BB9,28,2.682875264270613
593958,BB9,29,3.3626373626373627
593958,BB9,30,2.829694323144105
593958,BB9,31,3.42
593958,BB9,32,3.4989200863930883
669432,BB9,23,3.112781954887218
669432,BB9,24,3.7850467289719627
669432,BB9,26,4.053619302949062
669432,BB9,27,2.3799392097264436
643511,BB9,30,1.4444444444444444
643511,BB9,31,2.7356828193832596
643511,BB9,32,2.310810810810811
643511,BB9,33,0.7677725118483413
643511,BB9,34,0.8146551724137931
694738,BB9,25,4.6490066225165565
694738,BB9,26,3.796875
657746,BB9,26,2.877551020408163
657746,BB9,27,1.8927835051546393
657746,BB9,28,1.5333333333333334
657746,BB9,29,2.0526315789473686
519242,BB9,22,3.4225352112676055
519242,BB9,23,2.390625
519242,BB9,24,1.931570762052877
519242,BB9,25,2.0172413793103448
519242,BB9,26,1.8115015974440896
519242,BB9,27,1.786764705882353
519242,BB9,28,1.8055987558320372
519242,BB9,29,1.9367088607594938
519242,BB9,30,2.260180995475113
519242,BB9,34,2.542207792207792
519242,BB9,35,1.9756097560975612
519242,BB9,36,2.291777188328912
650911,BB9,26,1.4496644295302015
650911,BB9,27,2.179816513761468
650911,BB9,28,1.9603960396039604
693645,BB9,24,3.8219178082191783
622608,BB9,22,3.1410891089108914
622608,BB9,23,2.9889298892988934
622608,BB9,24,4.114973262032086
622608,BB9,25,2.2090909090909094
622608,BB9,26,1.8382978723404257
622608,BB9,27,2.24187725631769
622608,BB9,30,3.253846153846154
622663,BB9,21,3.176470588235294
622663,BB9,22,3.1690140845070425
622663,BB9,23,2.3741379310344826
622663,BB9,24,2.1637630662020904
622663,BB9,28,2.6470588235294117
622663,BB9,29,3.425373134328358
622663,BB9,30,2.967032967032967
622663,BB9,31,2.766393442622951
693855,BB9,26,3.0
686218,BB9,23,3.878453038674033
686218,BB9,25,2.7
663903,BB9,23,3.217616580310881
663903,BB9,24,3.7168831168831167
663903,BB9,25,2.0543478260869565
663903,BB9,26,2.7620041753653446
663903,BB9,27,2.705009276437848
663903,BB9,28,3.182711198428291
694973,BB9,22,2.1654135338345863
694973,BB9,23,2.0142095914742453
669373,BB9,24,2.8325892857142856
669373,BB9,25,2.4475920679886682
669373,BB9,26,1.5684647302904566
669373,BB9,27,1.640625
669373,BB9,28,1.5204778156996586
671922,BB9,25,2.0309734513274336
671922,BB9,26,2.3212669683257916
667755,BB9,25,3.584070796460177
667755,BB9,26,4.153846153846154
647336,BB9,21,2.1125954198473282
647336,BB9,26,4.970711297071129
647336,BB9,27,2.910780669144981
605488,BB9,29,2.061576354679803
605488,BB9,32,2.8421052631578947
660761,BB9,21,3.6666666666666665
660761,BB9,23,3.294915254237288
660761,BB9,24,2.7247706422018347
660761,BB9,26,4.643312101910828
624133,BB9,25,2.80188679245283
624133,BB9,26,3.360515021459227
624133,BB9,27,3.456
624133,BB9,28,2.4491150442477876
624133,BB9,29,2.173728813559322
608372,BB9,35,2.0636942675159236
608718,BB9,27,2.424489795918367
608718,BB9,28,1.6875
608718,BB9,31,2.9454545454545458
608718,BB9,32,2.9699999999999998
608718,BB9,33,3.245192307692308
608718,BB9,34,1.6446700507614211
608718,BB9,35,2.394088669950739
592791,BB9,24,1.4711538461538463
592791,BB9,25,3.0972568578553616
592791,BB9,26,2.167539267015707
592791,BB9,29,2.74364896073903
592791,BB9,30,1.6240601503759398
592791,BB9,31,2.3909287257019436
592791,BB9,32,1.7963709677419353
592791,BB9,33,1.8740359897172238
664285,BB9,25,5.60377358490566
664285,BB9,26,2.0377358490566038
664285,BB9,27,3.8762376237623766
664285,BB9,28,2.995033112582781
664285,BB9,29,2.590909090909091
664285,BB9,30,2.8071833648393194
664285,BB9,31,3.1875
686973,BB9,25,2.25
686973,BB9,27,2.7247706422018347
681190,BB9,25,2.663265306122449
681190,BB9,26,3.501246882793018
608379,BB9,21,2.6443298969072164
608379,BB9,22,2.7757009345794392
608379,BB9,23,2.878676470588235
608379,BB9,24,2.9347826086956523
608379,BB9,25,2.9879275653923543
608379,BB9,26,3.841897233201581
608379,BB9,27,3.9078947368421053
608379,BB9,29,2.2379679144385025
608379,BB9,30,2.1910994764397906
608379,BB9,31,2.8808933002481387
608379,BB9,32,2.43
608379,BB9,33,2.345559845559846
701542,BB9,26,3.603696098562628
677960,BB9,21,2.852112676056338
677960,BB9,23,4.526011560693642
677960,BB9,24,2.4923076923076923
657277,BB9,23,3.975460122699386
657277,BB9,24,2.184269662921348
657277,BB9,25,2.2928942807625647
657277,BB9,26,1.2916666666666667
657277,BB9,27,2.198697068403909
657277,BB9,28,2.0
669330,BB9,26,1.894736842105263
669330,BB9,27,2.430868167202572
669330,BB9,28,2.5786516853932584
554430,BB9,23,4.14
554430,BB9,24,3.8363309352517985
554430,BB9,27,4.16988416988417
554430,BB9,28,2.7148080438756854
554430,BB9,29,2.303754266211604
554430,BB9,30,2.028169014084507
554430,BB9,31,1.9406249999999998
554430,BB9,32,2.0
554430,BB9,33,1.828125
554430,BB9,34,2.34
554430,BB9,35,1.9844097995545658
668909,BB9,23,4.060975609756097
668909,BB9,24,3.789473684210526
668909,BB9,25,4.455268389662028
693433,BB9,23,3.182509505703422
693433,BB9,24,0.9642857142857143
693433,BB9,25,1.7357142857142858
680573,BB9,23,3.231920199501247
680573,BB9,24,3.7185628742514973
680736,BB9,24,2.295
808967,BB9,25,2.2
808967,BB9,26,3.0575815738963534
687064,BB9,26,3.433526011560694
666171,BB9,27,5.526315789473684
671096,HR9,24,1.3170731707317074
671096,HR9,25,1.6304347826086956
671096,HR9,26,1.028056112224449
645261,HR9,23,1.0489864864864864
645261,HR9,25,0.9189627228525122
645261,HR9,26,0.6297376093294461
645261,HR9,27,1.072202166064982
645261,HR9,29,1.133587786259542
681293,HR9,24,1.303448275862069
676879,HR9,24,1.2577639751552796
676879,HR9,27,0.40499999999999997
677952,HR9,25,0.38755980861244016
665871,HR9,25,1.0701219512195121
665871,HR9,26,1.2244897959183674
669199,HR9,30,1.267605633802817
605135,HR9,26,0.5232558139534884
605135,HR9,30,1.3125
605135,HR9,31,0.8571428571428571
605135,HR9,32,0.858050847457627
605135,HR9,33,0.9412844036697248
605135,HR9,34,1.26
605135,HR9,35,0.9473684210526315
605135,HR9,36,1.1624266144814088
669358,HR9,25,1.0210084033613447
669358,HR9,26,1.4068136272545089
670280,HR9,26,0.7417582417582418
670280,HR9,27,0.6967741935483871
670280,HR9,28,0.400990099009901
670280,HR9,29,1.4046242774566475
670280,HR9,30,0.574468085106383
678394,HR9,23,0.1569767441860465
678394,HR9,24,1.375796178343949
678394,HR9,25,1.053388090349076
678394,HR9,26,0.8640000000000001
676440,HR9,24,0.823943661971831
676440,HR9,25,1.1401151631477928
676440,HR9,26,1.3327239488117002
621112,HR9,23,0.7670454545454546
621112,HR9,28,1.2125748502994012
621112,HR9,29,0.954983922829582
621112,HR9,30,1.4336283185840708
571510,HR9,24,2.6686046511627906
571510,HR9,25,1.5719178082191783
571510,HR9,26,1.2
571510,HR9,27,1.4266144814090018
571510,HR9,28,1.893884892086331
571510,HR9,29,2.2375690607734806
571510,HR9,30,1.0296610169491525
571510,HR9,32,1.3943661971830985
571510,HR9,34,0.9517625231910947
680694,HR9,25,1.3002832861189801
680694,HR9,26,0.7470355731225297
671737,HR9,22,1.9777070063694266
671737,HR9,23,1.434782608695652
671737,HR9,24,1.1985981308411215
623211,HR9,33,0.7670454545454546
623211,HR9,34,0.34838709677419355
623211,HR9,35,0.8571428571428571
676962,HR9,24,0.8132530120481928
676962,HR9,25,1.523510971786834
686613,HR9,24,1.5032119914346895
686613,HR9,25,0.9529411764705882
686613,HR9,26,0.8255395683453237
664141,HR9,27,2.026809651474531
664141,HR9,28,1.0625
621111,HR9,23,0.7864077669902912
621111,HR9,24,0.9872029250457038
621111,HR9,26,0.8234349919743179
621111,HR9,27,1.1076923076923078
621111,HR9,29,1.9115044247787611
621111,HR9,30,1.5714285714285714
656271,HR9,25,0.9838056680161944
656271,HR9,26,1.9608938547486034
656271,HR9,28,1.1675675675675676
680732,HR9,25,1.5409429280397022
681347,HR9,25,1.21875
665795,HR9,24,1.255813953488372
665795,HR9,25,0.9933110367892977
665795,HR9,26,1.4013840830449829
665795,HR9,27,1.1113801452784504
702070,HR9,25,1.1710843373493975
656288,HR9,23,1.3948339483394834
656288,HR9,24,1.2781065088757395
656288,HR9,25,2.0106382978723407
656288,HR9,27,1.5590551181102361
656288,HR9,28,1.625242718446602
656288,HR9,29,0.943231441048035
676282,HR9,25,0.9440559440559441
622491,HR9,24,1.1082089552238807
622491,HR9,25,1.4852652259332024
622491,HR9,26,1.0384615384615385
622491,HR9,27,0.6428571428571429
622491,HR9,28,0.911190053285968
622491,HR9,29,0.778270509977827
622491,HR9,30,1.2791878172588833
622491,HR9,31,1.2832699619771863
622491,HR9,32,1.1457564575645758
656302,HR9,23,1.8493150684931507
656302,HR9,24,1.8514285714285714
656302,HR9,25,1.0865191146881288
656302,HR9,26,0.782608695652174
656302,HR9,27,0.9661016949152542
656302,HR9,28,0.8556338028169014
656302,HR9,29,1.125
677944,HR9,25,1.87012987012987
677944,HR9,26,1.6363636363636365
650644,HR9,24,0.6242774566473989
650644,HR9,25,1.337837837837838
650644,HR9,26,1.6648793565683646
650644,HR9,27,1.2989690721649485
650644,HR9,28,0.8828337874659401
650644,HR9,29,1.6211180124223603
650644,HR9,30,1.411764705882353
543037,HR9,22,0.5369318181818182
543037,HR9,23,0.717391304347826
543037,HR9,24,0.47596153846153844
543037,HR9,25,0.5431034482758621
543037,HR9,26,1.374384236453202
543037,HR9,27,0.8535773710482528
543037,HR9,28,1.2291993720565149
543037,HR9,29,1.726027397260274
543037,HR9,30,1.1911764705882353
543037,HR9,31,1.4800664451827243
543037,HR9,32,0.861244019138756
543037,HR9,33,1.0421052631578946
571578,HR9,22,1.1775700934579438
571578,HR9,23,0.8208
571578,HR9,25,0.9529411764705882
571578,HR9,26,1.3875802997858673
571578,HR9,27,1.233743409490334
571578,HR9,28,0.675
571578,HR9,29,1.0693069306930694
571578,HR9,30,1.3705583756345177
571578,HR9,31,1.9398058252427186
571578,HR9,32,1.591703056768559
571578,HR9,33,1.65
571578,HR9,34,1.2881679389312979
571578,HR9,35,1.2167381974248925
594798,HR9,26,0.4489311163895487
594798,HR9,27,0.7539267015706806
594798,HR9,28,0.9121621621621622
594798,HR9,29,1.2516556291390728
594798,HR9,30,0.4147465437788018
594798,HR9,31,0.8382352941176471
594798,HR9,32,0.9264705882352942
594798,HR9,33,0.5869565217391305
594798,HR9,34,1.2590673575129534
594798,HR9,37,1.3552123552123554
660853,HR9,26,0.50625
660853,HR9,27,0.5482233502538071
660853,HR9,28,2.390625
660853,HR9,29,0.9545454545454546
672282,HR9,22,0.9069767441860465
672282,HR9,23,1.1502242152466369
672282,HR9,24,1.8549618320610688
672282,HR9,25,0.8481675392670157
693821,HR9,23,0.6666666666666666
693821,HR9,24,0.9790076335877863
693821,HR9,26,1.3816631130063965
543135,HR9,22,0.7541899441340782
543135,HR9,23,0.5924764890282131
543135,HR9,24,0.6310517529215359
543135,HR9,25,0.5831533477321814
543135,HR9,26,1.660427807486631
543135,HR9,28,1.135135135135135
543135,HR9,29,2.12807881773399
543135,HR9,31,0.7404021937842779
543135,HR9,32,1.728658536585366
543135,HR9,33,0.9375
543135,HR9,34,1.212890625
543135,HR9,35,0.6923076923076923
607200,HR9,25,1.4304635761589404
607200,HR9,26,1.2692307692307692
607200,HR9,27,1.7880794701986753
607200,HR9,28,1.5525
607200,HR9,29,1.4881889763779528
607200,HR9,31,1.0150375939849623
607200,HR9,32,1.2127659574468086
663372,HR9,25,1.4794520547945207
663372,HR9,27,1.108829568788501
680755,HR9,24,0.72
656427,HR9,22,1.1920529801324504
656427,HR9,23,1.1460101867572157
656427,HR9,25,1.3787234042553191
656427,HR9,27,1.0600461893764432
656427,HR9,28,1.3333333333333333
656427,HR9,29,1.2857142857142858
607536,HR9,24,0.9807692307692307
607536,HR9,25,0.7561779242174629
607536,HR9,26,2.1565495207667733
607536,HR9,27,1.1462264150943395
607536,HR9,28,1.4917127071823204
607536,HR9,29,0.9790076335877863
607536,HR9,30,1.676659528907923
607536,HR9,31,1.7470588235294118
607536,HR9,32,1.2172131147540983
608331,HR9,25,1.1408450704225352
608331,HR9,26,0.32142857142857145
608331,HR9,27,0.8148893360160966
608331,HR9,28,0.5827338129496402
608331,HR9,29,0.8111587982832618
608331,HR9,30,0.6711281070745697
608331,HR9,31,0.6450511945392491
668678,HR9,23,0.9
668678,HR9,24,1.125
668678,HR9,25,1.4093406593406594
668678,HR9,26,0.7336956521739131
668678,HR9,27,0.9428571428571428
668678,HR9,28,0.7905405405405406
668678,HR9,29,1.453125
592332,HR9,23,0.5558823529411765
592332,HR9,24,1.3620178041543027
592332,HR9,25,1.4025974025974026
592332,HR9,26,1.3982142857142859
592332,HR9,27,1.2740471869328494
592332,HR9,28,1.3192182410423454
592332,HR9,29,1.2067039106145252
592332,HR9,30,0.9375
592332,HR9,31,0.7729007633587787
592332,HR9,32,0.9243243243243243
592332,HR9,33,0.994475138121547
592332,HR9,34,0.9792746113989638
669302,HR9,24,1.282122905027933
669302,HR9,25,0.9210053859964094
669302,HR9,26,1.368881118881119
669302,HR9,27,1.121405750798722
669302,HR9,28,1.3740458015267176
669372,HR9,26,1.6937269372693728
672782,HR9,25,1.723404255319149
685299,HR9,27,1.9115044247787611
669022,HR9,23,0.9
669022,HR9,24,1.7823960880195597
669022,HR9,25,0.8116232464929859
669022,HR9,26,1.1273486430062631
543243,HR9,23,0.5625
543243,HR9,24,0.6164383561643836
543243,HR9,25,0.7355769230769231
543243,HR9,26,1.3846153846153846
543243,HR9,27,1.053388090349076
543243,HR9,28,0.9667519181585678
543243,HR9,29,0.8726235741444867
543243,HR9,30,0.6428571428571429
543243,HR9,31,1.2635467980295565
543243,HR9,32,0.8272980501392757
543243,HR9,33,0.391304347826087
543243,HR9,34,1.1362725450901803
543243,HR9,35,1.2453874538745389
676106,HR9,25,1.7802197802197803
676106,HR9,26,1.5
663687,HR9,26,1.4285714285714286
663687,HR9,27,0.8709677419354839
663687,HR9,28,0.6958762886597938
690986,HR9,22,1.3029490616621984
605280,HR9,26,0.9
605280,HR9,28,0.6428571428571429
605280,HR9,29,0.28272251308900526
605280,HR9,30,0.2857142857142857
605280,HR9,31,0.5714285714285714
605280,HR9,32,0.7605633802816902
656550,HR9,28,0.9219512195121952
656550,HR9,29,1.2521739130434784
663947,HR9,27,0.94921875
663947,HR9,28,0.667844522968198
663947,HR9,29,1.716101694915254
605288,HR9,26,1.131736526946108
605288,HR9,27,1.2857142857142858
605288,HR9,28,0.7587822014051522
605288,HR9,29,0.7012987012987013
605288,HR9,30,1.0508982035928145
605288,HR9,31,1.0384615384615385
605288,HR9,32,0.72
684007,HR9,30,1.4019230769230768
684007,HR9,31,1.9285714285714286
663623,HR9,26,1.487603305785124
663623,HR9,27,1.3907637655417406
663623,HR9,28,1.9
643377,HR9,26,2.524390243902439
643377,HR9,27,0.8709677419354839
643377,HR9,28,0.6887755102040817
643377,HR9,29,0.5070422535211268
643377,HR9,30,0.9545454545454546
683003,HR9,22,1.3315068493150684
676083,HR9,29,0.6545454545454545
656605,HR9,25,0.8940397350993377
656605,HR9,26,0.7924528301886793
656605,HR9,27,1.157804459691252
656605,HR9,28,1.1629213483146068
656605,HR9,29,1.0718336483931947
687330,HR9,25,0.26865671641791045
687330,HR9,26,0.8915094339622641
518876,HR9,30,1.4236363636363636
518876,HR9,32,1.1962025316455696
518876,HR9,33,0.9434276206322795
518876,HR9,34,1.0131332082551596
518876,HR9,35,1.343891402714932
518876,HR9,36,1.125
650633,HR9,26,0.8526315789473684
650633,HR9,27,0.5294117647058824
650633,HR9,28,0.8598726114649681
650633,HR9,29,0.8809980806142035
650633,HR9,30,1.4727272727272729
669923,HR9,24,0.9
669923,HR9,25,1.0384615384615385
669923,HR9,26,1.036649214659686
669923,HR9,27,1.0714285714285714
686799,HR9,23,0.9642857142857143
686799,HR9,24,1.7027027027027026
663568,HR9,28,0.7189349112426036
663567,HR9,22,1.8134328358208955
663567,HR9,26,1.8549618320610688
663567,HR9,27,1.0271739130434783
656641,HR9,29,0.735408560311284
641778,HR9,23,1.2053571428571428
641778,HR9,24,1.202672605790646
641778,HR9,26,1.2134831460674156
641778,HR9,27,1.531512605042017
641778,HR9,30,1.2898089171974523
681517,HR9,28,0.5113636363636364
669276,HR9,27,0.8881578947368421
669276,HR9,29,1.0558659217877095
669276,HR9,30,1.7121951219512197
683004,HR9,25,1.0681318681318681
669461,HR9,23,0.7297297297297297
669461,HR9,24,1.1511627906976745
669461,HR9,25,1.1274725274725275
641793,HR9,25,1.0216216216216216
641793,HR9,27,1.3
641793,HR9,28,1.2665245202558635
641793,HR9,29,1.7357142857142858
666157,HR9,24,1.132258064516129
666157,HR9,26,1.0144508670520231
666157,HR9,27,1.2638297872340427
682052,HR9,27,1.4568345323741005
625643,HR9,24,1.1925795053003534
625643,HR9,25,1.7119565217391304
625643,HR9,27,1.560693641618497
625643,HR9,28,0.13775510204081634
625643,HR9,29,1.0909090909090908
625643,HR9,30,0.6633906633906634
695418,HR9,25,1.1709183673469388
547179,HR9,23,1.4294117647058824
547179,HR9,24,0.9
547179,HR9,25,0.9759036144578314
547179,HR9,26,0.6666666666666666
547179,HR9,27,0.9720000000000001
547179,HR9,30,1.0136518771331058
547179,HR9,31,1.1764705882352942
547179,HR9,32,1.1739130434782608
547179,HR9,33,1.5882352941176472
607625,HR9,26,0.984375
607625,HR9,27,1.1546052631578947
607625,HR9,28,0.799342105263158
607625,HR9,29,0.9
607625,HR9,32,1.2461538461538462
607625,HR9,33,1.1685649202733484
607625,HR9,34,0.6967741935483871
607625,HR9,35,1.6720183486238531
666200,HR9,22,1.3728813559322033
666200,HR9,23,1.8881118881118881
666200,HR9,24,0.8970099667774086
666200,HR9,25,1.1082089552238807
666200,HR9,26,1.2149999999999999
666200,HR9,27,0.7840290381125228
641816,HR9,23,1.7678571428571428
641816,HR9,24,1.7352185089974295
641816,HR9,26,1.2
641816,HR9,27,1.1933701657458564
641816,HR9,30,0.5192307692307692
640455,HR9,24,1.2442396313364057
640455,HR9,25,1.0210084033613447
640455,HR9,26,1.1763485477178424
640455,HR9,28,1.1666666666666667
640455,HR9,29,1.2546468401486988
640455,HR9,30,1.6518987341772151
640455,HR9,31,1.0708215297450425
640455,HR9,32,1.0403669724770643
640455,HR9,33,1.9285714285714286
608566,HR9,22,1.3888888888888888
608566,HR9,23,1.1020408163265305
608566,HR9,24,1.5
608566,HR9,25,0.6612244897959183
608566,HR9,26,1.05
608566,HR9,27,1.4862385321100917
608566,HR9,30,1.6385224274406334
663436,HR9,25,1.1368421052631579
663436,HR9,27,0.9
663436,HR9,28,1.2616822429906542
607259,HR9,23,1.1543942992874108
607259,HR9,24,1.152
607259,HR9,26,2.101796407185629
607259,HR9,31,1.2695924764890283
607259,HR9,32,0.9788519637462236
607259,HR9,33,0.8220140515222482
607259,HR9,34,1.1951710261569417
805673,HR9,25,1.361344537815126
571927,HR9,25,0.9521410579345088
571927,HR9,26,1.6199999999999999
571927,HR9,27,1.4610389610389611
571927,HR9,28,1.5155925155925154
571927,HR9,30,1.075221238938053
571927,HR9,32,0.9428571428571428
571927,HR9,34,0.9391304347826086
669160,HR9,22,1.4464285714285714
669160,HR9,27,1.428211586901763
641835,HR9,27,1.4025974025974026
641835,HR9,29,0.8490566037735849
641835,HR9,31,0.33749999999999997
663556,HR9,24,1.0216216216216216
663556,HR9,25,1.028056112224449
663556,HR9,26,1.173913043478261
700241,HR9,24,1.1289198606271778
665622,HR9,24,1.1489361702127658
676974,HR9,25,2.210526315789474
676974,HR9,26,1.670103092783505
571945,HR9,25,1.255813953488372
571945,HR9,29,0.717607973421927
571945,HR9,30,1.3206521739130435
571945,HR9,33,1.1120263591433277
571945,HR9,34,1.1622516556291391
571945,HR9,35,1.3631067961165049
571945,HR9,36,1.6695095948827292
682243,HR9,24,1.2335025380710658
682243,HR9,25,1.0480591497227356
682243,HR9,26,1.6937269372693728
694819,HR9,23,1.0909090909090908
663554,HR9,24,1.4368070953436807
663554,HR9,27,0.96742671009772
663554,HR9,28,1.2684563758389262
669387,HR9,25,0.5328947368421053
669387,HR9,26,0.7272727272727273
672456,HR9,23,1.7389830508474577
672456,HR9,24,1.588235294117647
670970,HR9,25,0.5654450261780105
670970,HR9,26,0.24434389140271492
669194,HR9,25,1.5
669194,HR9,26,1.0154867256637168
669194,HR9,27,0.9935064935064936
656794,HR9,24,0.9
656794,HR9,25,0.9878048780487805
656794,HR9,26,1.053658536585366
656794,HR9,32,0.4873646209386282
605400,HR9,22,1.2746781115879828
605400,HR9,23,0.8108108108108109
605400,HR9,24,0.9642857142857143
605400,HR9,25,0.7205651491365777
605400,HR9,26,1.200988467874794
605400,HR9,27,1.1355140186915889
605400,HR9,28,1.2952029520295203
605400,HR9,29,0.8341463414634146
605400,HR9,30,1.487091222030981
605400,HR9,31,1.354515050167224
605400,HR9,32,1.7173144876325088
641927,HR9,25,1.9494584837545128
641927,HR9,26,0.6428571428571429
641927,HR9,27,1.371824480369515
641927,HR9,28,1.3600746268656718
641927,HR9,29,1.8451025056947608
660271,HR9,23,1.0451612903225806
660271,HR9,26,1.0358056265984654
660271,HR9,27,0.7590361445783133
660271,HR9,28,1.2272727272727273
595345,HR9,30,1.2272727272727273
595345,HR9,31,1.3806818181818183
595345,HR9,33,0.7534883720930232
663978,HR9,23,1.4715639810426542
663978,HR9,24,2.135593220338983
663978,HR9,25,1.2461538461538462
663978,HR9,28,1.4264150943396228
663978,HR9,29,1.7658227848101267
669467,HR9,23,0.75
669467,HR9,24,0.7941176470588235
669467,HR9,25,0.5934065934065934
669467,HR9,26,1.1618852459016393
694477,HR9,26,0.9777158774373259
642547,HR9,22,0.9191489361702129
642547,HR9,23,1.588235294117647
642547,HR9,25,0.8729792147806004
642547,HR9,26,0.6923076923076923
642547,HR9,27,1.4124748490945676
642547,HR9,28,1.3474088291746642
642547,HR9,29,1.069811320754717
593974,HR9,25,1.11340206185567
593974,HR9,29,1.0588235294117647
593974,HR9,30,0.3195266272189349
593974,HR9,31,1.1666666666666667
593974,HR9,33,0.627906976744186
691587,HR9,20,1.478102189781022
691587,HR9,22,1.132867132867133
527048,HR9,22,1.0857908847184987
527048,HR9,23,0.525974025974026
527048,HR9,24,0.3432203389830508
527048,HR9,25,0.8154362416107382
527048,HR9,26,1.1189189189189188
527048,HR9,27,1.6875
527048,HR9,28,1.252016129032258
527048,HR9,29,1.1612903225806452
527048,HR9,30,1.5
527048,HR9,31,0.5042444821731749
527048,HR9,32,1.3341176470588236
527048,HR9,33,1.4666666666666666
527048,HR9,34,0.9642857142857143
656849,HR9,25,1.4849999999999999
656849,HR9,26,0.9369085173501577
656849,HR9,27,1.2972972972972974
656849,HR9,28,0.5950413223140496
656849,HR9,29,0.5869565217391305
694297,HR9,24,2.0625
694297,HR9,25,1.1889908256880735
694297,HR9,26,1.3245283018867926
663969,HR9,27,0.927038626609442
615698,HR9,24,1.3106796116504855
615698,HR9,26,0.9621380846325167
615698,HR9,27,1.0143112701252235
615698,HR9,28,0.9933110367892977
615698,HR9,29,1.395505617977528
615698,HR9,30,1.6827195467422096
656876,HR9,25,0.5921052631578947
656876,HR9,26,0.8013698630136986
656876,HR9,29,1.08
592662,HR9,23,0.6344647519582245
592662,HR9,24,1.2390057361376672
592662,HR9,25,1.2777777777777777
592662,HR9,26,1.3827493261455526
592662,HR9,27,1.5487571701720841
592662,HR9,28,2.264516129032258
592662,HR9,29,1.5362068965517242
592662,HR9,30,1.5238095238095237
592662,HR9,33,1.0859232175502742
607067,HR9,25,1.051948051948052
607067,HR9,32,1.660427807486631
607067,HR9,33,1.5566600397614314
607067,HR9,34,1.1297071129707112
670950,HR9,25,1.0686015831134565
670950,HR9,26,1.2635467980295565
670950,HR9,28,1.678756476683938
670950,HR9,29,1.265625
670950,HR9,30,1.6100917431192658
670950,HR9,31,0.9642857142857143
677958,HR9,25,1.5388601036269431
593958,HR9,22,0.9616438356164383
593958,HR9,23,1.3457943925233644
593958,HR9,24,1.2451456310679612
593958,HR9,25,1.1105398457583548
593958,HR9,26,1.062295081967213
593958,HR9,28,1.0845665961945032
593958,HR9,29,1.1868131868131868
593958,HR9,30,0.8842794759825328
593958,HR9,31,1.44
593958,HR9,32,1.4578833693304534
669432,HR9,23,0.40601503759398494
669432,HR9,24,1.2616822429906542
669432,HR9,26,1.0134048257372654
669432,HR9,27,0.4924012158054711
643511,HR9,30,0.5555555555555556
643511,HR9,31,0.3568281938325991
643511,HR9,32,0.8513513513513513
643511,HR9,33,0.8957345971563981
643511,HR9,34,0.4655172413793104
694738,HR9,25,0.3576158940397351
694738,HR9,26,0.928125
657746,HR9,26,1.2244897959183674
657746,HR9,27,1.7814432989690723
657746,HR9,28,1.2666666666666666
657746,HR9,29,1.368421052631579
519242,HR9,22,0.7605633802816901
519242,HR9,23,0.890625
519242,HR9,24,0.9657853810264385
519242,HR9,25,0.6724137931034483
519242,HR9,26,0.9920127795527157
519242,HR9,27,1.0720588235294117
519242,HR9,28,1.0077760497667185
519242,HR9,29,0.6265822784810127
519242,HR9,30,1.4660633484162895
519242,HR9,34,1.3149350649350648
519242,HR9,35,0.4559099437148218
519242,HR9,36,0.7877984084880636
650911,HR9,26,1.4496644295302015
650911,HR9,27,0.544954128440367
650911,HR9,28,0.5346534653465347
693645,HR9,24,0.9863013698630136
622608,HR9,22,1.2029702970297032
622608,HR9,23,0.996309963099631
622608,HR9,24,1.3716577540106951
622608,HR9,25,1.1045454545454547
622608,HR9,26,0.6893617021276596
622608,HR9,27,0.8772563176895307
622608,HR9,30,1.523076923076923
622663,HR9,21,1.299465240641711
622663,HR9,22,1.3943661971830985
622663,HR9,23,0.9775862068965516
622663,HR9,24,0.8937282229965157
622663,HR9,28,1.2352941176470589
622663,HR9,29,2.317164179104478
622663,HR9,30,1.1373626373626373
622663,HR9,31,0.8852459016393444
693855,HR9,26,0.7894736842105263
686218,HR9,23,1.6408839779005524
686218,HR9,25,0.8590909090909091
663903,HR9,23,1.1191709844559585
663903,HR9,24,0.9818181818181817
663903,HR9,25,1.0565217391304347
663903,HR9,26,1.1273486430062631
663903,HR9,27,1.1020408163265307
663903,HR9,28,1.0078585461689589
694973,HR9,22,0.6766917293233082
694973,HR9,23,0.5275310834813499
669373,HR9,24,2.109375
669373,HR9,25,0.688385269121813
669373,HR9,26,0.44813278008298757
669373,HR9,27,0.703125
669373,HR9,28,0.8293515358361775
671922,HR9,25,0.11946902654867257
671922,HR9,26,0.48868778280542985
667755,HR9,25,0.6371681415929203
667755,HR9,26,0.6390532544378699
647336,HR9,21,0.7213740458015268
647336,HR9,26,1.4686192468619246
647336,HR9,27,1.2044609665427508
605488,HR9,29,0.9310344827586207
605488,HR9,32,1.4736842105263157
660761,HR9,21,2.5555555555555554
660761,HR9,23,1.0067796610169493
660761,HR9,24,1.1559633027522935
660761,HR9,26,1.2038216560509554
624133,HR9,25,0.33962264150943394
624133,HR9,26,0.8690987124463518
624133,HR9,27,0.936
624133,HR9,28,0.836283185840708
624133,HR9,29,0.8008474576271186
608372,HR9,35,1.89171974522293
608718,HR9,27,0.8816326530612244
608718,HR9,28,1.598684210526316
608718,HR9,31,1.1045454545454547
608718,HR9,32,1.2149999999999999
608718,HR9,33,0.3894230769230769
608718,HR9,34,1.3705583756345177
608718,HR9,35,1.463054187192118
592791,HR9,24,1.125
592791,HR9,25,0.7406483790523691
592791,HR9,26,0.9424083769633508
592791,HR9,29,1.4965357967667436
592791,HR9,30,1.3195488721804511
592791,HR9,31,1.5745140388768897
592791,HR9,32,1.1431451612903225
592791,HR9,33,1.6658097686375322
664285,HR9,25,1.1462264150943395
664285,HR9,26,0.6367924528301886
664285,HR9,27,0.801980198019802
664285,HR9,28,0.4917218543046357
664285,HR9,29,0.8636363636363636
664285,HR9,30,0.6635160680529301
664285,HR9,31,0.703125
686973,HR9,25,2.1176470588235294
686973,HR9,27,0.7431192660550459
681190,HR9,25,1.1938775510204083
681190,HR9,26,1.0773067331670825
608379,HR9,21,0.6958762886597938
608379,HR9,22,0.5046728971962616
608379,HR9,23,0.9430147058823529
608379,HR9,24,0.9782608695652174
608379,HR9,25,0.9235412474849095
608379,HR9,26,0.9604743083003953
608379,HR9,27,1.8473684210526315
608379,HR9,29,1.660427807486631
608379,HR9,30,1.2722513089005236
608379,HR9,31,1.0049627791563274
608379,HR9,32,0.918
608379,HR9,33,0.7818532818532818
701542,HR9,26,1.219712525667351
677960,HR9,21,1.9014084507042253
677960,HR9,23,1.8728323699421967
677960,HR9,24,1.1423076923076922
657277,HR9,23,0.6625766871165644
657277,HR9,24,0.546067415730337
657277,HR9,25,0.5147313691507799
657277,HR9,26,0.8333333333333334
657277,HR9,27,0.48371335504886
657277,HR9,28,0.6086956521739131
669330,HR9,26,1.4210526315789473
669330,HR9,27,1.3890675241157555
669330,HR9,28,1.896067415730337
554430,HR9,23,0.9
554430,HR9,24,0.6798561151079137
554430,HR9,27,1.5637065637065637
554430,HR9,28,0.6910420475319926
554430,HR9,29,1.0136518771331058
554430,HR9,30,0.38028169014084506
554430,HR9,31,0.6749999999999999
554430,HR9,32,0.7647058823529411
554430,HR9,33,0.9375
554430,HR9,34,0.9
554430,HR9,35,1.1425389755011137
668909,HR9,23,0.8780487804878049
668909,HR9,24,0.8289473684210527
668909,HR9,25,1.234592445328032
693433,HR9,23,1.3346007604562737
693433,HR9,24,1.0384615384615385
693433,HR9,25,1.2535714285714286
680573,HR9,23,1.0773067331670825
680573,HR9,24,1.374251497005988
680736,HR9,24,0.8099999999999999
808967,HR9,25,0.7
808967,HR9,26,0.72552783109405
687064,HR9,26,1.8728323699421967
666171,HR9,27,1.894736842105263
671096,FIP,24,4.042073170731707
671096,FIP,25,4.976811594202898
671096,FIP,26,3.623046092184369
645261,FIP,23,4.437837837837838
645261,FIP,25,3.347974068071313
645261,FIP,26,2.973177842565598
645261,FIP,27,3.8743682310469314
645261,FIP,29,4.245038167938931
681293,FIP,24,4.113793103448276
676879,FIP,24,4.050310559006212
676879,FIP,27,2.665
677952,FIP,25,2.741148325358852
665871,FIP,25,4.133536585365854
665871,FIP,26,4.569387755102041
669199,FIP,30,4.2126760563380286
605135,FIP,26,3.727906976744186
605135,FIP,30,4.2875
605135,FIP,31,3.496825396825397
605135,FIP,32,3.2716101694915256
605135,FIP,33,3.644954128440367
605135,FIP,34,4.125
605135,FIP,35,4.012280701754386
605135,FIP,36,3.9747553816046968
669358,FIP,25,4.007563025210084
669358,FIP,26,4.33246492985972
670280,FIP,26,2.621978021978022
670280,FIP,27,2.4225806451612906
670280,FIP,28,2.372277227722772
670280,FIP,29,4.730057803468208
670280,FIP,30,2.1425531914893616
678394,FIP,23,2.9255813953488374
678394,FIP,24,4.380254777070064
678394,FIP,25,4.12258726899384
678394,FIP,26,4.156000000000001
676440,FIP,24,3.36056338028169
676440,FIP,25,3.491554702495202
676440,FIP,26,4.30109689213894
621112,FIP,23,4.327272727272727
621112,FIP,28,4.195808383233533
621112,FIP,29,3.8041800643086816
621112,FIP,30,4.560176991150443
571510,FIP,24,6.553488372093023
571510,FIP,25,4.7027397260273975
571510,FIP,26,4.448148148148148
571510,FIP,27,4.385714285714286
571510,FIP,28,4.20611510791367
571510,FIP,29,5.685635359116022
571510,FIP,30,4.027966101694915
571510,FIP,32,4.198591549295775
571510,FIP,34,3.6120593692022265
680694,FIP,25,4.442776203966005
680694,FIP,26,3.1118577075098814
671737,FIP,22,4.638216560509554
671737,FIP,23,4.027536231884058
671737,FIP,24,4.312616822429907
623211,FIP,33,3.781818181818182
623211,FIP,34,3.2548387096774194
623211,FIP,35,4.004761904761905
676962,FIP,24,3.045783132530121
676962,FIP,25,4.040438871473354
686613,FIP,24,4.217773019271949
686613,FIP,25,3.5176470588235293
686613,FIP,26,3.1053956834532377
664141,FIP,27,5.086595174262735
664141,FIP,28,3.905555555555556
621111,FIP,23,2.9762135922330097
621111,FIP,24,2.8915904936014627
621111,FIP,26,3.085553772070626
621111,FIP,27,3.792307692307692
621111,FIP,29,5.476106194690265
621111,FIP,30,5.623809523809523
656271,FIP,25,3.282186234817814
656271,FIP,26,4.742458100558659
656271,FIP,28,4.121621621621622
680732,FIP,25,4.886600496277916
681347,FIP,25,3.9645833333333336
665795,FIP,24,4.579069767441861
665795,FIP,25,4.273913043478261
665795,FIP,26,4.615570934256056
665795,FIP,27,3.7900726392251816
702070,FIP,25,4.1409638554216865
656288,FIP,23,4.251291512915129
656288,FIP,24,4.236094674556213
656288,FIP,25,5.413829787234043
656288,FIP,27,4.131496062992126
656288,FIP,28,5.19126213592233
656288,FIP,29,4.003930131004367
676282,FIP,25,3.5195804195804197
622491,FIP,24,3.682089552238806
622491,FIP,25,4.255206286836936
622491,FIP,26,3.5825174825174826
622491,FIP,27,2.5571428571428574
622491,FIP,28,3.680817051509769
622491,FIP,29,3.060088691796009
622491,FIP,30,3.653299492385787
622491,FIP,31,3.847148288973384
622491,FIP,32,3.8416974169741698
656302,FIP,23,5.072602739726028
656302,FIP,24,6.271428571428571
656302,FIP,25,3.3354124748490945
656302,FIP,26,3.083695652173913
656302,FIP,27,3.5689265536723163
656302,FIP,28,3.031338028169014
656302,FIP,29,3.5226190476190475
677944,FIP,25,4.957142857142857
677944,FIP,26,4.607575757575757
650644,FIP,24,3.2907514450867055
650644,FIP,25,3.937837837837838
650644,FIP,26,4.756836461126006
650644,FIP,27,3.852577319587629
650644,FIP,28,3.410626702997275
650644,FIP,29,4.671428571428572
650644,FIP,30,4.590196078431372
543037,FIP,22,2.963636363636364
543037,FIP,23,3.201449275362319
543037,FIP,24,2.6240384615384618
543037,FIP,25,3.2810344827586206
543037,FIP,26,4.026108374384236
543037,FIP,27,2.640765391014975
543037,FIP,28,2.525431711145997
543037,FIP,29,3.7986301369863016
543037,FIP,30,2.851838235294118
543037,FIP,31,3.4538205980066445
543037,FIP,32,3.0090909090909093
543037,FIP,33,3.626315789473684
571578,FIP,22,4.006542056074767
571578,FIP,23,3.484
571578,FIP,25,3.311764705882353
571578,FIP,26,4.789507494646681
571578,FIP,27,4.017398945518454
571578,FIP,28,2.41
571578,FIP,29,3.3722772277227726
571578,FIP,30,4.074619289340101
571578,FIP,31,5.336893203883495
571578,FIP,32,4.822707423580786
571578,FIP,33,5.122222222222222
571578,FIP,34,4.348091603053435
571578,FIP,35,4.213733905579399
594798,FIP,26,2.6368171021377673
594798,FIP,27,2.6706806282722515
594798,FIP,28,3.275675675675676
594798,FIP,29,3.4427152317880796
594798,FIP,30,1.9248847926267283
594798,FIP,31,2.5607843137254904
594798,FIP,32,2.173529411764706
594798,FIP,33,1.165217391304348
594798,FIP,34,2.1207253886010364
594798,FIP,37,3.6096525096525096
660853,FIP,26,2.6125000000000003
660853,FIP,27,3.3284263959390863
660853,FIP,28,5.896875
660853,FIP,29,3.7818181818181817
672282,FIP,22,3.7744186046511627
672282,FIP,23,3.9744394618834082
672282,FIP,24,4.657251908396947
672282,FIP,25,3.0842931937172775
693821,FIP,23,3.7666666666666666
693821,FIP,24,4.26793893129771
693821,FIP,26,4.5136460554371
543135,FIP,22,4.139106145251397
543135,FIP,23,3.6454545454545455
543135,FIP,24,3.3404006677796327
543135,FIP,25,3.385097192224622
543135,FIP,26,4.928877005347593
543135,FIP,28,3.5414414414414415
543135,FIP,29,5.789655172413793
543135,FIP,31,2.7215722120658135
543135,FIP,32,4.2890243902439025
543135,FIP,33,3.725
543135,FIP,34,3.76796875
543135,FIP,35,2.7615384615384615
607200,FIP,25,4.649668874172185
607200,FIP,26,5.228205128205128
607200,FIP,27,6.0602649006622515
607200,FIP,28,4.5925
607200,FIP,29,5.139370078740157
607200,FIP,31,3.793609022556391
607200,FIP,32,5.163829787234043
663372,FIP,25,4.743835616438356
663372,FIP,27,4.091786447638603
680755,FIP,24,2.98
656427,FIP,22,3.8019867549668875
656427,FIP,23,3.3495755517826824
656427,FIP,25,4.146808510638298
656427,FIP,27,4.20161662817552
656427,FIP,28,3.408641975308642
656427,FIP,29,3.8142857142857145
607536,FIP,24,4.51025641025641
607536,FIP,25,3.6090609555189457
607536,FIP,26,5.8795527156549525
607536,FIP,27,4.557547169811321
607536,FIP,28,4.558563535911603
607536,FIP,29,4.199236641221374
607536,FIP,30,5.142826552462527
607536,FIP,31,4.838235294117647
607536,FIP,32,4.145081967213115
608331,FIP,25,3.6010060362173038
608331,FIP,26,3.0107142857142857
608331,FIP,27,3.238832997987928
608331,FIP,28,2.689928057553957
608331,FIP,29,2.98412017167382
608331,FIP,30,3.2663479923518164
608331,FIP,31,3.0334470989761093
668678,FIP,23,3.5
668678,FIP,24,3.5722222222222224
668678,FIP,25,4.17967032967033
668678,FIP,26,3.0347826086956524
668678,FIP,27,3.1095238095238096
668678,FIP,28,3.3094594594594597
668678,FIP,29,4.469791666666667
592332,FIP,23,3.3823529411764706
592332,FIP,24,4.061424332344214
592332,FIP,25,4.057328385899814
592332,FIP,26,4.423214285714286
592332,FIP,27,4.259709618874774
592332,FIP,28,3.862214983713355
592332,FIP,29,2.999441340782123
592332,FIP,30,2.9333333333333336
592332,FIP,31,2.367175572519084
592332,FIP,32,2.8135135135135134
592332,FIP,33,3.7077348066298343
592332,FIP,34,3.37979274611399
669302,FIP,24,3.6614525139664806
669302,FIP,25,3.4447037701974867
669302,FIP,26,3.692657342657343
669302,FIP,27,3.2006389776357826
669302,FIP,28,3.313740458015267
669372,FIP,26,4.58339483394834
672782,FIP,25,5.222340425531915
685299,FIP,27,5.011504424778761
669022,FIP,23,4.1
669022,FIP,24,4.7356968215158926
669022,FIP,25,3.4667334669338676
669022,FIP,26,3.707515657620042
543243,FIP,23,2.75625
543243,FIP,24,3.4287671232876713
543243,FIP,25,3.417307692307692
543243,FIP,26,4.621367521367521
543243,FIP,27,3.8453798767967147
543243,FIP,28,4.105115089514067
543243,FIP,29,3.30532319391635
543243,FIP,30,2.9571428571428573
543243,FIP,31,3.9201970443349756
543243,FIP,32,3.3924791086350976
543243,FIP,33,2.6706521739130435
543243,FIP,34,3.0579158316633266
543243,FIP,35,3.3546125461254612
676106,FIP,25,5.6219780219780215
676106,FIP,26,5.044444444444444
663687,FIP,26,4.861904761904762
663687,FIP,27,4.1645161290322585
663687,FIP,28,3.6721649484536085
690986,FIP,22,4.266219839142091
605280,FIP,26,4.86
605280,FIP,28,3.2142857142857144
605280,FIP,29,2.8329842931937175
605280,FIP,30,2.496825396825397
605280,FIP,31,2.9571428571428573
605280,FIP,32,4.0718309859154935
656550,FIP,28,3.129268292682927
656550,FIP,29,4.360869565217391
663947,FIP,27,3.4046875
663947,FIP,28,3.1
663947,FIP,29,4.6
605288,FIP,26,3.764670658682635
605288,FIP,27,4.725
605288,FIP,28,4.2592505854800935
605288,FIP,29,4.200649350649351
605288,FIP,30,3.8365269461077847
605288,FIP,31,4.859615384615385
605288,FIP,32,3.7720000000000002
684007,FIP,30,3.6538461538461537
684007,FIP,31,4.828110599078341
663623,FIP,26,5.149586776859504
663623,FIP,27,4.341563055062167
663623,FIP,28,5.6
643377,FIP,26,6.404878048780487
643377,FIP,27,3.155299539170507
643377,FIP,28,3.0693877551020408
643377,FIP,29,1.8746478873239438
643377,FIP,30,2.478787878787879
683003,FIP,22,3.9383561643835616
676083,FIP,29,3.1090909090909093
656605,FIP,25,4.232450331125828
656605,FIP,26,3.8672955974842766
656605,FIP,27,3.6454545454545455
656605,FIP,28,4.010112359550562
656605,FIP,29,3.98468809073724
687330,FIP,25,2.9358208955223883
687330,FIP,26,3.199056603773585
518876,FIP,30,4.398181818181818
518876,FIP,32,4.036708860759494
518876,FIP,33,3.63910149750416
518876,FIP,34,3.6909943714821765
518876,FIP,35,4.185972850678733
518876,FIP,36,3.725
650633,FIP,26,3.794736842105263
650633,FIP,27,2.2176470588235295
650633,FIP,28,2.9757961783439493
650633,FIP,29,3.2669865642994242
650633,FIP,30,4.381818181818182
669923,FIP,24,2.976923076923077
669923,FIP,25,3.1891608391608393
669923,FIP,26,3.194240837696335
669923,FIP,27,3.3301587301587303
686799,FIP,23,4.5540816326530615
686799,FIP,24,6.018918918918919
663568,FIP,28,3.783431952662722
663567,FIP,22,5.853731343283583
663567,FIP,26,5.287022900763359
663567,FIP,27,4.469565217391304
656641,FIP,29,3.6836575875486384
641778,FIP,23,4.448214285714286
641778,FIP,24,4.1155902004454346
641778,FIP,26,3.9679775280898877
641778,FIP,27,4.4865546218487395
641778,FIP,30,3.81656050955414
681517,FIP,28,3.0090909090909093
669276,FIP,27,2.6460526315789474
669276,FIP,29,2.9324022346368714
669276,FIP,30,3.963414634146342
683004,FIP,25,4.115384615384616
669461,FIP,23,4.121621621621622
669461,FIP,24,4.0418604651162795
669461,FIP,25,3.99010989010989
641793,FIP,25,3.7972972972972974
641793,FIP,27,3.8666666666666667
641793,FIP,28,3.816417910447761
641793,FIP,29,4.8410714285714285
666157,FIP,24,3.8838709677419354
666157,FIP,26,3.8803468208092484
666157,FIP,27,3.776595744680851
682052,FIP,27,4.222302158273381
625643,FIP,24,4.573498233215548
625643,FIP,25,4.926086956521739
625643,FIP,27,4.123121387283237
625643,FIP,28,1.9214285714285715
625643,FIP,29,3.7515151515151515
625643,FIP,30,2.8493857493857493
695418,FIP,25,4.194387755102041
547179,FIP,23,5.367647058823529
547179,FIP,24,3.62
547179,FIP,25,3.955421686746988
547179,FIP,26,4.1
547179,FIP,27,3.544
547179,FIP,30,4.297952218430034
547179,FIP,31,4.309150326797385
547179,FIP,32,4.826342710997443
547179,FIP,33,4.554117647058824
607625,FIP,26,4.2875
607625,FIP,27,3.889473684210526
607625,FIP,28,3.1098684210526315
607625,FIP,29,2.5875000000000004
607625,FIP,32,3.746153846153846
607625,FIP,33,3.674031890660592
607625,FIP,34,3.182258064516129
607625,FIP,35,5.054128440366973
666200,FIP,22,4.1
666200,FIP,23,5.407692307692308
666200,FIP,24,3.109966777408638
666200,FIP,25,3.396641791044776
666200,FIP,26,4.195
666200,FIP,27,2.8604355716878405
641816,FIP,23,5.189285714285715
641816,FIP,24,4.542159383033419
641816,FIP,26,3.7333333333333334
641816,FIP,27,3.85414364640884
641816,FIP,30,3.330769230769231
640455,FIP,24,4.033179723502304
640455,FIP,25,4.039075630252101
640455,FIP,26,4.201659751037345
640455,FIP,28,3.6185185185185187
640455,FIP,29,3.5851301115241636
640455,FIP,30,4.517721518987342
640455,FIP,31,3.7458923512747875
640455,FIP,32,3.7660550458715596
640455,FIP,33,4.352747252747253
608566,FIP,22,4.346913580246913
608566,FIP,23,3.339795918367347
608566,FIP,24,3.9448275862068964
608566,FIP,25,3.185714285714286
608566,FIP,26,3.7944444444444443
608566,FIP,27,4.701834862385321
608566,FIP,30,5.435092348284961
663436,FIP,25,4.268421052631579
663436,FIP,27,4.2
663436,FIP,28,4.6
607259,FIP,23,4.909976247030879
607259,FIP,24,4.948
607259,FIP,26,5.740718562874251
607259,FIP,31,4.416614420062696
607259,FIP,32,3.7616314199395773
607259,FIP,33,3.142154566744731
607259,FIP,34,4.295171026156941
805673,FIP,25,3.7554621848739496
571927,FIP,25,3.3418136020151135
571927,FIP,26,4.99
571927,FIP,27,4.561038961038961
571927,FIP,28,4.484615384615385
571927,FIP,30,3.7172566371681417
571927,FIP,32,3.5952380952380953
571927,FIP,34,3.4260869565217393
669160,FIP,22,4.5285714285714285
669160,FIP,27,4.845591939546599
641835,FIP,27,4.619480519480519
641835,FIP,29,3.0245283018867926
641835,FIP,31,2.44375
663556,FIP,24,3.237837837837838
663556,FIP,25,2.9917835671342687
663556,FIP,26,3.7608695652173916
700241,FIP,24,4.239372822299652
665622,FIP,24,4.6045592705167175
676974,FIP,25,5.836842105263158
676974,FIP,26,4.429896907216495
571945,FIP,25,4.73953488372093
571945,FIP,29,3.2196013289036545
571945,FIP,30,4.159782608695652
571945,FIP,33,3.8611202635914332
571945,FIP,34,4.118211920529801
571945,FIP,35,4.171844660194175
571945,FIP,36,4.999786780383795
682243,FIP,24,3.8233502538071065
682243,FIP,25,3.515896487985213
682243,FIP,26,5.1369003690036905
694819,FIP,23,3.584848484848485
663554,FIP,24,4.643237250554324
663554,FIP,27,3.881758957654723
663554,FIP,28,3.8516778523489936
669387,FIP,25,3.2973684210526315
669387,FIP,26,3.291919191919192
672456,FIP,23,5.083050847457628
672456,FIP,24,4.8977941176470585
670970,FIP,25,2.72303664921466
670970,FIP,26,2.2447963800904978
669194,FIP,25,4.9125
669194,FIP,26,3.6707964601769913
669194,FIP,27,3.6974025974025975
656794,FIP,24,4.13
656794,FIP,25,4.0756097560975615
656794,FIP,26,4.12439024390244
656794,FIP,32,3.0025270758122744
605400,FIP,22,4.001287553648068
605400,FIP,23,3.0369369369369372
605400,FIP,24,3.2130952380952382
605400,FIP,25,2.949293563579278
605400,FIP,26,3.9204283360790777
605400,FIP,27,3.1
605400,FIP,28,3.2992619926199263
605400,FIP,29,2.5682926829268293
605400,FIP,30,3.874526678141136
605400,FIP,31,3.8775919732441473
605400,FIP,32,4.541696113074205
641927,FIP,25,4.486281588447653
641927,FIP,26,2.9035714285714285
641927,FIP,27,3.8066974595842957
641927,FIP,28,3.7492537313432837
641927,FIP,29,4.863097949886105
660271,FIP,23,3.506451612903226
660271,FIP,26,3.4452685421994884
660271,FIP,27,2.3891566265060242
660271,FIP,28,3.8424242424242427
595345,FIP,30,4.346753246753247
595345,FIP,31,3.935227272727273
595345,FIP,33,2.7232558139534886
663978,FIP,23,3.8393364928909954
663978,FIP,24,4.930508474576271
663978,FIP,25,3.7092307692307696
663978,FIP,28,4.118867924528302
663978,FIP,29,4.992405063291139
669467,FIP,23,3.9703703703703703
669467,FIP,24,4.438235294117647
669467,FIP,25,3.6439560439560443
669467,FIP,26,4.649180327868852
694477,FIP,26,3.492757660167131
642547,FIP,22,3.6617021276595745
642547,FIP,23,4.064705882352941
642547,FIP,25,3.051501154734411
642547,FIP,26,3.048717948717949
642547,FIP,27,3.691549295774648
642547,FIP,28,4.090403071017275
642547,FIP,29,3.609433962264151
593974,FIP,25,4.105154639175257
593974,FIP,29,4.237254901960784
593974,FIP,30,2.8514792899408286
593974,FIP,31,4.896296296296296
593974,FIP,33,3.588372093023256
691587,FIP,20,3.9540145985401463
691587,FIP,22,3.634965034965035
527048,FIP,22,4.28230563002681
527048,FIP,23,3.664935064935065
527048,FIP,24,3.366949152542373
527048,FIP,25,4.4489932885906045
527048,FIP,26,4.591891891891892
527048,FIP,27,5.6546875
527048,FIP,28,4.545564516129033
527048,FIP,29,4.7935483870967746
527048,FIP,30,4.749122807017544
527048,FIP,31,3.2528013582342954
527048,FIP,32,4.8364705882352945
527048,FIP,33,4.833333333333334
527048,FIP,34,4.207142857142857
656849,FIP,25,4.705
656849,FIP,26,3.629968454258675
656849,FIP,27,4.181081081081081
656849,FIP,28,3.6041322314049586
656849,FIP,29,3.449802371541502
694297,FIP,24,5.027083333333334
694297,FIP,25,3.5403669724770643
694297,FIP,26,4.181132075471698
663969,FIP,27,4.104291845493562
615698,FIP,24,4.167961165048544
615698,FIP,26,3.99532293986637
615698,FIP,27,4.108944543828265
615698,FIP,28,4.6351170568561875
615698,FIP,29,5.250561797752809
615698,FIP,30,5.105665722379603
656876,FIP,25,3.0210526315789474
656876,FIP,26,3.243835616438356
656876,FIP,29,3.8066666666666666
592662,FIP,23,3.491644908616188
592662,FIP,24,3.7137667304015296
592662,FIP,25,3.6617283950617283
592662,FIP,26,4.248247978436658
592662,FIP,27,4.172657743785851
592662,FIP,28,6.409677419354839
592662,FIP,29,3.6224137931034486
592662,FIP,30,4.1529100529100536
592662,FIP,33,3.8952468007312615
607067,FIP,25,4.580519480519481
607067,FIP,32,4.744385026737968
607067,FIP,33,4.686481113320079
607067,FIP,34,4.07907949790795
670950,FIP,25,3.986543535620053
670950,FIP,26,4.400492610837438
670950,FIP,28,4.125906735751295
670950,FIP,29,4.053125
670950,FIP,30,4.063302752293578
670950,FIP,31,4.293877551020408
677958,FIP,25,4.840932642487047
593958,FIP,22,3.889041095890411
593958,FIP,23,4.380373831775701
593958,FIP,24,3.9155339805825244
593958,FIP,25,3.58586118251928
593958,FIP,26,3.7491803278688525
593958,FIP,28,3.2522198731501057
593958,FIP,29,4.418681318681319
593958,FIP,30,3.506113537117904
593958,FIP,31,4.5
593958,FIP,32,4.538444924406047
669432,FIP,23,2.4759398496240603
669432,FIP,24,4.342990654205607
669432,FIP,26,4.451206434316354
669432,FIP,27,2.7808510638297874
643511,FIP,30,3.2111111111111112
643511,FIP,31,3.4303964757709253
643511,FIP,32,3.6
643511,FIP,33,3.498104265402844
643511,FIP,34,2.8413793103448275
694738,FIP,25,3.3582781456953645
694738,FIP,26,3.878125
657746,FIP,26,3.977551020408163
657746,FIP,27,3.9783505154639176
657746,FIP,28,3.3740740740740742
657746,FIP,29,3.7023391812865496
519242,FIP,22,3.1985915492957746
519242,FIP,23,3.2770833333333336
519242,FIP,24,3.22597200622084
519242,FIP,25,2.542528735632184
519242,FIP,26,2.697444089456869
519242,FIP,27,3.413235294117647
519242,FIP,28,2.3954898911353033
519242,FIP,29,1.9164556962025316
519242,FIP,30,3.276470588235294
519242,FIP,34,3.6454545454545455
519242,FIP,35,2.0193245778611635
519242,FIP,36,2.6384615384615384
650911,FIP,26,3.8348993288590605
650911,FIP,27,2.9293577981651375
650911,FIP,28,2.515841584158416
693645,FIP,24,3.7027397260273975
622608,FIP,22,4.4589108910891095
622608,FIP,23,4.107380073800738
622608,FIP,24,5.329946524064171
622608,FIP,25,4.4772727272727275
622608,FIP,26,3.540425531914894
622608,FIP,27,4.042238267148015
622608,FIP,30,5.446153846153846
622663,FIP,21,4.335294117647059
622663,FIP,22,4.438028169014085
622663,FIP,23,3.0172413793103448
622663,FIP,24,2.8909407665505227
622663,FIP,28,3.6882352941176473
622663,FIP,29,5.988059701492538
622663,FIP,30,4.143956043956044
622663,FIP,31,4.0713114754098365
693855,FIP,26,3.1526315789473687
686218,FIP,23,4.691160220994475
686218,FIP,25,2.8954545454545455
663903,FIP,23,3.9860103626943006
663903,FIP,24,3.9727272727272727
663903,FIP,25,3.5695652173913044
663903,FIP,26,4.133402922755741
663903,FIP,27,3.86808905380334
663903,FIP,28,3.9428290766208254
694973,FIP,22,2.3781954887218046
694973,FIP,23,2.327353463587922
669373,FIP,24,5.015178571428572
669373,FIP,25,2.9470254957507085
669373,FIP,26,1.8427385892116184
669373,FIP,27,2.428125
669373,FIP,28,2.4139931740614333
671922,FIP,25,1.334513274336283
671922,FIP,26,1.919004524886878
667755,FIP,25,3.7371681415929205
667755,FIP,26,3.697633136094675
647336,FIP,21,3.340458015267176
647336,FIP,26,4.882426778242678
647336,FIP,27,4.1929368029739775
605488,FIP,29,3.0261083743842367
605488,FIP,32,4.614619883040936
660761,FIP,21,6.606172839506173
660761,FIP,23,4.045762711864407
660761,FIP,24,3.898165137614679
660761,FIP,26,4.475796178343949
624133,FIP,25,2.647169811320755
624133,FIP,26,3.8532188841201718
624133,FIP,27,3.748
624133,FIP,28,3.2991150442477877
624133,FIP,29,3.176271186440678
608372,FIP,35,5.322929936305733
608718,FIP,27,3.6877551020408164
608718,FIP,28,4.432236842105263
608718,FIP,31,3.8363636363636364
608718,FIP,32,4.39
608718,FIP,33,3.2875
608718,FIP,34,4.242131979695431
608718,FIP,35,4.533497536945813
592791,FIP,24,3.667307692307692
592791,FIP,25,3.421695760598504
592791,FIP,26,3.4036649214659684
592791,FIP,29,4.360969976905312
592791,FIP,30,3.9289473684210527
592791,FIP,31,4.454211663066955
592791,FIP,32,3.856048387096774
592791,FIP,33,4.619280205655527
664285,FIP,25,4.868867924528302
664285,FIP,26,2.760377358490566
664285,FIP,27,3.9391089108910893
664285,FIP,28,3.0453642384105963
664285,FIP,29,3.3424242424242427
664285,FIP,30,3.1793950850661625
664285,FIP,31,3.3395833333333336
686973,FIP,25,4.864705882352942
686973,FIP,27,3.1
681190,FIP,25,4.630612244897959
681190,FIP,26,4.813216957605985
608379,FIP,21,2.9762886597938145
608379,FIP,22,3.1373831775700936
608379,FIP,23,3.833455882352941
608379,FIP,24,3.860869565217391
608379,FIP,25,3.5768611670020123
608379,FIP,26,4.155335968379447
608379,FIP,27,5.5
608379,FIP,29,4.399465240641711
608379,FIP,30,4.128795811518325
608379,FIP,31,3.732754342431762
608379,FIP,32,3.5860000000000003
608379,FIP,33,3.6212355212355214
701542,FIP,26,4.0301848049281315
677960,FIP,21,5.37112676056338
677960,FIP,23,5.874566473988439
677960,FIP,24,4.046153846153846
657277,FIP,23,4.075460122699386
657277,FIP,24,2.648314606741573
657277,FIP,25,3.0220103986135185
657277,FIP,26,3.0074074074074075
657277,FIP,27,2.8801302931596093
657277,FIP,28,2.568599033816425
669330,FIP,26,3.556140350877193
669330,FIP,27,4.508360128617364
669330,FIP,28,4.8275280898876405
554430,FIP,23,4.220000000000001
554430,FIP,24,3.520863309352518
554430,FIP,27,4.976447876447876
554430,FIP,28,3.1877513711151737
554430,FIP,29,3.366211604095563
554430,FIP,30,3.128169014084507
554430,FIP,31,2.5187500000000003
554430,FIP,32,2.8777777777777778
554430,FIP,33,2.9958333333333336
554430,FIP,34,3.06
554430,FIP,35,2.9663697104677063
668909,FIP,23,3.892682926829268
668909,FIP,24,3.6
668909,FIP,25,4.35844930417495
693433,FIP,23,4.206463878326996
693433,FIP,24,3.330769230769231
693433,FIP,25,3.4321428571428574
680573,FIP,23,4.050124688279302
680573,FIP,24,4.483233532934132
680736,FIP,24,2.89
808967,FIP,25,2.5444444444444443
808967,FIP,26,2.904222648752399
687064,FIP,26,5.319653179190752
666171,FIP,27,5.328070175438596
