key_mlbam,name,metric,age,value,n_comparables,n_with_next_season,projected_value_mean,projected_value_p25,projected_value_p75
500743,Miguel Rojas,AVG,37,0.26666666666666666,25.0,14.0,0.26266515473851804,0.2456176695563488,0.28379790940766547
500743,Miguel Rojas,OBP,37,0.32098765432098764,25.0,11.0,0.3283069928985673,0.30040635796600734,0.3476438159480949
500743,Miguel Rojas,SLG,37,0.39111111111111113,25.0,10.0,0.3439303999649653,0.31882471504031135,0.37858541360744
500743,Miguel Rojas,OPS,37,0.7120987654320987,25.0,10.0,0.7312782852299922,0.6753690228385727,0.7668678914127942
502671,Paul Goldschmidt,AVG,38,0.2492836676217765,25.0,11.0,0.24474508238279366,0.22496770025839793,0.2683510143309138
502671,Paul Goldschmidt,OBP,38,0.3123359580052493,25.0,12.0,0.30262935886173814,0.27316760037348276,0.33166948542077734
502671,Paul Goldschmidt,SLG,38,0.4469914040114613,25.0,16.0,0.4217026234874765,0.37732796219165016,0.4608570563294973
502671,Paul Goldschmidt,OPS,38,0.7593273620167107,25.0,13.0,0.7518848589890824,0.6969525648097077,0.797094195391034
514888,José Altuve,AVG,36,0.2504708097928437,25.0,12.0,0.26700927101434285,0.25461561743341404,0.28395073048474845
514888,José Altuve,OBP,36,0.30662020905923343,25.0,15.0,0.3215905535666342,0.29735115580354404,0.3409780636648524
514888,José Altuve,SLG,36,0.3992467043314501,25.0,14.0,0.4110192534251184,0.3919329001398854,0.4223513881791858
514888,José Altuve,OPS,36,0.7058669133906835,25.0,15.0,0.6906598625854312,0.6598753848384498,0.7208865355349015
518692,Freddie Freeman,AVG,36,0.28865979381443296,25.0,17.0,0.2705525709644783,0.25510204081632654,0.28287841191067
518692,Freddie Freeman,OBP,36,0.3640552995391705,25.0,13.0,0.34266664755861215,0.32295081967213113,0.3684210526315789
518692,Freddie Freeman,SLG,36,0.42955326460481097,25.0,16.0,0.4371577459036921,0.409045902763368,0.46676239303060674
518692,Freddie Freeman,OPS,36,0.7936085641439814,25.0,18.0,0.7468687918517085,0.6891503826662676,0.7959218612071873
521692,Salvador Pérez,AVG,36,0.2293103448275862,25.0,11.0,0.22932044752334696,0.20849479522832612,0.25015741833923655
521692,Salvador Pérez,OBP,36,0.2731707317073171,25.0,9.0,0.3127804345280016,0.29304029304029305,0.3562231759656652
521692,Salvador Pérez,SLG,36,0.38275862068965516,25.0,12.0,0.39449215226761153,0.34565819170293155,0.43689375140988046
521692,Salvador Pérez,OPS,36,0.6559293523969723,25.0,15.0,0.6559120896290449,0.5698140975924253,0.7392584763615369
542303,Marcell Ozuna,AVG,35,0.20318725099601595,25.0,5.0,0.23394443450871888,0.22746781115879827,0.24782608695652175
542303,Marcell Ozuna,OBP,35,0.2831541218637993,25.0,8.0,0.26967335969052286,0.24512571243056056,0.28821843492502175
542303,Marcell Ozuna,SLG,35,0.32669322709163345,25.0,12.0,0.34905969745812365,0.3236278754081521,0.36898820326678766
542303,Marcell Ozuna,OPS,35,0.6098473489554328,25.0,12.0,0.669860033954131,0.5983516359382649,0.7064208790150117
543760,Marcus Semien,AVG,35,0.2145748987854251,25.0,10.0,0.23344664437068835,0.20496353994033809,0.2611439312567132
543760,Marcus Semien,OBP,35,0.2828096118299446,25.0,6.0,0.27365136735846207,0.2514691978272557,0.28397932505210904
543760,Marcus Semien,SLG,35,0.340080971659919,25.0,18.0,0.34537564016450895,0.32853325946313044,0.38513927150290783
543760,Marcus Semien,OPS,35,0.6228905834898636,25.0,14.0,0.679121090628204,0.6508817787325075,0.7213183667380374
543807,George Springer,AVG,36,0.24891774891774893,25.0,11.0,0.24351337989632482,0.230999893145269,0.25879281537176274
543807,George Springer,OBP,36,0.322265625,25.0,20.0,0.32291129720691963,0.3053179429042564,0.33470127256464466
543807,George Springer,SLG,36,0.40476190476190477,25.0,18.0,0.378700120529425,0.35078969803024185,0.4120695239123394
543807,George Springer,OPS,36,0.7270275297619048,25.0,13.0,0.7317417495420441,0.6717871653587132,0.7816516129032258
543877,Christian Vázquez,AVG,35,0.2066115702479339,25.0,5.0,0.23478373426199511,0.22529644268774704,0.24222222222222223
543877,Christian Vázquez,OBP,35,0.25868725868725867,25.0,6.0,0.3108756282666176,0.2862311279410816,0.33185968562182155
543877,Christian Vázquez,SLG,35,0.32231404958677684,25.0,11.0,0.3538806819682143,0.3167746887259082,0.3826871657754011
543877,Christian Vázquez,OPS,35,0.5810013082740355,25.0,8.0,0.5983851634380051,0.543425455571682,0.6268155589877923
545121,Ildemaro Vargas,AVG,34,0.25386313465783666,25.0,18.0,0.25562056870600436,0.23231619058872183,0.2829377249256767
545121,Ildemaro Vargas,OBP,34,0.29583333333333334,25.0,14.0,0.31350020130834483,0.28695764783887945,0.3479045855610197
545121,Ildemaro Vargas,SLG,34,0.37748344370860926,25.0,15.0,0.37482225629431715,0.3356399760734685,0.40878496886784177
545121,Ildemaro Vargas,OPS,34,0.6733167770419426,25.0,16.0,0.7117922315895796,0.6488036001714822,0.7535121610735649
545341,Randal Grichuk,AVG,34,0.28888888888888886,25.0,18.0,0.26465977613433705,0.23976608187134502,0.2852785650100228
545341,Randal Grichuk,OBP,34,0.3142857142857143,25.0,15.0,0.31359743026694437,0.30618345618345616,0.32755176561560273
545341,Randal Grichuk,SLG,34,0.562962962962963,25.0,23.0,0.4850083192587796,0.4431234365333405,0.5180182326408742
545341,Randal Grichuk,OPS,34,0.8772486772486773,25.0,21.0,0.8237527051506903,0.7638728897715987,0.853458162960008
545361,Mike Trout,AVG,34,0.24171539961013644,25.0,15.0,0.24147924753510072,0.2283625730994152,0.2659783291457286
545361,Mike Trout,OBP,34,0.3715670436187399,25.0,17.0,0.35958356414772996,0.336996336996337,0.38980509745127434
545361,Mike Trout,SLG,34,0.42105263157894735,25.0,19.0,0.40161629112257835,0.3542948560177209,0.4650797839098977
545361,Mike Trout,OPS,34,0.7926196751976873,25.0,21.0,0.760355599772795,0.7019685472341362,0.8264903950594296
547180,Bryce Harper,AVG,33,0.2677966101694915,25.0,18.0,0.2640296296923523,0.24328855817549286,0.28536159786159787
547180,Bryce Harper,OBP,33,0.37841726618705035,25.0,18.0,0.3563671837383213,0.3318085986098591,0.3699294454817226
547180,Bryce Harper,SLG,33,0.4864406779661017,25.0,19.0,0.475852203288952,0.4565114709851552,0.49588665447897623
547180,Bryce Harper,OPS,33,0.8648579441531521,25.0,21.0,0.8125470259200036,0.7566651977525615,0.8616918693841771
553869,Elías Díaz,AVG,35,0.23394495412844038,25.0,11.0,0.24367363249627616,0.2255072732326508,0.26508680077156244
553869,Elías Díaz,OBP,35,0.2675438596491228,25.0,7.0,0.30342835079353997,0.28366023094527854,0.3346578621837372
553869,Elías Díaz,SLG,35,0.4036697247706422,25.0,19.0,0.4067482857015365,0.3449300699300699,0.4561444379732091
553869,Elías Díaz,OPS,35,0.6712135844197651,25.0,12.0,0.6732881882050737,0.6294298169035208,0.7091994021888691
553993,Eugenio Suárez,AVG,34,0.2119815668202765,25.0,9.0,0.2537074252270169,0.24150943396226415,0.26631853785900783
553993,Eugenio Suárez,OBP,34,0.3076923076923077,25.0,13.0,0.3264671539106121,0.30265848670756645,0.359375
553993,Eugenio Suárez,SLG,34,0.43317972350230416,25.0,16.0,0.3862951032639482,0.32779240182128627,0.4466642836611808
553993,Eugenio Suárez,OPS,34,0.7408720311946119,25.0,15.0,0.707280392184465,0.6437669207470391,0.7465593947896662
571448,Nolan Arenado,AVG,35,0.2551594746716698,25.0,15.0,0.245795455462135,0.22081617478837795,0.27043247205424226
571448,Nolan Arenado,OBP,35,0.3305227655986509,25.0,18.0,0.32875991930088533,0.3110276351555421,0.348592504872573
571448,Nolan Arenado,SLG,35,0.474671669793621,25.0,21.0,0.44868128050193185,0.3698854337152209,0.5349716446124764
571448,Nolan Arenado,OPS,35,0.805194435392272,25.0,15.0,0.8028155972521234,0.7607382229937298,0.8432966197106144
571970,Max Muncy,AVG,35,0.25203252032520324,25.0,19.0,0.2619760670706413,0.2445093602335067,0.2802684403450588
571970,Max Muncy,OBP,35,0.3416815742397138,25.0,13.0,0.34887571951646357,0.32142857142857145,0.37067545304777594
571970,Max Muncy,SLG,35,0.49390243902439024,25.0,21.0,0.47747751509738867,0.4516728624535316,0.5175438596491229
571970,Max Muncy,OPS,35,0.835584013264104,25.0,18.0,0.7910114792009167,0.7549735478034724,0.8522362494641958
572233,Christian Walker,AVG,35,0.22357019064124783,25.0,9.0,0.2446782664361661,0.2291220556745182,0.24092409240924093
572233,Christian Walker,OBP,35,0.2967032967032967,25.0,9.0,0.3037042896596851,0.2864406779661017,0.3166023166023166
572233,Christian Walker,SLG,35,0.42287694974003465,25.0,18.0,0.4048590122770778,0.3631012212518283,0.45795694068051795
572233,Christian Walker,OPS,35,0.7195802464433314,25.0,16.0,0.729346241849589,0.6706545849015355,0.7718172697737131
573262,Mike Yastrzemski,AVG,35,0.22162162162162163,25.0,9.0,0.25879288354404006,0.23770491803278687,0.27696793002915454
573262,Mike Yastrzemski,OBP,35,0.3060240963855422,25.0,15.0,0.31566298604034615,0.29478381152112804,0.32955105539483553
573262,Mike Yastrzemski,SLG,35,0.372972972972973,25.0,14.0,0.37426367447444886,0.3311356861452731,0.41475432070061224
573262,Mike Yastrzemski,OPS,35,0.6789970693585152,25.0,13.0,0.7020212297850931,0.677536560995549,0.742994652406417
575929,Willson Contreras,AVG,34,0.2753303964757709,25.0,19.0,0.27955452805379755,0.2636363636363636,0.29996949824614916
575929,Willson Contreras,OBP,34,0.38733705772811916,25.0,21.0,0.383057052580821,0.36117936117936117,0.40634005763688763
575929,Willson Contreras,SLG,34,0.5198237885462555,25.0,22.0,0.4633613007851444,0.43168705285021924,0.5051615069082365
575929,Willson Contreras,OPS,34,0.9071608462743748,25.0,23.0,0.8006469744525245,0.7692149990274072,0.8494370484373677
592450,Aaron Judge,AVG,34,0.24050632911392406,25.0,8.0,0.24352012670153506,0.23561201572150475,0.25139946260635915
592450,Aaron Judge,OBP,34,0.35018050541516244,25.0,19.0,0.3372251734625764,0.3216508519538822,0.350353288848019
592450,Aaron Judge,SLG,34,0.510548523206751,25.0,19.0,0.46690859818696806,0.43670817669172934,0.49686301039793895
592450,Aaron Judge,OPS,34,0.8607290286219135,25.0,23.0,0.8158434975627094,0.7456203422950705,0.8818934895097302
592518,Manny Machado,AVG,33,0.22166666666666668,25.0,10.0,0.2477472147231739,0.23445694583068688,0.25866224240307367
592518,Manny Machado,OBP,33,0.3091715976331361,25.0,13.0,0.31631603730680086,0.30277777777777776,0.34121621621621623
592518,Manny Machado,SLG,33,0.4166666666666667,25.0,17.0,0.38919183408950536,0.3516483516483517,0.4327485380116959
592518,Manny Machado,OPS,33,0.7258382642998028,25.0,22.0,0.7378890292497047,0.6738050881269468,0.7990797950627856
592626,Joc Pederson,AVG,34,0.23529411764705882,25.0,11.0,0.2544712092411918,0.23916346411654305,0.26522591293583664
592626,Joc Pederson,OBP,34,0.3286384976525822,25.0,14.0,0.3236462772111455,0.30431480449339415,0.35357027637380367
592626,Joc Pederson,SLG,34,0.48663101604278075,25.0,19.0,0.4807682045522844,0.45944816053511706,0.5222814138339253
592626,Joc Pederson,OPS,34,0.8152695136953629,25.0,21.0,0.7681657789966051,0.7124904798172125,0.8313356835095966
592663,J. T. Realmuto,AVG,35,0.20518867924528303,25.0,5.0,0.2371796533961117,0.22746781115879827,0.24222222222222223
592663,J. T. Realmuto,OBP,35,0.28450106157112526,25.0,13.0,0.2909200337511949,0.27364185110663986,0.3220064724919094
592663,J. T. Realmuto,SLG,35,0.33254716981132076,25.0,10.0,0.35140463481221634,0.3074229059683818,0.34674198658660366
592663,J. T. Realmuto,OPS,35,0.617048231382446,25.0,7.0,0.6878045667850436,0.6191674956734594,0.7444132719093466
592885,Christian Yelich,AVG,34,0.23595505617977527,25.0,12.0,0.2541187951197422,0.23927571401904052,0.2686494551115724
592885,Christian Yelich,OBP,34,0.3117408906882591,25.0,16.0,0.31212261318787343,0.2983020117298354,0.33753156153410824
592885,Christian Yelich,SLG,34,0.3775280898876405,25.0,15.0,0.37978184249004365,0.33928853754940713,0.40878496886784177
592885,Christian Yelich,OPS,34,0.6892689805758996,25.0,17.0,0.7081182772285518,0.681684258703052,0.7284655864838665
593428,Xander Bogaerts,AVG,33,0.23540489642184556,25.0,13.0,0.2532028952705349,0.23481781376518218,0.28415300546448086
593428,Xander Bogaerts,OBP,33,0.3355155482815057,25.0,18.0,0.3205654065287294,0.305005055611729,0.3353672559141607
593428,Xander Bogaerts,SLG,33,0.3540489642184557,25.0,17.0,0.3490025484524003,0.33636363636363636,0.36533333333333334
593428,Xander Bogaerts,OPS,33,0.6895645124999614,25.0,17.0,0.7130900590483369,0.662072483773889,0.7558310080116355
595978,Austin Hedges,AVG,33,0.24537037037037038,25.0,14.0,0.24777153579242336,0.2385971108165378,0.26689082278481013
595978,Austin Hedges,OBP,33,0.3292181069958848,25.0,15.0,0.33548578923039396,0.3177666323446374,0.3497127366887846
595978,Austin Hedges,SLG,33,0.375,25.0,17.0,0.39037930047868913,0.34782608695652173,0.4291417165668663
595978,Austin Hedges,OPS,33,0.7042181069958848,25.0,17.0,0.7074560679481434,0.6568825910931174,0.7478559870550162
596019,Francisco Lindor,AVG,32,0.22488038277511962,25.0,13.0,0.2461207598546622,0.2219679633867277,0.2757731958762887
596019,Francisco Lindor,OBP,32,0.3091684434968017,25.0,17.0,0.306383600347229,0.287292817679558,0.3316151202749141
596019,Francisco Lindor,SLG,32,0.423444976076555,25.0,19.0,0.4156702648922725,0.3655267472471774,0.4610528360528361
596019,Francisco Lindor,OPS,32,0.7326134195733567,25.0,18.0,0.7000573262679919,0.687637570036065,0.7284649915034981
596115,Trevor Story,AVG,33,0.23346303501945526,25.0,14.0,0.26945956685962674,0.24746030257564391,0.28866485834840266
596115,Trevor Story,OBP,33,0.26765799256505574,25.0,11.0,0.27640122634921993,0.26202215557001785,0.3064476786730629
596115,Trevor Story,SLG,33,0.35019455252918286,25.0,15.0,0.37682690687964815,0.3379414977545819,0.404258026980837
596115,Trevor Story,OPS,33,0.6178525450942386,25.0,13.0,0.6408186829568634,0.5998459394028318,0.6598268542412387
596142,Gary Sánchez,AVG,33,0.2088888888888889,25.0,10.0,0.23980639799640713,0.21810151726469718,0.2645022322063298
596142,Gary Sánchez,OBP,33,0.34798534798534797,25.0,13.0,0.3366061221543451,0.30578512396694213,0.37298091042584436
596142,Gary Sánchez,SLG,33,0.4222222222222222,25.0,17.0,0.4158933223057932,0.35294117647058826,0.465625
596142,Gary Sánchez,OPS,33,0.7702075702075701,25.0,18.0,0.7499827926565718,0.6699737640710026,0.8250802273054418
605137,Josh Bell,AVG,33,0.25528169014084506,25.0,17.0,0.2525613435460053,0.23518164435946462,0.2737226277372263
605137,Josh Bell,OBP,33,0.32211538461538464,25.0,16.0,0.327286524824785,0.3034698469846985,0.3593236819360415
605137,Josh Bell,SLG,33,0.41901408450704225,25.0,20.0,0.42699981094948447,0.3917209807572936,0.4624622447746768
605137,Josh Bell,OPS,33,0.7411294691224268,25.0,15.0,0.6806111192598147,0.6176237907072264,0.7247596251364861
605141,Mookie Betts,AVG,33,0.2577962577962578,25.0,16.0,0.25906017818790666,0.2429536554055152,0.2857142857142857
605141,Mookie Betts,OBP,33,0.32386363636363635,25.0,14.0,0.32428066105695036,0.3019084997346556,0.34527032179350314
605141,Mookie Betts,SLG,33,0.45322245322245325,25.0,21.0,0.419787495108464,0.40762463343108507,0.47096774193548385
605141,Mookie Betts,OPS,33,0.7770860895860896,25.0,17.0,0.7506766148215965,0.6902385778886636,0.8076865671641791
605170,Víctor Caratini,AVG,32,0.22018348623853212,25.0,13.0,0.24162873443532787,0.22929936305732485,0.2675438596491228
605170,Víctor Caratini,OBP,32,0.3163538873994638,25.0,17.0,0.3230734009868649,0.3039647577092511,0.33220338983050846
605170,Víctor Caratini,SLG,32,0.3149847094801223,25.0,11.0,0.3750459124428182,0.32602739726027397,0.4121950684450685
605170,Víctor Caratini,OPS,32,0.6313385968795862,25.0,17.0,0.6756208587042328,0.6202625357720543,0.7040977147360126
606192,Teoscar Hernández,AVG,33,0.26905829596412556,25.0,15.0,0.2579991113275422,0.23806933639853034,0.2729499990373323
606192,Teoscar Hernández,OBP,33,0.3346938775510204,25.0,17.0,0.32671396041672,0.31551724137931036,0.3413897280966767
606192,Teoscar Hernández,SLG,33,0.4327354260089686,25.0,19.0,0.4260824004061299,0.37720982037063366,0.45448235974551765
606192,Teoscar Hernández,OPS,33,0.7674293035599891,25.0,20.0,0.7685530316945346,0.7261708634378081,0.7991749127665759
606466,Ketel Marte,AVG,32,0.2491103202846975,25.0,16.0,0.26218701774943465,0.2487412385768787,0.27901948869690807
606466,Ketel Marte,OBP,32,0.3127035830618892,25.0,15.0,0.3125301223619166,0.2847513010707663,0.3244645493025211
606466,Ketel Marte,SLG,32,0.43238434163701067,25.0,22.0,0.41927397930246374,0.37833144237455624,0.44719555407492656
606466,Ketel Marte,OPS,32,0.7450879246989,25.0,20.0,0.7167320441485746,0.6900467530212828,0.7616965977386317
607043,Brandon Nimmo,AVG,33,0.2596964586846543,25.0,18.0,0.2588482829627663,0.24433823529411763,0.27329222011385196
607043,Brandon Nimmo,OBP,33,0.3235747303543914,25.0,14.0,0.32028177132959096,0.3019084997346556,0.3392908021531855
607043,Brandon Nimmo,SLG,33,0.40472175379426645,25.0,17.0,0.3894679211072092,0.35135135135135137,0.4377104377104377
607043,Brandon Nimmo,OPS,33,0.7282964841486579,25.0,17.0,0.7212572769331068,0.6375605411122863,0.788326614511716
607208,Trea Turner,AVG,32,0.23932926829268292,25.0,14.0,0.24750478773373732,0.21972326454033772,0.27778150696425574
607208,Trea Turner,OBP,32,0.2951977401129944,25.0,16.0,0.3086099773338732,0.2819351873132613,0.32327929806175404
607208,Trea Turner,SLG,32,0.375,25.0,20.0,0.38539957821656595,0.3460019088280473,0.4295321936085186
607208,Trea Turner,OPS,32,0.6701977401129944,25.0,17.0,0.7008169936982045,0.6124592723323378,0.7277982487010164
608070,José Ramírez,AVG,33,0.23319327731092437,25.0,15.0,0.26896686960126515,0.2484417464256174,0.28799879445449067
608070,José Ramírez,OBP,33,0.31390977443609025,25.0,11.0,0.31462390856883327,0.30545195545195547,0.32924725429326596
608070,José Ramírez,SLG,33,0.36554621848739494,25.0,19.0,0.3808443083362036,0.3404471544715447,0.4127675405961395
608070,José Ramírez,OPS,33,0.6794559929234851,25.0,13.0,0.7193068703161777,0.7064477437759336,0.7454038997214485
608324,Alex Bregman,AVG,32,0.26136363636363635,25.0,14.0,0.2596315579159712,0.23929261050172002,0.2804154995331466
608324,Alex Bregman,OBP,32,0.35185185185185186,25.0,20.0,0.34516733637593433,0.3239455188529136,0.36644742587940343
608324,Alex Bregman,SLG,32,0.4577922077922078,25.0,22.0,0.4131424344975161,0.37854354920301136,0.4427197802197802
608324,Alex Bregman,OPS,32,0.8096440596440597,25.0,20.0,0.7690146537558242,0.7073157085052854,0.8347770424408596
608348,Carson Kelly,AVG,31,0.25647668393782386,25.0,19.0,0.2605879889307225,0.24849397590361444,0.27675103402495277
608348,Carson Kelly,OBP,31,0.33564814814814814,25.0,21.0,0.3283469126646265,0.31724137931034485,0.35260115606936415
608348,Carson Kelly,SLG,31,0.37305699481865284,25.0,17.0,0.398281113993756,0.37346437346437344,0.42857142857142855
608348,Carson Kelly,OPS,31,0.708705142966801,25.0,18.0,0.731278148241197,0.6569811708017439,0.774744830097856
608369,Corey Seager,AVG,32,0.2265625,25.0,15.0,0.2466595763252725,0.2264571772701854,0.2599990191029697
608369,Corey Seager,OBP,32,0.3076923076923077,25.0,17.0,0.31293574386150996,0.29865125240847784,0.3347826086956522
608369,Corey Seager,SLG,32,0.4244791666666667,25.0,17.0,0.3979945027804388,0.36134453781512604,0.42857142857142855
608369,Corey Seager,OPS,32,0.7321714743589745,25.0,19.0,0.7150598426159899,0.6418638050173452,0.7627500359727052
609280,Miguel Andújar,AVG,31,0.2572614107883817,25.0,18.0,0.2651122377571057,0.25042906178489704,0.27884738579805846
609280,Miguel Andújar,OBP,31,0.2952755905511811,25.0,19.0,0.31202773832640857,0.2896567891972993,0.3278708247763048
609280,Miguel Andújar,SLG,31,0.4190871369294606,25.0,24.0,0.428557131427129,0.39302198724404164,0.4728582966138936
609280,Miguel Andújar,OPS,31,0.7143627274806417,25.0,18.0,0.6778238284017447,0.6597150603994032,0.7234848232135579
620443,Luis Torrens,AVG,30,0.23529411764705882,25.0,13.0,0.24258388389559116,0.22648752399232247,0.26525198938992045
620443,Luis Torrens,OBP,30,0.296028880866426,25.0,15.0,0.3140724776417515,0.29151196138953916,0.337267995162732
620443,Luis Torrens,SLG,30,0.396078431372549,25.0,21.0,0.41032695692537946,0.38191881918819187,0.43450479233226835
620443,Luis Torrens,OPS,30,0.6921073122389749,25.0,17.0,0.7007715986456975,0.6430705217112984,0.7418913589643885
621020,Dansby Swanson,AVG,32,0.20967741935483872,25.0,9.0,0.2488275686648709,0.23796033994334279,0.2635294117647059
621020,Dansby Swanson,OBP,32,0.29568788501026694,25.0,14.0,0.2978194293409403,0.2764155597376258,0.3058077393599897
621020,Dansby Swanson,SLG,32,0.391705069124424,25.0,14.0,0.3882801257740862,0.34451794664259255,0.40991011291194834
621020,Dansby Swanson,OPS,32,0.6873929541346909,25.0,20.0,0.7090803037456749,0.639978945675956,0.7393795308803435
621438,Tyrone Taylor,AVG,32,0.2818181818181818,25.0,20.0,0.28061428861748394,0.2594876660341556,0.3002351097178683
621438,Tyrone Taylor,OBP,32,0.3305084745762712,25.0,19.0,0.3227752600332718,0.31416040100250625,0.343609750373999
621438,Tyrone Taylor,SLG,32,0.5045454545454545,25.0,23.0,0.45658991533722926,0.40256078828069386,0.49561122628777765
621438,Tyrone Taylor,OPS,32,0.8350539291217257,25.0,22.0,0.8179201170909379,0.7617474926698937,0.8844786612703659
621439,Byron Buxton,AVG,32,0.25405405405405407,25.0,16.0,0.2657731109434046,0.25034277879341865,0.283132333767927
621439,Byron Buxton,OBP,32,0.31683168316831684,25.0,13.0,0.32481960936228627,0.3100303951367781,0.3277310924369748
621439,Byron Buxton,SLG,32,0.5108108108108108,25.0,23.0,0.45694295389732437,0.4077059086071343,0.5157676771105605
621439,Byron Buxton,OPS,32,0.8276424939791276,25.0,20.0,0.8300993710141,0.7522629393929856,0.8758062617564631
621493,Taylor Ward,AVG,32,0.2248995983935743,25.0,13.0,0.24212463140356927,0.21739130434782608,0.2757731958762887
621493,Taylor Ward,OBP,32,0.3588039867109635,25.0,17.0,0.3466366353387347,0.3286573146292585,0.36818181818181817
621493,Taylor Ward,SLG,32,0.3112449799196787,25.0,16.0,0.34757598332403206,0.3051719593873803,0.40016645859342487
621493,Taylor Ward,OPS,32,0.6700489666306422,25.0,17.0,0.7090360490480982,0.6250320689023272,0.7454427278636069
621566,Matt Olson,AVG,32,0.2484375,25.0,20.0,0.25471228987171013,0.23539581927204076,0.2743226600985222
621566,Matt Olson,OBP,32,0.3157894736842105,25.0,19.0,0.32282727285690277,0.3110023216427553,0.3367393679610019
621566,Matt Olson,SLG,32,0.4984375,25.0,22.0,0.45286353517939587,0.4177120592743996,0.4900936025003189
621566,Matt Olson,OPS,32,0.8142269736842105,25.0,20.0,0.7727836306458403,0.6955381353960012,0.8600987557378676
622268,Donovan Walton,AVG,32,0.2608695652173913,25.0,17.0,0.278012244603127,0.25483870967741934,0.29583333333333334
622268,Donovan Walton,OBP,32,0.3584905660377358,25.0,20.0,0.3599555788570227,0.35272445820433435,0.37725647605887125
622268,Donovan Walton,SLG,32,0.44782608695652176,25.0,20.0,0.41568533513708184,0.3871602787456446,0.4475229600847757
622268,Donovan Walton,OPS,32,0.8063166529942576,25.0,21.0,0.7777078662271736,0.7142191142191142,0.8389836554676352
622761,Jorge Mateo,AVG,31,0.2028985507246377,25.0,9.0,0.2618493928816015,0.23689320388349513,0.29427792915531337
622761,Jorge Mateo,OBP,31,0.2465753424657534,25.0,9.0,0.2767169348744627,0.25,0.29473684210526313
622761,Jorge Mateo,SLG,31,0.3140096618357488,25.0,18.0,0.34474517803205296,0.29896711835497014,0.3626694019644411
622761,Jorge Mateo,OPS,31,0.5605850043015022,25.0,12.0,0.6248023676407415,0.5500007657665816,0.6948171263975229
624413,Pete Alonso,AVG,31,0.26744186046511625,25.0,20.0,0.2577857746834733,0.23753922008068132,0.27417391857708767
624413,Pete Alonso,OBP,31,0.3599419448476052,25.0,21.0,0.339061672410261,0.311284046692607,0.36293436293436293
624413,Pete Alonso,SLG,31,0.521594684385382,25.0,22.0,0.48711369074635624,0.4316207685332747,0.5217638544251447
624413,Pete Alonso,OPS,31,0.8815366292329873,25.0,21.0,0.8407197899144289,0.7570808352284474,0.9302860404216746
624424,Michael Conforto,AVG,33,0.23809523809523808,25.0,13.0,0.24851127391910857,0.23097112860892388,0.2662473794549266
624424,Michael Conforto,OBP,33,0.3268608414239482,25.0,17.0,0.3287515582647433,0.30756578947368424,0.34615384615384615
624424,Michael Conforto,SLG,33,0.4652014652014652,25.0,20.0,0.4266162787580855,0.37870226563670795,0.4729577877662693
624424,Michael Conforto,OPS,33,0.7920623066254134,25.0,22.0,0.7701307599302157,0.7196740378885231,0.823498946865771
624585,Jorge Soler,AVG,34,0.20253164556962025,25.0,6.0,0.22600787683804127,0.20970308724348108,0.23981956575666183
624585,Jorge Soler,OBP,34,0.29411764705882354,25.0,11.0,0.30394904948247026,0.28009111617312077,0.33514806789454676
624585,Jorge Soler,SLG,34,0.37341772151898733,25.0,18.0,0.3792934403826804,0.32974004845145355,0.42847300286470613
624585,Jorge Soler,OPS,34,0.6675353685778109,25.0,13.0,0.6978425706524628,0.637012571915619,0.7383531098192244
624641,Edmundo Sosa,AVG,30,0.24789915966386555,25.0,18.0,0.24548377036706726,0.22750477750477752,0.2534032385857185
624641,Edmundo Sosa,OBP,30,0.2868525896414343,25.0,17.0,0.30205468519171896,0.28012519561815336,0.3274336283185841
624641,Edmundo Sosa,SLG,30,0.42857142857142855,25.0,15.0,0.380994943527376,0.34632034632034636,0.41200492356237417
624641,Edmundo Sosa,OPS,30,0.7154240182128628,25.0,17.0,0.724555599208369,0.6776455026455026,0.7818118304611086
630105,Jake Cronenworth,AVG,32,0.22279792746113988,25.0,11.0,0.23239143080343097,0.2137913883757283,0.24653610915078805
630105,Jake Cronenworth,OBP,32,0.3055555555555556,25.0,18.0,0.32358881158134983,0.2921415441176471,0.3493507528658174
630105,Jake Cronenworth,SLG,32,0.3160621761658031,25.0,7.0,0.292584020318212,0.25912603250732746,0.32624461469264254
630105,Jake Cronenworth,OPS,32,0.6216177317213587,25.0,10.0,0.6778789324003742,0.6255913228870754,0.726047917240643
641343,Jake Bauers,AVG,30,0.26875,25.0,20.0,0.2551352126708972,0.2356672932330827,0.2722630260895567
641343,Jake Bauers,OBP,30,0.38956521739130434,25.0,21.0,0.36980978795086467,0.3527204502814259,0.39501779359430605
641343,Jake Bauers,SLG,30,0.48541666666666666,25.0,23.0,0.4760257326654834,0.43696204118734916,0.5064612123435652
641343,Jake Bauers,OPS,30,0.8749818840579711,25.0,24.0,0.8315295228094118,0.7828715536222595,0.8890129652637503
641355,Cody Bellinger,AVG,30,0.2632612966601179,25.0,21.0,0.2530438678071596,0.23076923076923078,0.2720970537261698
641355,Cody Bellinger,OBP,30,0.3397887323943662,25.0,20.0,0.35124008911521465,0.3303985155382908,0.3637021404883931
641355,Cody Bellinger,SLG,30,0.4302554027504912,25.0,19.0,0.3963059730806652,0.357098860486603,0.45050321729087606
641355,Cody Bellinger,OPS,30,0.7700441351448574,25.0,17.0,0.7230511642961932,0.6876449521164981,0.7649650730840669
641487,J. P. Crawford,AVG,31,0.220873786407767,25.0,12.0,0.23956943650066,0.2306906008476689,0.2518712941038336
641487,J. P. Crawford,OBP,31,0.33540372670807456,25.0,19.0,0.3285806262023662,0.3172827822795292,0.34044651431757866
641487,J. P. Crawford,SLG,31,0.35194174757281554,25.0,18.0,0.36363551490965773,0.3297052305556297,0.41524539659427884
641487,J. P. Crawford,OPS,31,0.6873454742808901,25.0,21.0,0.7102059856072854,0.6419189356784486,0.7548158161541061
641680,Jonah Heim,AVG,31,0.20391061452513967,25.0,10.0,0.24538295569310503,0.2197621532955562,0.27567976085928525
641680,Jonah Heim,OBP,31,0.26356589147286824,25.0,9.0,0.2996465478299963,0.27413127413127414,0.32234432234432236
641680,Jonah Heim,SLG,31,0.3659217877094972,25.0,17.0,0.37317142593751956,0.3416252072968491,0.40762463343108507
641680,Jonah Heim,OPS,31,0.6294876791823654,25.0,12.0,0.6308961970169092,0.5770308475274551,0.6564173684913697
641857,Ryan McMahon,AVG,31,0.2125748502994012,25.0,8.0,0.24039953575373085,0.22605456656346748,0.25585558383298107
641857,Ryan McMahon,OBP,31,0.27945205479452057,25.0,12.0,0.301522545272804,0.2897728722725533,0.3211448551045907
641857,Ryan McMahon,SLG,31,0.3532934131736527,25.0,16.0,0.3789493298448673,0.35177453886693016,0.39021054376657827
641857,Ryan McMahon,OPS,31,0.6327454679681732,25.0,14.0,0.6524422186189998,0.6112395028815314,0.7172429131281723
641933,Tyler O'Neill,AVG,31,0.21212121212121213,25.0,7.0,0.25764610353568573,0.24262756219593737,0.2580219896116223
641933,Tyler O'Neill,OBP,31,0.3,25.0,18.0,0.32103165295994707,0.30006146896532004,0.338046811945117
641933,Tyler O'Neill,SLG,31,0.37662337662337664,25.0,19.0,0.37569793515313465,0.351981329408119,0.397454662287591
641933,Tyler O'Neill,OPS,31,0.6766233766233767,25.0,17.0,0.6599044586176566,0.6069748946991194,0.7014587892049599
642086,Dominic Smith,AVG,31,0.25547445255474455,25.0,18.0,0.24927296799879503,0.2263053442720962,0.27127260034287126
642086,Dominic Smith,OBP,31,0.31543624161073824,25.0,19.0,0.3205459257235967,0.2960995259092265,0.34736214209968186
642086,Dominic Smith,SLG,31,0.38321167883211676,25.0,16.0,0.38486305485193084,0.3201971868233583,0.42596960167714887
642086,Dominic Smith,OPS,31,0.6986479204428551,25.0,16.0,0.6878817676222619,0.6560168080851048,0.7268481580887878
642350,José Siri,AVG,30,0.2412280701754386,25.0,14.0,0.2623099466530712,0.2566176715723498,0.27852813575049234
642350,José Siri,OBP,30,0.29098360655737704,25.0,14.0,0.3088531539958161,0.29080496209053125,0.3208759842519685
642350,José Siri,SLG,30,0.4166666666666667,25.0,17.0,0.37738494868891026,0.32701421800947866,0.4040219378427788
642350,José Siri,OPS,30,0.7076502732240437,25.0,18.0,0.7439138902314809,0.680663292673487,0.7826739793112834
642708,Amed Rosario,AVG,30,0.23684210526315788,25.0,14.0,0.25334313641098793,0.2393297809048346,0.2671068720958669
642708,Amed Rosario,OBP,30,0.2839506172839506,25.0,15.0,0.31180597110185476,0.287602095854523,0.32949747249479633
642708,Amed Rosario,SLG,30,0.40350877192982454,25.0,19.0,0.3902333984455743,0.37238225078348625,0.39859268094693767
642708,Amed Rosario,OPS,30,0.6874593892137751,25.0,19.0,0.6813528954902285,0.62656536787672,0.7318189905993571
642715,Willy Adames,AVG,30,0.23010752688172043,25.0,12.0,0.2611469315179144,0.24153173086593582,0.28343699934030725
642715,Willy Adames,OBP,30,0.2896825396825397,25.0,14.0,0.3154459695614865,0.3003719991149464,0.33481043820777945
642715,Willy Adames,SLG,30,0.4236559139784946,25.0,19.0,0.4222299239619092,0.3794385309173641,0.47208486850463727
642715,Willy Adames,OPS,30,0.7133384536610343,25.0,19.0,0.7299732101263177,0.6958321047232289,0.7713017045948876
643217,Andrew Benintendi,AVG,31,0.24056603773584906,25.0,14.0,0.2632345900353272,0.2534544299916787,0.27001039501039503
643217,Andrew Benintendi,OBP,31,0.30752688172043013,25.0,17.0,0.3144195954893753,0.29865125240847784,0.3430034129692833
643217,Andrew Benintendi,SLG,31,0.41273584905660377,25.0,19.0,0.39406206328948756,0.35401675789622855,0.42756036461736957
643217,Andrew Benintendi,OPS,31,0.720262730777034,25.0,15.0,0.7031073112544828,0.6753811576470541,0.7404876116199105
643289,Mauricio Dubón,AVG,31,0.27380952380952384,25.0,20.0,0.25489640303938327,0.23240242023684923,0.28047237824086146
643289,Mauricio Dubón,OBP,31,0.3200636942675159,25.0,14.0,0.31935610384722385,0.28668364163052107,0.34807568401810063
643289,Mauricio Dubón,SLG,31,0.3945578231292517,25.0,17.0,0.40487472626502596,0.375,0.4533333333333333
643289,Mauricio Dubón,OPS,31,0.7146215173967676,25.0,16.0,0.6840457184362394,0.66547644568794,0.7308904176820425
643446,Jeff McNeil,AVG,34,0.26359832635983266,25.0,12.0,0.261055326356797,0.23522853957636566,0.28213899740541537
643446,Jeff McNeil,OBP,34,0.3138401559454191,25.0,13.0,0.3105815392714378,0.3022113022113022,0.3235294117647059
643446,Jeff McNeil,SLG,34,0.3682008368200837,25.0,15.0,0.38925720997680846,0.3483299951280247,0.41603878875093514
643446,Jeff McNeil,OPS,34,0.6820409927655028,25.0,15.0,0.6736527665461237,0.6015740970000284,0.7262869766599125
645277,Ozzie Albies,AVG,29,0.23923444976076555,25.0,14.0,0.25778959677943963,0.24060945533586925,0.26233525261266055
645277,Ozzie Albies,OBP,29,0.3026315789473684,25.0,16.0,0.3278935188703155,0.30213166144200626,0.34922652676889965
645277,Ozzie Albies,SLG,29,0.40350877192982454,25.0,19.0,0.39483567895710375,0.37238225078348625,0.41318302266081874
645277,Ozzie Albies,OPS,29,0.706140350877193,25.0,19.0,0.7003885902768651,0.6252360475938152,0.7764563939485749
646240,Rafael Devers,AVG,29,0.25806451612903225,25.0,15.0,0.26145247419558454,0.24905005241090147,0.2789606227106227
646240,Rafael Devers,OBP,29,0.33440514469453375,25.0,15.0,0.3311407126178484,0.3097489124105094,0.354406479741686
646240,Rafael Devers,SLG,29,0.525089605734767,25.0,24.0,0.48491863777972705,0.4265139116202946,0.5424260924989616
646240,Rafael Devers,OPS,29,0.8594947504293008,25.0,22.0,0.8195328459137713,0.7759907363391476,0.8662418453453021
647304,Josh Naylor,AVG,29,0.2613065326633166,25.0,21.0,0.2569538271809669,0.24043715846994534,0.2787524366471735
647304,Josh Naylor,OBP,29,0.31521739130434784,25.0,21.0,0.33341252684104883,0.3190394511149228,0.3503184713375796
647304,Josh Naylor,SLG,29,0.3500837520938023,25.0,15.0,0.3309009481118687,0.2896914671380363,0.36311511281120334
647304,Josh Naylor,OPS,29,0.6653011433981502,25.0,20.0,0.6752485396927765,0.6243054498227121,0.7355291046977208
650333,Luis Arráez,AVG,29,0.3104026845637584,25.0,22.0,0.29357430842859816,0.2780256142325108,0.30200661965231806
650333,Luis Arráez,OBP,29,0.3486529318541997,25.0,22.0,0.34408083311044524,0.32077051926298156,0.36049207524923094
650333,Luis Arráez,SLG,29,0.41946308724832215,25.0,20.0,0.41744707730255043,0.3714629049111808,0.4773754457822817
650333,Luis Arráez,OPS,29,0.7681160191025218,25.0,20.0,0.7454371783058342,0.7034359999306681,0.788913550629617
650402,Gleyber Torres,AVG,29,0.25977653631284914,25.0,21.0,0.2590150731022281,0.24369747899159663,0.28991596638655465
650402,Gleyber Torres,OBP,29,0.3614457831325301,25.0,19.0,0.3448741003426632,0.31886602098466504,0.3814427103159498
650402,Gleyber Torres,SLG,29,0.36312849162011174,25.0,15.0,0.3709832198248855,0.3383967539552646,0.39191206796997446
650402,Gleyber Torres,OPS,29,0.7245742747526418,25.0,20.0,0.7254878834072913,0.6608692886269341,0.7801957583193332
650489,Willi Castro,AVG,29,0.25995316159250587,25.0,18.0,0.26762345094195317,0.2546862996158771,0.27486746195388845
650489,Willi Castro,OBP,29,0.3333333333333333,25.0,14.0,0.31402033333632456,0.29227270403064237,0.34587114424985066
650489,Willi Castro,SLG,29,0.4168618266978923,25.0,19.0,0.38051273925813317,0.3304829902663349,0.4104910817429879
650489,Willi Castro,OPS,29,0.7501951600312255,25.0,19.0,0.7395591620325471,0.6866953530331398,0.8078833254126914
650490,Yandy Díaz,AVG,34,0.2928802588996764,25.0,19.0,0.2732034878051915,0.2543161756617343,0.29031843862352336
650490,Yandy Díaz,OBP,34,0.3554572271386431,25.0,17.0,0.350759210512487,0.3333333333333333,0.3717201166180758
650490,Yandy Díaz,SLG,34,0.4449838187702265,25.0,20.0,0.4309815551240628,0.40136331540926623,0.44524510074875956
650490,Yandy Díaz,OPS,34,0.8004410459088696,25.0,15.0,0.7507438368785565,0.7194146732649407,0.7964129818280161
650859,Luis Rengifo,AVG,29,0.2403846153846154,25.0,10.0,0.2627696902177191,0.2410854561777578,0.28145399836801305
650859,Luis Rengifo,OBP,29,0.31896551724137934,25.0,21.0,0.3156743136915908,0.29705882352941176,0.34194528875379937
650859,Luis Rengifo,SLG,29,0.3173076923076923,25.0,14.0,0.318130911763915,0.2933051108125172,0.343773639278124
650859,Luis Rengifo,OPS,29,0.6362732095490716,25.0,14.0,0.6436415032003043,0.6104586341338124,0.6939744062533049
655316,Andruw Monasterio,AVG,29,0.23174603174603176,25.0,12.0,0.24557454405413673,0.22690877308242802,0.26579818031430935
655316,Andruw Monasterio,OBP,29,0.29651162790697677,25.0,18.0,0.3041018201484444,0.2822582817129006,0.32983870967741935
655316,Andruw Monasterio,SLG,29,0.3682539682539683,25.0,17.0,0.395955835364985,0.3512064343163539,0.44587628865979384
655316,Andruw Monasterio,OPS,29,0.6647655961609451,25.0,20.0,0.6725987596265194,0.615423427742749,0.7397922890880637
656305,Matt Chapman,AVG,33,0.23452768729641693,25.0,11.0,0.2481753203391275,0.2384191342421233,0.2562757105459985
656305,Matt Chapman,OBP,33,0.32471264367816094,25.0,14.0,0.3297043258129978,0.3053977272727273,0.3521841794569067
656305,Matt Chapman,SLG,33,0.36807817589576547,25.0,16.0,0.37530495729697216,0.3316815787182167,0.397979797979798
656305,Matt Chapman,OPS,33,0.6927908195739264,25.0,17.0,0.7132969656806113,0.6937461919417582,0.7578843594740832
656537,Derek Hill,AVG,30,0.24019607843137256,25.0,12.0,0.2464838057806834,0.2295950665793495,0.26158723522853955
656537,Derek Hill,OBP,30,0.2889908256880734,25.0,10.0,0.3181564746831268,0.2865722965668916,0.34540719696969696
656537,Derek Hill,SLG,30,0.44607843137254904,25.0,21.0,0.42653407314586256,0.3937007874015748,0.4588859416445623
656537,Derek Hill,OPS,30,0.7350692570606224,25.0,20.0,0.7502950531977293,0.7138923873882418,0.7984759273780828
656555,Rhys Hoskins,AVG,33,0.17870722433460076,25.0,7.0,0.22551577294972752,0.21528745644599304,0.23803924051777944
656555,Rhys Hoskins,OBP,33,0.30990415335463256,25.0,16.0,0.3387103413445839,0.31819098009574204,0.3618332605475206
656555,Rhys Hoskins,SLG,33,0.376425855513308,25.0,21.0,0.3672831091924259,0.3488372093023256,0.3878504672897196
656555,Rhys Hoskins,OPS,33,0.6863300088679405,25.0,14.0,0.722585555329173,0.6562528947534875,0.7281337323160046
656716,Zach McKinstry,AVG,31,0.19946091644204852,25.0,8.0,0.2349443802057333,0.22298377028714106,0.25116453030918695
656716,Zach McKinstry,OBP,31,0.28776978417266186,25.0,12.0,0.306690722816425,0.28445171979798944,0.3296296296296296
656716,Zach McKinstry,SLG,31,0.29380053908355797,25.0,12.0,0.32332699239056634,0.30359050671550675,0.3541092956367419
656716,Zach McKinstry,OPS,31,0.5815703232562198,25.0,14.0,0.6013586147018526,0.5683158756421607,0.6454350098298842
656775,Cedric Mullins,AVG,31,0.20501138952164008,25.0,9.0,0.2408945971100949,0.22439024390243903,0.24950884086444008
656775,Cedric Mullins,OBP,31,0.28629856850715746,25.0,15.0,0.30540212156952223,0.28756043256997454,0.321629114073375
656775,Cedric Mullins,SLG,31,0.3439635535307517,25.0,14.0,0.35695728147723366,0.33461174572217967,0.3742674339365488
656775,Cedric Mullins,OPS,31,0.6302621220379092,25.0,15.0,0.6411740610920482,0.567984994923189,0.6636439050924661
656811,Ryan O'Hearn,AVG,32,0.26535626535626533,25.0,13.0,0.2736117144199769,0.25936599423631124,0.2903225806451613
656811,Ryan O'Hearn,OBP,32,0.33109619686800895,25.0,19.0,0.32899359724003285,0.3159110423570653,0.3496053092987339
656811,Ryan O'Hearn,SLG,32,0.4398034398034398,25.0,20.0,0.42199337464408265,0.39192349603190924,0.4493606407644207
656811,Ryan O'Hearn,OPS,32,0.7708996366714487,25.0,16.0,0.74760697428004,0.7076505970026115,0.8014565809662653
656941,Kyle Schwarber,AVG,33,0.23479729729729729,25.0,12.0,0.2452509424635659,0.23892873849992202,0.26134852129616526
656941,Kyle Schwarber,OBP,33,0.3537803138373752,25.0,16.0,0.3532089781609666,0.33172331755117423,0.37240299523485365
656941,Kyle Schwarber,SLG,33,0.5050675675675675,25.0,21.0,0.45751964790065824,0.4066265060240964,0.47596153846153844
656941,Kyle Schwarber,OPS,33,0.8588478814049427,25.0,18.0,0.8015966906730779,0.7656861482202066,0.8530571265710707
657041,Lane Thomas,AVG,30,0.22324159021406728,25.0,12.0,0.25141052197882846,0.24788200693560422,0.25903401039206425
657041,Lane Thomas,OBP,30,0.3190348525469169,25.0,19.0,0.3157339611812246,0.298838911679012,0.3364413652478161
657041,Lane Thomas,SLG,30,0.382262996941896,25.0,17.0,0.3750031501224713,0.34714003944773175,0.41260162601626016
657041,Lane Thomas,OPS,30,0.7012978494888129,25.0,22.0,0.7197839896051338,0.6770424628454613,0.7513297427455616
657136,Connor Wong,AVG,30,0.23333333333333334,25.0,16.0,0.2603262080797348,0.24042768483540206,0.2788271186440678
657136,Connor Wong,OBP,30,0.3090128755364807,25.0,17.0,0.3148364548408206,0.31216931216931215,0.3333333333333333
657136,Connor Wong,SLG,30,0.3476190476190476,25.0,18.0,0.3566330594257387,0.33305141500839597,0.37998082979597425
657136,Connor Wong,OPS,30,0.6566319231555283,25.0,17.0,0.6853931226616305,0.6450622338683263,0.7337933710231681
657757,Gavin Sheets,AVG,30,0.21428571428571427,25.0,13.0,0.23549805515880726,0.2088888888888889,0.2545454545454545
657757,Gavin Sheets,OBP,30,0.3157894736842105,25.0,18.0,0.322401203828799,0.3041431332870217,0.3370534963859472
657757,Gavin Sheets,SLG,30,0.4065934065934066,25.0,19.0,0.396753215119292,0.3624324324324324,0.434080058758722
657757,Gavin Sheets,OPS,30,0.7223828802776171,25.0,20.0,0.7248103310900132,0.645804660036218,0.8015748394823665
660271,Shohei Ohtani,AVG,31,0.27514231499051234,25.0,20.0,0.27491387928516975,0.2541934402006435,0.292436987061538
660271,Shohei Ohtani,OBP,31,0.3622704507512521,25.0,19.0,0.3508191671289652,0.31349466668416015,0.3676725919801571
660271,Shohei Ohtani,SLG,31,0.5104364326375711,25.0,23.0,0.46872795268645734,0.4077059086071343,0.527714297805709
660271,Shohei Ohtani,OPS,31,0.8727068833888232,25.0,23.0,0.8163744957214402,0.7330049499549833,0.8722109639933684
660670,Ronald Acuña,AVG,28,0.2517814726840855,25.0,15.0,0.25870362049549755,0.2303136312064401,0.2871524100707136
660670,Ronald Acuña,OBP,28,0.34375,25.0,21.0,0.32388460545475367,0.3050139275766017,0.3420074349442379
660670,Ronald Acuña,SLG,28,0.4418052256532066,25.0,21.0,0.4498838162938173,0.4175824175824176,0.4753694581280788
660670,Ronald Acuña,OPS,28,0.7855552256532066,25.0,21.0,0.7360378345070206,0.7064664631631054,0.7782477430958745
660688,Keibert Ruiz,AVG,27,0.28012048192771083,25.0,20.0,0.2630535898564248,0.24732913541814067,0.27972418262998705
660688,Keibert Ruiz,OBP,27,0.3171428571428571,25.0,17.0,0.32198112439897614,0.3,0.3392857142857143
660688,Keibert Ruiz,SLG,27,0.4427710843373494,25.0,23.0,0.41899528845899875,0.38459082639423414,0.4641986879100281
660688,Keibert Ruiz,OPS,27,0.7599139414802065,25.0,23.0,0.743898936809543,0.7044051229845281,0.7827711106187515
660821,Jesús Sánchez,AVG,28,0.2535211267605634,25.0,17.0,0.26278092204373465,0.25327510917030566,0.28094302554027506
660821,Jesús Sánchez,OBP,28,0.313915857605178,25.0,20.0,0.3280430286559773,0.31940361377832294,0.3502471625093499
660821,Jesús Sánchez,SLG,28,0.4014084507042254,25.0,19.0,0.3845939117522847,0.35832157020904754,0.4133419031832482
660821,Jesús Sánchez,OPS,28,0.7153243083094034,25.0,15.0,0.7116171419653315,0.6593895010804026,0.7740532818948368
661388,William Contreras,AVG,28,0.27065026362038663,25.0,21.0,0.2600614718224925,0.24438902743142144,0.2780612244897959
661388,William Contreras,OBP,28,0.34022257551669316,25.0,19.0,0.344486200390791,0.33016243786568267,0.36282445730471513
661388,William Contreras,SLG,28,0.421792618629174,25.0,18.0,0.452136377518772,0.42349814466348945,0.4798139251124838
661388,William Contreras,OPS,28,0.7620151941458672,25.0,24.0,0.7281921828030202,0.6785052840782376,0.7938499794870209
662139,Daulton Varsho,AVG,29,0.22107438016528927,25.0,15.0,0.24307729755920526,0.22644659457408461,0.2622320294475983
662139,Daulton Varsho,OBP,29,0.27915869980879543,25.0,14.0,0.30442006949654515,0.27982174688057043,0.32641312994244537
662139,Daulton Varsho,SLG,29,0.35537190082644626,25.0,16.0,0.3660481599398184,0.34121791579070004,0.3884653516892947
662139,Daulton Varsho,OPS,29,0.6345306006352417,25.0,12.0,0.6301424413285461,0.5851929267876685,0.6660271633462373
663457,Lars Nootbaar,AVG,28,0.23859649122807017,25.0,20.0,0.2567629581876809,0.22969344273841386,0.2799094147387774
663457,Lars Nootbaar,OBP,28,0.3384146341463415,25.0,22.0,0.33279748288003996,0.3062794738148424,0.353670484451477
663457,Lars Nootbaar,SLG,28,0.37894736842105264,25.0,22.0,0.37618096501639875,0.34647348518160237,0.4035046957542555
663457,Lars Nootbaar,OPS,28,0.7173620025673941,25.0,20.0,0.7281322646803399,0.6970572947687006,0.7688497228707344
663538,Nico Hoerner,AVG,29,0.26572327044025157,25.0,18.0,0.2557552529874117,0.23595889856573965,0.28164037061156827
663538,Nico Hoerner,OBP,29,0.32220609579100146,25.0,19.0,0.32948522384994106,0.29293724178634667,0.367206343352388
663538,Nico Hoerner,SLG,29,0.35377358490566035,25.0,16.0,0.3405169936113066,0.3033024080967892,0.38049513582966227
663538,Nico Hoerner,OPS,29,0.6759796806966618,25.0,15.0,0.7079102849201574,0.6657224382467889,0.7504990724671887
663586,Austin Riley,AVG,29,0.21761658031088082,25.0,13.0,0.2521491270364296,0.23627684964200477,0.26964285714285713
663586,Austin Riley,OBP,29,0.29329173166926675,25.0,19.0,0.30340325571053844,0.282365668950595,0.32971222884567775
663586,Austin Riley,SLG,29,0.3644214162348877,25.0,18.0,0.3875063290215028,0.34642556770395294,0.41729348930580684
663586,Austin Riley,OPS,29,0.6577131479041545,25.0,18.0,0.6768509324917746,0.6170895730579775,0.7441638916676985
663616,Trevor Larnach,AVG,29,0.2689295039164491,25.0,20.0,0.2648051878173031,0.251400552362134,0.28365971805328416
663616,Trevor Larnach,OBP,29,0.3503480278422274,25.0,20.0,0.344178242004444,0.3251195176711958,0.35630581713859666
663616,Trevor Larnach,SLG,29,0.4360313315926893,25.0,21.0,0.4407562172013897,0.40326340326340326,0.4681818181818182
663616,Trevor Larnach,OPS,29,0.7863793594349167,25.0,23.0,0.7644880543181914,0.6975517527493909,0.8296083094337183
663647,Ke'Bryan Hayes,AVG,29,0.14096916299559473,25.0,11.0,0.20728158596960444,0.1785805398234604,0.2324577610403088
663647,Ke'Bryan Hayes,OBP,29,0.19421487603305784,25.0,11.0,0.2385696292490853,0.20104213525266157,0.28200808625336926
663647,Ke'Bryan Hayes,SLG,29,0.22466960352422907,25.0,10.0,0.2657597640293512,0.22351332877648666,0.2856359649122807
663647,Ke'Bryan Hayes,OPS,29,0.4188844795572869,25.0,11.0,0.48182712181369836,0.4124077152394482,0.5381176731946362
663656,Kyle Tucker,AVG,29,0.23529411764705882,25.0,12.0,0.24606974448843796,0.2252980154997851,0.26510365614056297
663656,Kyle Tucker,OBP,29,0.3333333333333333,25.0,14.0,0.31402033333632456,0.29227270403064237,0.34587114424985066
663656,Kyle Tucker,SLG,29,0.3915441176470588,25.0,19.0,0.4069961273154908,0.36105935323801097,0.44503052296958956
663656,Kyle Tucker,OPS,29,0.7248774509803921,25.0,21.0,0.7226824803834098,0.6628452603244659,0.7746246615801131
663728,Cal Raleigh,AVG,29,0.18181818181818182,25.0,7.0,0.22134346075743241,0.21624136472578598,0.24065246820599845
663728,Cal Raleigh,OBP,29,0.29714285714285715,25.0,17.0,0.30988564672558855,0.2830188679245283,0.3314285714285714
663728,Cal Raleigh,SLG,29,0.36807095343680707,25.0,16.0,0.38714461980680487,0.3486340274199832,0.44587274188971915
663728,Cal Raleigh,OPS,29,0.6652138105796642,25.0,20.0,0.6632791296096008,0.6175999684328819,0.7260109375179014
663743,Nick Fortes,AVG,29,0.25838926174496646,25.0,20.0,0.2602664201201147,0.23599435176671485,0.2845721294025084
663743,Nick Fortes,OBP,29,0.3050314465408805,25.0,17.0,0.3273445116522256,0.30095238095238097,0.34801136363636365
663743,Nick Fortes,SLG,29,0.37583892617449666,25.0,17.0,0.362972820093971,0.30364372469635625,0.41518578352180935
663743,Nick Fortes,OPS,29,0.6808703727153771,25.0,23.0,0.6769052865841495,0.6164281175818067,0.7035928739506646
663757,Trent Grisham,AVG,29,0.21176470588235294,25.0,12.0,0.24041696478671679,0.21946718948218197,0.2588990498812352
663757,Trent Grisham,OBP,29,0.31211498973305957,25.0,17.0,0.32005451095208026,0.28169014084507044,0.34602649006622516
663757,Trent Grisham,SLG,29,0.39294117647058824,25.0,19.0,0.3859565918542761,0.34461929920501844,0.42120406647008063
663757,Trent Grisham,OPS,29,0.7050561662036479,25.0,17.0,0.7026580797966812,0.6613580916237463,0.7559473856238019
663837,Matt Vierling,AVG,29,0.20676691729323307,25.0,18.0,0.23368273026304567,0.22442449986297616,0.2572163365576539
663837,Matt Vierling,OBP,29,0.2596491228070175,25.0,11.0,0.30671239940659567,0.2912581924326706,0.330494136864827
663837,Matt Vierling,SLG,29,0.33458646616541354,25.0,17.0,0.35208298156759643,0.3333333333333333,0.3821138211382114
663837,Matt Vierling,OPS,29,0.5942355889724311,25.0,16.0,0.6355852091221462,0.5750990357398138,0.6656899332630014
663886,Tyler Stephenson,AVG,29,0.24087591240875914,25.0,18.0,0.24571371305105627,0.24040652991996608,0.2663430420711974
663886,Tyler Stephenson,OBP,29,0.3246753246753247,25.0,19.0,0.3262754313239375,0.30574144890588484,0.3451351469991111
663886,Tyler Stephenson,SLG,29,0.40389294403892945,25.0,21.0,0.3748897145772853,0.3468208092485549,0.40582959641255606
663886,Tyler Stephenson,OPS,29,0.7285682687142541,25.0,20.0,0.726817410640276,0.6788397603633453,0.7746723487726045
663968,Jake Mangum,AVG,30,0.27586206896551724,25.0,23.0,0.27660835750679386,0.25076687116564417,0.29618302285385056
663968,Jake Mangum,OBP,30,0.33121019108280253,25.0,20.0,0.3326030612562444,0.3109187796043466,0.35464652399802077
663968,Jake Mangum,SLG,30,0.3632183908045977,25.0,16.0,0.3602429312044742,0.3290421516200063,0.3921452301850973
663968,Jake Mangum,OPS,30,0.6944285818874003,25.0,16.0,0.6899121807642461,0.6333315034878527,0.7678976452267988
663993,Nathaniel Lowe,AVG,30,0.25326370757180156,25.0,18.0,0.25040141471588095,0.23390865623052762,0.267662298150103
663993,Nathaniel Lowe,OBP,30,0.32387706855791965,25.0,17.0,0.32448039828298064,0.30966767371601206,0.3374045801526718
663993,Nathaniel Lowe,SLG,30,0.4464751958224543,25.0,21.0,0.4228545880494979,0.3937007874015748,0.4588859416445623
663993,Nathaniel Lowe,OPS,30,0.770352264380374,25.0,17.0,0.71465617189455,0.6714886241222067,0.7518058906348386
664023,Ian Happ,AVG,31,0.21557971014492755,25.0,10.0,0.25233454846217346,0.23768668166939444,0.26789155544915916
664023,Ian Happ,OBP,31,0.3213166144200627,25.0,16.0,0.32266871083948456,0.29961782963749833,0.34688582233836873
664023,Ian Happ,SLG,31,0.4076086956521739,25.0,17.0,0.39822095375611705,0.3514644351464435,0.4380664652567976
664023,Ian Happ,OPS,31,0.7289253100722366,25.0,17.0,0.707506719647574,0.6238324497818168,0.7701595018008268
664034,Ty France,AVG,31,0.29867256637168144,25.0,22.0,0.2835463042052506,0.26184680016414763,0.305534276424425
664034,Ty France,OBP,31,0.3697813121272366,25.0,20.0,0.3539742389064275,0.34338922115449233,0.36071933003770873
664034,Ty France,SLG,31,0.5022123893805309,25.0,22.0,0.4756825177296491,0.4283577796951395,0.5239244951712028
664034,Ty France,OPS,31,0.8719937015077674,25.0,23.0,0.7985396553873351,0.7187174353181236,0.8722109639933684
664040,Brandon Lowe,AVG,31,0.2607204116638079,25.0,16.0,0.26546661064560234,0.2484134020654684,0.2887701960505501
664040,Brandon Lowe,OBP,31,0.33384853168469864,25.0,22.0,0.32954839511483125,0.3136298348953951,0.34817526223776224
664040,Brandon Lowe,SLG,31,0.4939965694682676,25.0,22.0,0.4492505718126348,0.405402043935625,0.4865903755868545
664040,Brandon Lowe,OPS,31,0.8278451011529662,25.0,24.0,0.8117667889491487,0.7432986166616453,0.8519818594510731
664702,Myles Straw,AVG,31,0.24067796610169492,25.0,15.0,0.264673022801927,0.2515614093096734,0.2697505197505198
664702,Myles Straw,OBP,31,0.3065015479876161,25.0,18.0,0.3193215493757001,0.30232408875831945,0.3359059476421536
664702,Myles Straw,SLG,31,0.3423728813559322,25.0,17.0,0.3437096252202232,0.3089622641509434,0.3653061224489796
664702,Myles Straw,OPS,31,0.6488744293435482,25.0,17.0,0.6620099267594938,0.6031304624185603,0.7086509891312847
664728,Kyle Isbel,AVG,29,0.22448979591836735,25.0,15.0,0.23439118925935137,0.21845398121411264,0.2508169934640523
664728,Kyle Isbel,OBP,29,0.2692307692307692,25.0,15.0,0.2983363221349985,0.27720714111029593,0.3215408149075233
664728,Kyle Isbel,SLG,29,0.3231292517006803,25.0,15.0,0.34345353248645444,0.31778899632069824,0.3803642952508106
664728,Kyle Isbel,OPS,29,0.5923600209314495,25.0,14.0,0.6442302900458848,0.6109038527691778,0.6809501117676171
664761,Alec Bohm,AVG,29,0.2504317789291883,25.0,22.0,0.25595357368907007,0.2371298435367006,0.27676005747126436
664761,Alec Bohm,OBP,29,0.31761006289308175,25.0,13.0,0.3190895232843531,0.31098696461824954,0.3333333333333333
664761,Alec Bohm,SLG,29,0.38860103626943004,25.0,21.0,0.4020361014487905,0.37616822429906543,0.4249512670565302
664761,Alec Bohm,OPS,29,0.7062110991625118,25.0,18.0,0.7023102144313121,0.6447125379271116,0.7670728486433058
664770,Nathan Lukes,AVG,31,0.2769607843137255,25.0,19.0,0.27286617701394467,0.25678304600674684,0.28940886699507384
664770,Nathan Lukes,OBP,31,0.32954545454545453,25.0,15.0,0.3358117196125257,0.32163891053404126,0.34864942304185875
664770,Nathan Lukes,SLG,31,0.3872549019607843,25.0,15.0,0.3643774193522654,0.3433863979358357,0.3810300165478526
664770,Nathan Lukes,OPS,31,0.7168003565062389,25.0,18.0,0.7118934598218691,0.6652622906465119,0.7274703000560352
664954,Brett Sullivan,AVG,32,0.22477064220183487,25.0,14.0,0.24575239650610597,0.22256571612978937,0.2741651404602251
664954,Brett Sullivan,OBP,32,0.27155172413793105,25.0,10.0,0.29464934974612145,0.2544008073586118,0.3315592277363568
664954,Brett Sullivan,SLG,32,0.38990825688073394,25.0,14.0,0.3916124739565351,0.3731420377451585,0.4007563025210084
664954,Brett Sullivan,OPS,32,0.661459981018665,25.0,16.0,0.6802735073266081,0.6392999772922725,0.7307272261712477
664983,Jake McCarthy,AVG,28,0.2906764168190128,25.0,18.0,0.2645827404052893,0.2531911800096262,0.28498243559718966
664983,Jake McCarthy,OBP,28,0.3356164383561644,25.0,20.0,0.3407471331417995,0.324009847613571,0.3564473684210526
664983,Jake McCarthy,SLG,28,0.4753199268738574,25.0,20.0,0.4474217360722011,0.4175955909826878,0.47375
664983,Jake McCarthy,OPS,28,0.8109363652300218,25.0,22.0,0.7839988424482113,0.7421483903232631,0.8193265835279027
665019,Kody Clemens,AVG,30,0.2391713747645951,25.0,12.0,0.2557206652608235,0.23184567448680352,0.26515936740800494
665019,Kody Clemens,OBP,30,0.2986111111111111,25.0,14.0,0.3250337640387832,0.30807688110438153,0.35149412749549735
665019,Kody Clemens,SLG,30,0.4595103578154426,25.0,24.0,0.46085324043351666,0.43059493247014174,0.48590234215752026
665019,Kody Clemens,OPS,30,0.7581214689265536,25.0,19.0,0.7535361817368073,0.712021068875375,0.789262641634451
665052,Griffin Conine,AVG,28,0.2640845070422535,25.0,22.0,0.2590858462804742,0.2382178217821782,0.2816258013195452
665052,Griffin Conine,OBP,28,0.35294117647058826,25.0,20.0,0.34258082762196673,0.3200896285612602,0.3703763024925658
665052,Griffin Conine,SLG,28,0.49295774647887325,25.0,22.0,0.44788890616630916,0.42495652173913046,0.47161339775155625
665052,Griffin Conine,OPS,28,0.8458989229494616,25.0,24.0,0.7954911357215776,0.7248807802915577,0.8687994896764496
665161,Jeremy Peña,AVG,28,0.27912087912087913,25.0,17.0,0.2814845617962671,0.26458333333333334,0.301556420233463
665161,Jeremy Peña,OBP,28,0.32786885245901637,25.0,16.0,0.3375149330395438,0.30938227922748046,0.35948823216541453
665161,Jeremy Peña,SLG,28,0.48131868131868133,25.0,17.0,0.4377307811231996,0.3746630727762803,0.48243559718969553
665161,Jeremy Peña,OPS,28,0.8091875337776977,25.0,23.0,0.7925845330243217,0.7646207068632556,0.8481719495035154
665487,Fernando Tatís,AVG,27,0.2884012539184953,25.0,19.0,0.26233709840310654,0.2516946948019158,0.2856241863009813
665487,Fernando Tatís,OBP,27,0.35511363636363635,25.0,20.0,0.34154242411925956,0.30800748002634165,0.3657962246812421
665487,Fernando Tatís,SLG,27,0.4702194357366771,25.0,21.0,0.4594158625843476,0.3967136150234742,0.51953125
665487,Fernando Tatís,OPS,27,0.8253330721003135,25.0,21.0,0.8162801080294491,0.7505904322513319,0.8721581236996406
665489,Vladimir Guerrero,AVG,27,0.26014760147601473,25.0,17.0,0.2626071260532641,0.23333333333333334,0.2835820895522388
665489,Vladimir Guerrero,OBP,27,0.3294314381270903,25.0,16.0,0.30915795642243765,0.28666535742340926,0.33143788421265963
665489,Vladimir Guerrero,SLG,27,0.35608856088560886,25.0,19.0,0.36298515408837473,0.3471113851283877,0.39947067361051825
665489,Vladimir Guerrero,OPS,27,0.6855199990126992,25.0,21.0,0.7167640051321923,0.651314831002331,0.7495126705653021
665742,Juan Soto,AVG,27,0.275,25.0,18.0,0.2736157343525538,0.2542144026186579,0.28323061717825393
665742,Juan Soto,OBP,27,0.375,25.0,23.0,0.3568416576409398,0.34511044499879295,0.3701808276799975
665742,Juan Soto,SLG,27,0.515,25.0,23.0,0.4753021320612094,0.43304635761589405,0.5296482108317215
665742,Juan Soto,OPS,27,0.89,25.0,24.0,0.8337787328368228,0.7796771860084042,0.874325836128566
665750,Leody Taveras,AVG,27,0.2191142191142191,25.0,14.0,0.2418186373093659,0.21976592558163555,0.2675735554767813
665750,Leody Taveras,OBP,27,0.28874734607218683,25.0,12.0,0.3228094481868783,0.29748342750269835,0.3433093068928834
665750,Leody Taveras,SLG,27,0.34498834498834496,25.0,16.0,0.35962868033317413,0.3410313864449174,0.37438625204582654
665750,Leody Taveras,OPS,27,0.6337356910605318,25.0,14.0,0.6255566972310614,0.5377134145738736,0.6848612295993521
665804,Miguel Amaya,AVG,27,0.2372093023255814,25.0,8.0,0.24114529293421824,0.22610772639158128,0.2526025923581129
665804,Miguel Amaya,OBP,27,0.3413654618473896,25.0,19.0,0.33502671978118,0.3144010486489707,0.3507917897552023
665804,Miguel Amaya,SLG,27,0.3767441860465116,25.0,22.0,0.3830368690356748,0.3472689938398357,0.4141260162601626
665804,Miguel Amaya,OPS,27,0.7181096478939012,25.0,21.0,0.6986984981962191,0.630740129259207,0.7621452537396897
665833,Oneil Cruz,AVG,27,0.2798913043478261,25.0,23.0,0.27690886011672344,0.26403373696367327,0.28514588859416445
665833,Oneil Cruz,OBP,27,0.3629807692307692,25.0,21.0,0.35752039199299845,0.3482587064676617,0.3671586715867159
665833,Oneil Cruz,SLG,27,0.48641304347826086,25.0,21.0,0.4668224917227925,0.4280155642023346,0.5329512893982808
665833,Oneil Cruz,OPS,27,0.8493938127090301,25.0,24.0,0.7765631723418673,0.7326754895532493,0.8177420068828869
665862,Jazz Chisholm,AVG,28,0.23319327731092437,25.0,18.0,0.24922519276847752,0.23501156377868707,0.26890713910973
665862,Jazz Chisholm,OBP,28,0.31390977443609025,25.0,19.0,0.33025278320062385,0.3202607559065497,0.35033659631207514
665862,Jazz Chisholm,SLG,28,0.39915966386554624,25.0,19.0,0.41283362399409074,0.36789188717414817,0.4381859696767888
665862,Jazz Chisholm,OPS,28,0.7130694383016365,25.0,15.0,0.7198958840841339,0.6895602748570374,0.7499931727740388
665877,José Fermín,AVG,27,0.24770642201834864,25.0,15.0,0.24290651187329917,0.22730082417582417,0.2523503717203275
665877,José Fermín,OBP,27,0.3147632311977716,25.0,16.0,0.31969773806417406,0.2981586566299942,0.3413295375087404
665877,José Fermín,SLG,27,0.3547400611620795,25.0,20.0,0.3699125449346091,0.3336914883677473,0.39838781377940613
665877,José Fermín,OPS,27,0.6695032923598512,25.0,18.0,0.6942207223719326,0.6451673183039643,0.7627040705403729
665923,Esteury Ruiz,AVG,27,0.215962441314554,25.0,13.0,0.244106764529227,0.22658610271903323,0.26651480637813213
665923,Esteury Ruiz,OBP,27,0.3346613545816733,25.0,18.0,0.3261218808815264,0.30443252916971986,0.34163192811661985
665923,Esteury Ruiz,SLG,27,0.36619718309859156,25.0,15.0,0.3810181131803906,0.3449131513647643,0.4131778309409888
665923,Esteury Ruiz,OPS,27,0.7008585376802648,25.0,20.0,0.7142998612664444,0.6578933747412008,0.756264049392533
665926,Andrés Giménez,AVG,27,0.24358974358974358,25.0,21.0,0.25816700429589595,0.23582766439909297,0.2727272727272727
665926,Andrés Giménez,OBP,27,0.2905811623246493,25.0,18.0,0.29957345711366096,0.2828932195571956,0.3158216410562097
665926,Andrés Giménez,SLG,27,0.358974358974359,25.0,17.0,0.37498879662109025,0.34068627450980393,0.40236686390532544
665926,Andrés Giménez,OPS,27,0.6495555212990083,25.0,18.0,0.6846985264614638,0.6333848371511366,0.724950029939904
665966,Carlos Narváez,AVG,27,0.16129032258064516,25.0,9.0,0.22532844353892478,0.20987654320987653,0.23832923832923833
665966,Carlos Narváez,OBP,27,0.24363636363636362,25.0,12.0,0.2952587784814682,0.27847782258064513,0.30298927982407914
665966,Carlos Narváez,SLG,27,0.22580645161290322,25.0,8.0,0.29531577163205713,0.26499757859477785,0.32118573797678274
665966,Carlos Narváez,OPS,27,0.46944281524926684,25.0,7.0,0.6084988483966312,0.5603710412654292,0.6536984543634898
666018,Jonathan Aranda,AVG,28,0.273972602739726,25.0,21.0,0.26584539243475386,0.2504258943781942,0.2872531418312388
666018,Jonathan Aranda,OBP,28,0.3585476550680787,25.0,20.0,0.34300458364396846,0.31434166196364133,0.37212294068371293
666018,Jonathan Aranda,SLG,28,0.4383561643835616,25.0,19.0,0.4324830486004864,0.3951671891327064,0.4652794163913796
666018,Jonathan Aranda,OPS,28,0.7969038194516402,25.0,23.0,0.7806694153026766,0.7272037578097941,0.8234282048523535
666023,Freddy Fermin,AVG,31,0.2025862068965517,25.0,10.0,0.2553331906534827,0.22362831140928713,0.2912691945300364
666023,Freddy Fermin,OBP,31,0.27734375,25.0,15.0,0.3145145684818098,0.29542439209302845,0.33828728730306323
666023,Freddy Fermin,SLG,31,0.3146551724137931,25.0,18.0,0.35368275705205604,0.30874054385606214,0.3950892857142857
666023,Freddy Fermin,OPS,31,0.5919989224137931,25.0,10.0,0.6092200769680706,0.5711964213990531,0.6558589957759287
666126,Carlos Cortes,AVG,28,0.25072886297376096,25.0,15.0,0.2586926828328626,0.2283702979598573,0.27667179311916157
666126,Carlos Cortes,OBP,28,0.3201058201058201,25.0,16.0,0.32435946708200847,0.3068575094946143,0.34159099752474437
666126,Carlos Cortes,SLG,28,0.3965014577259475,25.0,17.0,0.39149470939678743,0.36217303822937624,0.430952380952381
666126,Carlos Cortes,OPS,28,0.7166072778317676,25.0,24.0,0.7172943532051178,0.6753624656780061,0.7801692622500549
666139,Josh Lowe,AVG,28,0.2090032154340836,25.0,8.0,0.22436057787890734,0.17716165413533835,0.250789686825054
666139,Josh Lowe,OBP,28,0.27218934911242604,25.0,20.0,0.3081706429413789,0.29530885780885785,0.3293675889328063
666139,Josh Lowe,SLG,28,0.36012861736334406,25.0,21.0,0.37577709396134895,0.34464751958224543,0.40591397849462363
666139,Josh Lowe,OPS,28,0.6323179664757701,25.0,13.0,0.6260894235400263,0.5969464662560834,0.639451114922813
666152,David Hamilton,AVG,28,0.2448377581120944,25.0,18.0,0.24776509855191778,0.22851597518557035,0.2649050245098039
666152,David Hamilton,OBP,28,0.3136729222520107,25.0,18.0,0.3272993251622807,0.32102769424435273,0.33932339694855085
666152,David Hamilton,SLG,28,0.336283185840708,25.0,14.0,0.3374137504038731,0.3100693979674839,0.3634556288618916
666152,David Hamilton,OPS,28,0.6499561080927188,25.0,18.0,0.6440382499331767,0.6001808828516921,0.6905544937365966
666160,Mickey Moniak,AVG,28,0.2376237623762376,25.0,16.0,0.24227560423599073,0.224408570153251,0.26055269922879176
666160,Mickey Moniak,OBP,28,0.28205128205128205,25.0,13.0,0.28736036808271953,0.2776617954070981,0.30256410256410254
666160,Mickey Moniak,SLG,28,0.4801980198019802,25.0,18.0,0.4222035514149012,0.3765831531551613,0.4679160341451609
666160,Mickey Moniak,OPS,28,0.7622493018532622,25.0,23.0,0.7353139595017006,0.6784109366745064,0.8199404400682136
666176,Jo Adell,AVG,27,0.23887973640856672,25.0,16.0,0.2571297940023158,0.2468421052631579,0.2621820802529409
666176,Jo Adell,OBP,27,0.2978723404255319,25.0,21.0,0.3127185305619055,0.2910284463894967,0.3355119825708061
666176,Jo Adell,SLG,27,0.3986820428336079,25.0,21.0,0.3970108264414737,0.3575757575757576,0.4308231173380035
666176,Jo Adell,OPS,27,0.6965543832591399,25.0,17.0,0.7186176907163696,0.669911412193851,0.766148017488109
666182,Bo Bichette,AVG,28,0.2601880877742947,25.0,18.0,0.2689579519639899,0.25488631689431657,0.285641989589358
666182,Bo Bichette,OBP,28,0.3149492017416546,25.0,19.0,0.324887529187753,0.30010742956373293,0.34213827231550764
666182,Bo Bichette,SLG,28,0.390282131661442,25.0,20.0,0.38174795491065283,0.3438538798135622,0.41153646677471634
666182,Bo Bichette,OPS,28,0.7052313334030966,25.0,17.0,0.7122565579509528,0.6542877225866917,0.7559473856238019
666211,Taylor Trammell,AVG,28,0.19215686274509805,25.0,13.0,0.22461220947097618,0.2037037037037037,0.24949698189134809
666211,Taylor Trammell,OBP,28,0.28222996515679444,25.0,13.0,0.291097600718806,0.2776617954070981,0.3046594982078853
666211,Taylor Trammell,SLG,28,0.3411764705882353,25.0,15.0,0.36608636276762796,0.34709886813676094,0.40186458682768644
666211,Taylor Trammell,OPS,28,0.6234064357450297,25.0,19.0,0.6356876659901843,0.5823178541144309,0.6678501517465655
666397,Edouard Julien,AVG,27,0.2076271186440678,25.0,16.0,0.25132386162246834,0.2335297880116959,0.2745227610902096
666397,Edouard Julien,OBP,27,0.322463768115942,25.0,15.0,0.334011542967465,0.3190688891309874,0.34737106276968677
666397,Edouard Julien,SLG,27,0.2923728813559322,25.0,14.0,0.32765638254775775,0.28410969826681776,0.3564319734004313
666397,Edouard Julien,OPS,27,0.6148366494718742,25.0,16.0,0.6499961551163639,0.5895906085733499,0.7129266353001809
666969,Adolis García,AVG,33,0.19480519480519481,25.0,5.0,0.20597841000747913,0.2,0.21782178217821782
666969,Adolis García,OBP,33,0.2734375,25.0,11.0,0.27838973771182257,0.2663595239931118,0.2931670735420871
666969,Adolis García,SLG,33,0.329004329004329,25.0,14.0,0.34157579835256185,0.3134040853700114,0.3502772848269743
666969,Adolis García,OPS,33,0.602441829004329,25.0,13.0,0.652049101594187,0.6143752867410919,0.6923031008445997
667472,Dane Myers,AVG,30,0.2568493150684932,25.0,18.0,0.2567439076352824,0.239799076802993,0.27445238095238095
667472,Dane Myers,OBP,30,0.3463855421686747,25.0,23.0,0.33190793250014655,0.31936722306525034,0.3540291024700416
667472,Dane Myers,SLG,30,0.3767123287671233,25.0,16.0,0.3817723274563601,0.3411172467648371,0.42227940766615263
667472,Dane Myers,OPS,30,0.723097870935798,25.0,19.0,0.7311792818693913,0.6827426112006403,0.8279166889067956
668227,Randy Arozarena,AVG,31,0.28146853146853146,25.0,21.0,0.26503579687446044,0.24561403508771928,0.27903225806451615
668227,Randy Arozarena,OBP,31,0.3819548872180451,25.0,23.0,0.3579827649245965,0.326933257932163,0.39940089391035444
668227,Randy Arozarena,SLG,31,0.48426573426573427,25.0,20.0,0.4445826532925644,0.4087137922779659,0.47009074584749566
668227,Randy Arozarena,OPS,31,0.8662206214837793,25.0,22.0,0.7790728976022637,0.7291224285118272,0.8417984822864657
668709,JJ Bleday,AVG,28,0.2167381974248927,25.0,13.0,0.2486884113661546,0.2346368715083799,0.26421404682274247
668709,JJ Bleday,OBP,28,0.32407407407407407,25.0,21.0,0.3183265921897159,0.30120481927710846,0.3398328690807799
668709,JJ Bleday,SLG,28,0.41630901287553645,25.0,19.0,0.39029934642448105,0.3551200908795845,0.4263002154407884
668709,JJ Bleday,OPS,28,0.7403830869496105,25.0,20.0,0.741419683171699,0.6673745269963491,0.7862935516091192
668715,Spencer Steer,AVG,28,0.23823529411764705,25.0,17.0,0.23826846912336902,0.21627906976744185,0.2523364485981308
668715,Spencer Steer,OBP,28,0.32020997375328086,25.0,21.0,0.32453370287802946,0.3016759776536313,0.3493282149712092
668715,Spencer Steer,SLG,28,0.42058823529411765,25.0,21.0,0.4158006563594495,0.39709443099273606,0.44
668715,Spencer Steer,OPS,28,0.7407982090473986,25.0,21.0,0.7317081214231939,0.6610995310057322,0.7718114365411437
668723,Ryan Vilade,AVG,27,0.24489795918367346,25.0,18.0,0.2585802444483583,0.2379570747217806,0.2767587857330186
668723,Ryan Vilade,OBP,27,0.32234432234432236,25.0,19.0,0.33522265339774043,0.3143189694402633,0.35623811814288003
668723,Ryan Vilade,SLG,27,0.42857142857142855,25.0,23.0,0.42353587008553517,0.3923362841902168,0.45405231155723036
668723,Ryan Vilade,OPS,27,0.7509157509157509,25.0,23.0,0.7555292084842864,0.7096021265777352,0.7834751201027664
668804,Bryan Reynolds,AVG,31,0.2605042016806723,25.0,19.0,0.27057262997072984,0.2520671370913129,0.28786713286713284
668804,Bryan Reynolds,OBP,31,0.36416184971098264,25.0,19.0,0.3488509497956149,0.3269404097479807,0.37010663160969914
668804,Bryan Reynolds,SLG,31,0.4235294117647059,25.0,18.0,0.41234341321065626,0.36986803519061584,0.46415968540698566
668804,Bryan Reynolds,OPS,31,0.7876912614756886,25.0,23.0,0.7681283739725164,0.7289611460225007,0.8024227992474227
668885,Austin Martin,AVG,27,0.22847682119205298,25.0,15.0,0.24601998481355086,0.23283411708580387,0.2577246790751284
668885,Austin Martin,OBP,27,0.3436619718309859,25.0,21.0,0.3276493925630674,0.3050139275766017,0.3518248175182482
668885,Austin Martin,SLG,27,0.31456953642384106,25.0,17.0,0.3396154164567293,0.30392156862745096,0.3564954682779456
668885,Austin Martin,OPS,27,0.6582315082548269,25.0,19.0,0.6775107614819874,0.6296944681530793,0.7221017554233922
668901,Mark Vientos,AVG,26,0.2116788321167883,25.0,10.0,0.24684941816280168,0.22857170535126128,0.2679667355680099
668901,Mark Vientos,OBP,26,0.2602739726027397,25.0,14.0,0.30270699929889,0.2822241428983002,0.3146967765434347
668901,Mark Vientos,SLG,26,0.39416058394160586,25.0,19.0,0.3891316763046544,0.34782608695652173,0.40703188942348145
668901,Mark Vientos,OPS,26,0.6544345565443456,25.0,19.0,0.6844260592396703,0.6561645982475661,0.6966928268850032
668904,Royce Lewis,AVG,27,0.2267818574514039,25.0,14.0,0.2415506207914842,0.2123624562648953,0.2678401833397567
668904,Royce Lewis,OBP,27,0.2882703777335984,25.0,18.0,0.3186277100512305,0.2987983906046107,0.3377027324206938
668904,Royce Lewis,SLG,27,0.3801295896328294,25.0,22.0,0.39535124201080585,0.3349915737619912,0.4592371125118729
668904,Royce Lewis,OPS,27,0.6683999673664278,25.0,16.0,0.699746984564654,0.6618289958859549,0.7425137635138798
668930,Brice Turang,AVG,26,0.26666666666666666,25.0,23.0,0.26038915080419384,0.249530500872716,0.2727258852258852
668930,Brice Turang,OBP,26,0.36350148367952523,25.0,22.0,0.35328164675858686,0.32731856212656135,0.37882561243332424
668930,Brice Turang,SLG,26,0.4478632478632479,25.0,22.0,0.43736041243438656,0.4014430996514713,0.48186295881082875
668930,Brice Turang,OPS,26,0.8113647315427731,25.0,22.0,0.8125604677447281,0.7650033331214541,0.8382740317525571
668939,Adley Rutschman,AVG,28,0.239247311827957,25.0,18.0,0.269432914401868,0.2518554943613952,0.28776509643611625
668939,Adley Rutschman,OBP,28,0.31476997578692495,25.0,16.0,0.30836555514436126,0.29560799896620793,0.3185573889832565
668939,Adley Rutschman,SLG,28,0.41935483870967744,25.0,18.0,0.43169764382117654,0.39048774464649,0.47080302939231833
668939,Adley Rutschman,OPS,28,0.7341248144966024,25.0,17.0,0.7440800753963009,0.6936618463534057,0.7765287985780852
668952,Ryan Kreidler,AVG,28,0.21810699588477367,25.0,13.0,0.24496241535845542,0.21348314606741572,0.2676056338028169
668952,Ryan Kreidler,OBP,28,0.2857142857142857,25.0,18.0,0.301208364925541,0.27249831630935006,0.3197450653131927
668952,Ryan Kreidler,SLG,28,0.3786008230452675,25.0,17.0,0.36576051504590307,0.3333333333333333,0.3844621513944223
668952,Ryan Kreidler,OPS,28,0.6643151087595531,25.0,16.0,0.6581340098159124,0.6014120765363002,0.7121599374701908
669003,Garrett Mitchell,AVG,27,0.2629310344827586,25.0,20.0,0.26695551303609466,0.25091463414634146,0.2819789553752535
669003,Garrett Mitchell,OBP,27,0.3522727272727273,25.0,20.0,0.35183077630845927,0.3308427504625958,0.36823315024896053
669003,Garrett Mitchell,SLG,27,0.41594827586206895,25.0,19.0,0.41675097379986353,0.35495780590717296,0.48154445545446356
669003,Garrett Mitchell,OPS,27,0.7682210031347962,25.0,22.0,0.7603776438605002,0.7054143010510814,0.8142902069305379
669016,Brandon Marsh,AVG,28,0.2608695652173913,25.0,15.0,0.25835162038285064,0.2372370727432077,0.2844007084095064
669016,Brandon Marsh,OBP,28,0.30303030303030304,25.0,19.0,0.3226264911556456,0.2997853015624475,0.3473757208555369
669016,Brandon Marsh,SLG,28,0.40831758034026466,25.0,19.0,0.4147631041065984,0.38472489354375417,0.4254214829157621
669016,Brandon Marsh,OPS,28,0.7113478833705678,25.0,20.0,0.6836390697535393,0.6343417490523657,0.7229258132447822
669065,Kyle Stowers,AVG,28,0.23937360178970918,25.0,14.0,0.27055730785457316,0.2484630312904308,0.28776509643611625
669065,Kyle Stowers,OBP,28,0.3253968253968254,25.0,18.0,0.33668475500433387,0.326031301214201,0.34789299242424243
669065,Kyle Stowers,SLG,28,0.45861297539149887,25.0,20.0,0.43297677322617883,0.3921155056284522,0.4689864837106117
669065,Kyle Stowers,OPS,28,0.7840098007883243,25.0,22.0,0.7502495754677689,0.666086091891256,0.8056431355267234
669127,Shea Langeliers,AVG,28,0.2617924528301887,25.0,18.0,0.2628433505579517,0.23854067919478056,0.2801439117052996
669127,Shea Langeliers,OBP,28,0.3254310344827586,25.0,17.0,0.3378506288773144,0.32786885245901637,0.3527454242928453
669127,Shea Langeliers,SLG,28,0.4740566037735849,25.0,23.0,0.44050954201007764,0.40029306414848587,0.47571195801933697
669127,Shea Langeliers,OPS,28,0.7994876382563435,25.0,24.0,0.7588289819684474,0.7013703724494093,0.8083266429417187
669134,Luis Campusano,AVG,27,0.26576576576576577,25.0,21.0,0.25933322605817344,0.225,0.28256880733944956
669134,Luis Campusano,OBP,27,0.36328125,25.0,20.0,0.3578827880434019,0.33006419576628304,0.3769953437695937
669134,Luis Campusano,SLG,27,0.42792792792792794,25.0,20.0,0.4456944647748875,0.39715147552676155,0.49583150151727984
669134,Luis Campusano,OPS,27,0.791209177927928,25.0,22.0,0.8134434342745671,0.7525542611170845,0.874797714337838
669224,Austin Wells,AVG,26,0.1924198250728863,25.0,10.0,0.23544172847191497,0.2119057211925866,0.2607389245450831
669224,Austin Wells,OBP,26,0.29336734693877553,25.0,19.0,0.2921685805526919,0.26811878597592886,0.3101010101010101
669224,Austin Wells,SLG,26,0.33819241982507287,25.0,15.0,0.3681429317631259,0.32744624043873577,0.42837814983933703
669224,Austin Wells,OPS,26,0.6315597667638484,25.0,17.0,0.6831813822240443,0.6305952380952381,0.7563038277511962
669236,Jeremiah Jackson,AVG,26,0.21660649819494585,25.0,16.0,0.2575052339956329,0.24715496368038742,0.2721419396274888
669236,Jeremiah Jackson,OBP,26,0.2465277777777778,25.0,12.0,0.27735228150302554,0.2660621667031924,0.29189174369695875
669236,Jeremiah Jackson,SLG,26,0.36462093862815886,25.0,20.0,0.3782979432932617,0.3410070532915361,0.4202071859428272
669236,Jeremiah Jackson,OPS,26,0.6111487164059366,25.0,14.0,0.6477099004418543,0.6138643037237927,0.68946299795347
669242,Tommy Edman,AVG,31,0.24573378839590443,25.0,19.0,0.2466299532721178,0.22689871045134202,0.2636704119850187
669242,Tommy Edman,OBP,31,0.3303030303030303,25.0,20.0,0.3256706870374343,0.3103896103896104,0.3394625922023182
669242,Tommy Edman,SLG,31,0.3822525597269625,25.0,18.0,0.3714725246646977,0.3439663384077139,0.40575514934415
669242,Tommy Edman,OPS,31,0.7125555900299928,25.0,19.0,0.7296114615578246,0.6742988196373219,0.8017338535227797
669257,Will Smith,AVG,31,0.25523012552301255,25.0,15.0,0.24384715877722127,0.22757697456492637,0.2625026488662852
669257,Will Smith,OBP,31,0.35507246376811596,25.0,22.0,0.34531865982184873,0.32248585641825983,0.37026008414215594
669257,Will Smith,SLG,31,0.41841004184100417,25.0,22.0,0.4162048604454622,0.37933059017396364,0.45736300123717344
669257,Will Smith,OPS,31,0.7734825056091201,25.0,19.0,0.7437986020254261,0.6723944295131982,0.7783767932712268
669357,Nolan Gorman,AVG,26,0.18421052631578946,25.0,8.0,0.22390035645553685,0.196291532505201,0.23867860370222005
669357,Nolan Gorman,OBP,26,0.26936026936026936,25.0,16.0,0.2954634716342092,0.2735829003306566,0.3153398375967874
669357,Nolan Gorman,SLG,26,0.3082706766917293,25.0,17.0,0.33650285837442256,0.30689655172413793,0.35732647814910024
669357,Nolan Gorman,OPS,26,0.5776309460519986,25.0,16.0,0.6862432367753043,0.6361780308724794,0.7203173029090896
669364,Xavier Edwards,AVG,26,0.2799227799227799,25.0,24.0,0.26890768431029016,0.2581038036350009,0.2790997242043514
669364,Xavier Edwards,OBP,26,0.359106529209622,25.0,20.0,0.35071594929870586,0.336281024037522,0.36540821982895155
669364,Xavier Edwards,SLG,26,0.37065637065637064,25.0,17.0,0.38017755662875286,0.3408239700374532,0.40591397849462363
669364,Xavier Edwards,OPS,26,0.7297628998659926,25.0,16.0,0.7293771803311947,0.6742500087921142,0.7875116092534699
669394,Jake Burger,AVG,30,0.22841726618705036,25.0,13.0,0.24989620552324118,0.23725055432372505,0.26455026455026454
669394,Jake Burger,OBP,30,0.30357142857142855,25.0,17.0,0.31202372502347847,0.30505050505050507,0.319634703196347
669394,Jake Burger,SLG,30,0.420863309352518,25.0,20.0,0.40297232495334623,0.35796732147269583,0.4337418300653595
669394,Jake Burger,OPS,30,0.7244347379239465,25.0,19.0,0.7227683246232555,0.6803084774249315,0.7522482281861702
669477,Casey Schmitt,AVG,27,0.2713178294573643,25.0,21.0,0.26366669024350875,0.25092936802973975,0.285132382892057
669477,Casey Schmitt,OBP,27,0.30198019801980197,25.0,19.0,0.30149705768375645,0.2891303947562233,0.3127279323315449
669477,Casey Schmitt,SLG,27,0.48320413436692505,25.0,24.0,0.4511903241574711,0.42675440350566474,0.4845223713730463
669477,Casey Schmitt,OPS,27,0.785184332386727,25.0,19.0,0.7828459104594468,0.7621986932117695,0.8206508190552462
669701,Josh Smith,AVG,28,0.2028301886792453,25.0,13.0,0.23697456905651906,0.2222222222222222,0.2556818181818182
669701,Josh Smith,OBP,28,0.28991596638655465,25.0,14.0,0.3136807724230134,0.29706068002019864,0.34051584246988575
669701,Josh Smith,SLG,28,0.32075471698113206,25.0,13.0,0.3361355046809479,0.31666666666666665,0.3576017130620985
669701,Josh Smith,OPS,28,0.6106706833676867,25.0,16.0,0.6720998853164029,0.6022333676202533,0.7285084189380083
669707,Jared Triolo,AVG,28,0.23765432098765432,25.0,16.0,0.24657598934510494,0.2271197542575778,0.26459770692260975
669707,Jared Triolo,OBP,28,0.3081232492997199,25.0,17.0,0.3306718823188927,0.3200663349917081,0.3368146214099217
669707,Jared Triolo,SLG,28,0.30246913580246915,25.0,15.0,0.3069012817201793,0.27587937758214603,0.3408924750835923
669707,Jared Triolo,OPS,28,0.610592385102189,25.0,16.0,0.6720998853164029,0.6022333676202533,0.7285084189380083
670032,Nicky Lopez,AVG,31,0.270042194092827,25.0,18.0,0.26483227059631714,0.24641377433240252,0.28532487451199107
670032,Nicky Lopez,OBP,31,0.3215686274509804,25.0,19.0,0.318921146902015,0.2992787382128424,0.3392028772041138
670032,Nicky Lopez,SLG,31,0.31223628691983124,25.0,14.0,0.3096951129386965,0.28138470544409555,0.33297109962406013
670032,Nicky Lopez,OPS,31,0.6338049143708117,25.0,11.0,0.637926898247342,0.5872360625977302,0.6620575177337504
670042,Luke Raley,AVG,31,0.22519083969465647,25.0,12.0,0.23384500381137507,0.21602150779208135,0.24732498736877562
670042,Luke Raley,OBP,31,0.2826855123674912,25.0,14.0,0.3244700392495359,0.30269449843169705,0.35018975332068314
670042,Luke Raley,SLG,31,0.4389312977099237,25.0,19.0,0.42716568116965187,0.3917394206140193,0.46807140228192856
670042,Luke Raley,OPS,31,0.7216168100774148,25.0,15.0,0.6820021841596663,0.629623928451378,0.7284341317938468
670541,Yordan Álvarez,AVG,29,0.313588850174216,25.0,23.0,0.2896242381082125,0.2725413100321311,0.3104988671824905
670541,Yordan Álvarez,OBP,29,0.4039334341906203,25.0,22.0,0.3851145132749012,0.36336625298060493,0.404463592566331
670541,Yordan Álvarez,SLG,29,0.5958188153310104,25.0,21.0,0.5243523698299105,0.49777777777777776,0.5584192439862543
670541,Yordan Álvarez,OPS,29,0.9997522495216307,25.0,22.0,0.9459305159875876,0.8582149977287558,1.0464977997784617
670623,Isaac Paredes,AVG,27,0.2605633802816901,25.0,18.0,0.2661415609047048,0.2483772949334174,0.2830786405812485
670623,Isaac Paredes,OBP,27,0.36363636363636365,25.0,20.0,0.35654598978340146,0.33013063890589917,0.37955071942300617
670623,Isaac Paredes,SLG,27,0.44366197183098594,25.0,21.0,0.41753933119193126,0.37398373983739835,0.46174863387978143
670623,Isaac Paredes,OPS,27,0.8072983354673495,25.0,22.0,0.7940227485221183,0.7281990363012851,0.8631677819434372
670764,Taylor Walls,AVG,29,0.22043010752688172,25.0,14.0,0.23865930304973743,0.21552815364469663,0.26421401294531166
670764,Taylor Walls,OBP,29,0.30952380952380953,25.0,20.0,0.30538250629797253,0.2883722314836866,0.3230952380952381
670764,Taylor Walls,SLG,29,0.2956989247311828,25.0,10.0,0.32603876711038066,0.30400914415205144,0.3553537614047168
670764,Taylor Walls,OPS,29,0.6052227342549923,25.0,16.0,0.6119795809885668,0.5774028657187686,0.6687258448461242
670770,TJ Friedl,AVG,30,0.17154811715481172,25.0,11.0,0.21455703452525923,0.19017868412037287,0.23765047737650477
670770,TJ Friedl,OBP,30,0.2556390977443609,25.0,11.0,0.2765079873645202,0.2392734275266677,0.30470754417826973
670770,TJ Friedl,SLG,30,0.25523012552301255,25.0,10.0,0.359110764424991,0.29751428800341845,0.38344040966249604
670770,TJ Friedl,OPS,30,0.5108692232673735,25.0,13.0,0.5949394570131472,0.5628444912367623,0.673233082706767
671056,Iván Herrera,AVG,26,0.2413223140495868,25.0,13.0,0.2400506409529026,0.23636363636363636,0.251984126984127
671056,Iván Herrera,OBP,26,0.3507779349363508,25.0,19.0,0.3372610345925918,0.31494415741526693,0.3547718599937921
671056,Iván Herrera,SLG,26,0.38181818181818183,25.0,23.0,0.3785149727030238,0.3541328841422501,0.4195869299518753
671056,Iván Herrera,OPS,26,0.7325961167545326,25.0,19.0,0.7174478313930738,0.6661641604825712,0.7371715582076818
671218,Heliot Ramos,AVG,26,0.24324324324324326,25.0,19.0,0.25121617306153476,0.2312066932035972,0.2706448434724689
671218,Heliot Ramos,OBP,26,0.30158730158730157,25.0,15.0,0.31418403044168774,0.28414702977282347,0.3459714141158614
671218,Heliot Ramos,SLG,26,0.40786240786240785,25.0,21.0,0.42494800075858297,0.3881932021466905,0.4676056338028169
671218,Heliot Ramos,OPS,26,0.7094497094497094,25.0,20.0,0.7164951795657588,0.6595190395501385,0.7636058488295202
671277,Luis García,AVG,26,0.2780952380952381,25.0,21.0,0.26055499850790065,0.24157303370786518,0.2749529190207156
671277,Luis García,OBP,26,0.3109090909090909,25.0,21.0,0.33540629434721625,0.30994152046783624,0.36363636363636365
671277,Luis García,SLG,26,0.5238095238095238,25.0,17.0,0.4528461798236754,0.38762886597938145,0.5232974910394266
671277,Luis García,OPS,26,0.8347186147186147,25.0,23.0,0.7815337177672214,0.729244667620516,0.8372515563818965
671289,Tyler Freeman,AVG,27,0.24705882352941178,25.0,18.0,0.2503283997230855,0.23310492189802534,0.2594613637746102
671289,Tyler Freeman,OBP,27,0.3167259786476868,25.0,21.0,0.3313950884265841,0.30140845070422534,0.35826771653543305
671289,Tyler Freeman,SLG,27,0.3137254901960784,25.0,15.0,0.3664025898966246,0.3167421311763672,0.42606236334252306
671289,Tyler Freeman,OPS,27,0.6304514688437652,25.0,16.0,0.6653124530591963,0.6272506619297286,0.7138507384873873
671732,Lawrence Butler,AVG,25,0.23678646934460887,25.0,17.0,0.26860201583121046,0.2514450867052023,0.2865384615384615
671732,Lawrence Butler,OBP,25,0.3252336448598131,25.0,17.0,0.3317078773851803,0.3084795321637427,0.34297520661157027
671732,Lawrence Butler,SLG,25,0.39323467230443976,25.0,21.0,0.39515452118176125,0.3607843137254902,0.4207436399217221
671732,Lawrence Butler,OPS,25,0.7184683171642529,25.0,20.0,0.7340269956815499,0.6683724482890903,0.7807487298362786
671739,Michael Harris,AVG,25,0.2953795379537954,25.0,22.0,0.27602216041147226,0.2582345357111988,0.29415002935995305
671739,Michael Harris,OBP,25,0.3232963549920761,25.0,21.0,0.32506752283387874,0.30809859154929575,0.34294871794871795
671739,Michael Harris,SLG,25,0.49174917491749176,25.0,24.0,0.46509966415941756,0.42827726593479,0.48591046905653645
671739,Michael Harris,OPS,25,0.8150455299095678,25.0,25.0,0.7968819231598541,0.7282133969833935,0.9144503711440188
671976,Tristan Peters,AVG,26,0.26681614349775784,25.0,22.0,0.26310332441779644,0.23952100014046918,0.28140006287058417
671976,Tristan Peters,OBP,26,0.3393939393939394,25.0,21.0,0.3333278925092757,0.3115942028985507,0.3545232273838631
671976,Tristan Peters,SLG,26,0.4349775784753363,25.0,20.0,0.40508668910603696,0.3871532121313207,0.44616179001721173
671976,Tristan Peters,OPS,26,0.7743715178692757,25.0,21.0,0.7639467990029758,0.7226667505619234,0.8486543103603956
672275,Patrick Bailey,AVG,27,0.2090032154340836,25.0,11.0,0.24234336041006063,0.23125363848847413,0.2543986344537815
672275,Patrick Bailey,OBP,27,0.27647058823529413,25.0,15.0,0.31135723393171943,0.2893489030431705,0.33095831307729706
672275,Patrick Bailey,SLG,27,0.33762057877813506,25.0,20.0,0.3611682461330402,0.3359634182464455,0.38047207043108683
672275,Patrick Bailey,OPS,27,0.6140911670134293,25.0,20.0,0.6619379031597701,0.6213856093738863,0.7183766682205073
672386,Alejandro Kirk,AVG,27,0.2779783393501805,25.0,19.0,0.2555504337883566,0.23762068770820394,0.27221860610882087
672386,Alejandro Kirk,OBP,27,0.3442622950819672,25.0,18.0,0.3413035860339251,0.31096465317776795,0.37032585470085466
672386,Alejandro Kirk,SLG,27,0.4151624548736462,25.0,21.0,0.41358223929032656,0.37924865831842575,0.44153846153846155
672386,Alejandro Kirk,OPS,27,0.7594247499556135,25.0,19.0,0.7378884444649871,0.7041023879085182,0.7749307537206479
672515,Gabriel Moreno,AVG,26,0.3107822410147992,25.0,21.0,0.28877822723087804,0.2682926829268293,0.3095623987034036
672515,Gabriel Moreno,OBP,26,0.39517625231910947,25.0,20.0,0.38335587994304693,0.3563817330210773,0.3997391971303574
672515,Gabriel Moreno,SLG,26,0.48625792811839325,25.0,21.0,0.4287866444922316,0.40863787375415284,0.4576719576719577
672515,Gabriel Moreno,OPS,26,0.8814341804375028,25.0,22.0,0.8299475978112452,0.777509127630222,0.885956411729665
672580,Maikel García,AVG,26,0.267741935483871,25.0,17.0,0.2581635643150242,0.24701195219123506,0.27309236947791166
672580,Maikel García,OBP,26,0.3362573099415205,25.0,20.0,0.32647105007395705,0.3068783422459893,0.3422027682182421
672580,Maikel García,SLG,26,0.38064516129032255,25.0,19.0,0.38886742957142134,0.346432283932284,0.4212091751965288
672580,Maikel García,OPS,26,0.716902471231843,25.0,20.0,0.7088708498062226,0.6885535566775333,0.7583519963851436
672640,Otto Lopez,AVG,27,0.30462519936204147,25.0,22.0,0.278726279348034,0.2642902561474437,0.2963930116577807
672640,Otto Lopez,OBP,27,0.3540740740740741,25.0,23.0,0.3546926098153123,0.3380961863984865,0.37331407491265395
672640,Otto Lopez,SLG,27,0.4370015948963317,25.0,21.0,0.419112949943438,0.3830409356725146,0.44765342960288806
672640,Otto Lopez,OPS,27,0.7910756689704058,25.0,22.0,0.8058932839067711,0.7408578316848987,0.8738433033939925
672695,Geraldo Perdomo,AVG,26,0.2615658362989324,25.0,18.0,0.2527517331531647,0.2334771655231561,0.26514550264550263
672695,Geraldo Perdomo,OBP,26,0.3740573152337858,25.0,22.0,0.35525219968099697,0.3261831812255541,0.3760616868106466
672695,Geraldo Perdomo,SLG,26,0.37722419928825623,25.0,20.0,0.3727005388636525,0.3410212250977472,0.3905617408906883
672695,Geraldo Perdomo,OPS,26,0.7512815145220421,25.0,22.0,0.760466613538902,0.7001975029006291,0.8133603135216039
672724,Oswald Peraza,AVG,26,0.22580645161290322,25.0,12.0,0.2527139096975432,0.2369150521609538,0.2648651834572099
672724,Oswald Peraza,OBP,26,0.2826086956521739,25.0,13.0,0.2977855522092409,0.28901734104046245,0.3105134474327628
672724,Oswald Peraza,SLG,26,0.3343108504398827,25.0,15.0,0.3457878737117606,0.3055916114790287,0.3854129530600119
672724,Oswald Peraza,OPS,26,0.6169195460920566,25.0,20.0,0.6683912355591894,0.6224048706668872,0.7134989215258126
673237,Yainer Diaz,AVG,27,0.2784090909090909,25.0,23.0,0.27891911256028157,0.2660876757650951,0.28854808007654675
673237,Yainer Diaz,OBP,27,0.3079019073569482,25.0,18.0,0.3241715992411477,0.3026170909872167,0.34615833495428905
673237,Yainer Diaz,SLG,27,0.44886363636363635,25.0,22.0,0.41228880768157244,0.35964611546006897,0.4537432898773006
673237,Yainer Diaz,OPS,27,0.7567655437205846,25.0,20.0,0.7742139042088224,0.7014634270977826,0.8340353419616073
673357,Luis Robert,AVG,28,0.22058823529411764,25.0,18.0,0.24024453176079497,0.21877033181522448,0.26544338288552405
673357,Luis Robert,OBP,28,0.3026315789473684,25.0,17.0,0.3339782906975933,0.3225255972696246,0.3515981735159817
673357,Luis Robert,SLG,28,0.4068627450980392,25.0,20.0,0.41049781866908963,0.37044557170276937,0.45979487601944147
673357,Luis Robert,OPS,28,0.7094943240454077,25.0,20.0,0.7452310964944588,0.6641754868225335,0.8292828080326177
673548,Seiya Suzuki,AVG,31,0.26992753623188404,25.0,16.0,0.25759520666021274,0.23756104071131026,0.2832473508087005
673548,Seiya Suzuki,OBP,31,0.3653543307086614,25.0,21.0,0.34913939929374344,0.33472803347280333,0.3706896551724138
673548,Seiya Suzuki,SLG,31,0.47101449275362317,25.0,20.0,0.43983846520373665,0.4002231869878929,0.46409398600911844
673548,Seiya Suzuki,OPS,31,0.8363688234622846,25.0,23.0,0.7947738530377779,0.7363675342717431,0.8301057656566295
673962,Josh Jung,AVG,28,0.2989949748743719,25.0,22.0,0.2869238842521249,0.2633522279955912,0.3132917937845804
673962,Josh Jung,OBP,28,0.3673469387755102,25.0,22.0,0.3532390426557675,0.33530128089482225,0.37094993174726987
673962,Josh Jung,SLG,28,0.4623115577889447,25.0,19.0,0.4442517818358374,0.4108611057206181,0.4811263348646245
673962,Josh Jung,OPS,28,0.8296584965644549,25.0,24.0,0.7732266365792341,0.7171446354512574,0.843270787000072
675961,Alika Williams,AVG,27,0.26976744186046514,25.0,19.0,0.26608440617911294,0.25323025811397903,0.2853964149864505
675961,Alika Williams,OBP,27,0.30837004405286345,25.0,19.0,0.3294618077658942,0.3041278977383075,0.34646969857779664
675961,Alika Williams,SLG,27,0.42790697674418604,25.0,20.0,0.4456944647748875,0.39715147552676155,0.49583150151727984
675961,Alika Williams,OPS,27,0.7362770207970495,25.0,20.0,0.7537675368187726,0.6947147449052077,0.8245928540095664
676356,Jonny DeLuca,AVG,27,0.26345609065155806,25.0,19.0,0.2503833812190001,0.23263291050282864,0.2676027524641994
676356,Jonny DeLuca,OBP,27,0.2972972972972973,25.0,16.0,0.30427728388469194,0.28526719325190764,0.3331246590965439
676356,Jonny DeLuca,SLG,27,0.42492917847025496,25.0,22.0,0.3939243416526134,0.36127340968890265,0.4183695210634891
676356,Jonny DeLuca,OPS,27,0.7222264757675523,25.0,19.0,0.7503135329714827,0.7002179087591729,0.7903372139530669
676391,Ernie Clement,AVG,30,0.2593220338983051,25.0,18.0,0.25930720354600606,0.2534032798448245,0.2715802880563855
676391,Ernie Clement,OBP,30,0.28827361563517917,25.0,18.0,0.30059235870292356,0.28196724941595896,0.3114225857940942
676391,Ernie Clement,SLG,30,0.3644067796610169,25.0,19.0,0.38005996933246466,0.34868667917448404,0.3935038831084781
676391,Ernie Clement,OPS,30,0.6526803952961961,25.0,15.0,0.6686570502122264,0.6389830473085217,0.7221196647920871
676439,Hunter Feduccia,AVG,29,0.22119815668202766,25.0,18.0,0.2442409906211996,0.2247667907747005,0.26260952121730563
676439,Hunter Feduccia,OBP,29,0.3130081300813008,25.0,19.0,0.31923359671165724,0.3056079618579619,0.341197221915996
676439,Hunter Feduccia,SLG,29,0.31336405529953915,25.0,19.0,0.3226980320924621,0.2845848880597015,0.34500698719643463
676439,Hunter Feduccia,OPS,29,0.6263721853808399,25.0,12.0,0.6647168803820752,0.6276879453171771,0.7045993517129843
676475,Alec Burleson,AVG,27,0.2793388429752066,25.0,22.0,0.2729890474118063,0.25599685758042523,0.2903605015673981
676475,Alec Burleson,OBP,27,0.3413897280966767,25.0,19.0,0.33297335214927315,0.3144010486489707,0.3491983240877279
676475,Alec Burleson,SLG,27,0.4727272727272727,25.0,24.0,0.4508892141307123,0.4076701628031164,0.49462833723960037
676475,Alec Burleson,OPS,27,0.8141170008239494,25.0,19.0,0.7602009188383385,0.6926879504170351,0.8048642332598596
676609,José Caballero,AVG,29,0.23114355231143552,25.0,15.0,0.2395193149992844,0.2232822776047075,0.25332125603864736
676609,José Caballero,OBP,29,0.2930648769574944,25.0,20.0,0.3145258976899227,0.2910125668849647,0.34315544631957207
676609,José Caballero,SLG,29,0.36496350364963503,25.0,18.0,0.3888288066077504,0.35105312484585405,0.4088090300872491
676609,José Caballero,OPS,29,0.6580283806071294,25.0,16.0,0.6854657488319628,0.6208101370272474,0.7517288760476264
676724,Jared Young,AVG,30,0.2662337662337662,25.0,17.0,0.2555695290310776,0.22635135135135134,0.2754158964879852
676724,Jared Young,OBP,30,0.3333333333333333,25.0,14.0,0.32307130439224385,0.2971678409861131,0.36236486846816646
676724,Jared Young,SLG,30,0.42857142857142855,25.0,15.0,0.380994943527376,0.34632034632034636,0.41200492356237417
676724,Jared Young,OPS,30,0.7619047619047619,25.0,19.0,0.7291340829530564,0.6733050935594862,0.7922377382260661
677587,Brayan Rocchio,AVG,25,0.251865671641791,25.0,17.0,0.2651794667784696,0.24668874172185432,0.2745762711864407
677587,Brayan Rocchio,OBP,25,0.31569965870307165,25.0,21.0,0.3150073533308514,0.29347826086956524,0.3292079207920792
677587,Brayan Rocchio,SLG,25,0.38992537313432835,25.0,20.0,0.389083802705227,0.3577932727350684,0.4156537356321839
677587,Brayan Rocchio,OPS,25,0.7056250318374,25.0,19.0,0.731504481675971,0.6955336888482515,0.7778346920295376
677588,José Tena,AVG,25,0.22178988326848248,25.0,15.0,0.24105132833234355,0.2227468678431901,0.2662254005003921
677588,José Tena,OBP,25,0.30313588850174217,25.0,21.0,0.31580009331578957,0.2922201138519924,0.333984375
677588,José Tena,SLG,25,0.36964980544747084,25.0,22.0,0.38430987812690753,0.35130066442345464,0.4194725487278679
677588,José Tena,OPS,25,0.672785693949213,25.0,16.0,0.7127993107577324,0.66164029620313,0.7541689662563844
677594,Julio Rodríguez,AVG,25,0.24664429530201343,25.0,16.0,0.25754169775569596,0.2376847290640394,0.26998648378053663
677594,Julio Rodríguez,OBP,25,0.30602782071097373,25.0,19.0,0.31392337190067643,0.301219808229154,0.32829931972789117
677594,Julio Rodríguez,SLG,25,0.401006711409396,25.0,21.0,0.4061790531914031,0.3624161073825503,0.4356060606060606
677594,Julio Rodríguez,OPS,25,0.7070345321203697,25.0,24.0,0.7171413135031722,0.6638732195141558,0.7674427196434239
677649,Ezequiel Duran,AVG,27,0.2597402597402597,25.0,14.0,0.2665386522994108,0.24406911890209737,0.2738326674752086
677649,Ezequiel Duran,OBP,27,0.32372881355932204,25.0,17.0,0.3213418953550157,0.3097560975609756,0.3320754716981132
677649,Ezequiel Duran,SLG,27,0.41929499072356213,25.0,18.0,0.41387965864572585,0.37359729226295946,0.43986622250423013
677649,Ezequiel Duran,OPS,27,0.7430238042828842,25.0,16.0,0.7437341925716491,0.6820681765394164,0.7735986604754392
677800,Wilyer Abreu,AVG,27,0.24668874172185432,25.0,17.0,0.2475825814635994,0.23582089552238805,0.255050505050505
677800,Wilyer Abreu,OBP,27,0.32592592592592595,25.0,21.0,0.3399429059658673,0.3144758735440932,0.35891647855530473
677800,Wilyer Abreu,SLG,27,0.4420529801324503,25.0,21.0,0.43033408825004205,0.39913232104121477,0.45898778359511344
677800,Wilyer Abreu,OPS,27,0.7679789060583763,25.0,22.0,0.7698120981189526,0.7307801564760134,0.8142902069305379
677942,Blaze Alexander,AVG,27,0.30268199233716475,25.0,23.0,0.2766771989538207,0.25286198643797364,0.3012415349887133
677942,Blaze Alexander,OBP,27,0.3568904593639576,25.0,21.0,0.34826525601037556,0.3173076923076923,0.37315875613747956
677942,Blaze Alexander,SLG,27,0.41379310344827586,25.0,20.0,0.4408883036056831,0.38888163930277436,0.47952821242294924
677942,Blaze Alexander,OPS,27,0.7706835628122335,25.0,21.0,0.7542322365140028,0.7182795698924731,0.8009346091489971
677951,Bobby Witt,AVG,26,0.28136200716845877,25.0,24.0,0.2676622277113151,0.25825255102040817,0.2799908109914302
677951,Bobby Witt,OBP,26,0.349025974025974,25.0,22.0,0.33826121426702466,0.31770090750673274,0.37215909090909094
677951,Bobby Witt,SLG,26,0.44086021505376344,25.0,23.0,0.4351830420507391,0.3914665400104887,0.48958229785880436
677951,Bobby Witt,OPS,26,0.7898861890797375,25.0,17.0,0.7461320517131259,0.65627469574838,0.8054252850866367
678246,Miguel Vargas,AVG,26,0.24707846410684475,25.0,19.0,0.24720194217188954,0.23040694726166328,0.2659529029869871
678246,Miguel Vargas,OBP,26,0.36028368794326243,25.0,23.0,0.3498612026738404,0.32928849902534113,0.36628395018904575
678246,Miguel Vargas,SLG,26,0.4674457429048414,25.0,24.0,0.44766386845772743,0.4096760213993245,0.48998615664318473
678246,Miguel Vargas,OPS,26,0.8277294308481038,25.0,24.0,0.7906677406555603,0.7133620331936713,0.8741561338384498
678391,Jorbit Vivas,AVG,25,0.2379421221864952,25.0,15.0,0.23755162253471132,0.21714107114950998,0.2536159807700278
678391,Jorbit Vivas,OBP,25,0.3342696629213483,25.0,23.0,0.32008081229479496,0.2997942814876453,0.34311145510835916
678391,Jorbit Vivas,SLG,25,0.3215434083601286,25.0,11.0,0.36062753316581964,0.2993509763330163,0.38132858816739823
678391,Jorbit Vivas,OPS,25,0.6558130712814769,25.0,19.0,0.7207910783076089,0.6774262130341346,0.7542484148214554
678554,Curtis Mead,AVG,25,0.25263157894736843,25.0,18.0,0.25413978143947685,0.2455082816434022,0.26802444964423855
678554,Curtis Mead,OBP,25,0.3525835866261398,25.0,17.0,0.35091664149096125,0.3354632587859425,0.3583061889250814
678554,Curtis Mead,SLG,25,0.4982456140350877,25.0,20.0,0.4472962595812516,0.39863986603587986,0.4798203409714942
678554,Curtis Mead,OPS,25,0.8508292006612275,25.0,23.0,0.8191276590008431,0.749126706221066,0.883331032528204
678662,Ezequiel Tovar,AVG,24,0.21935483870967742,25.0,15.0,0.2578225063666249,0.2306200716625591,0.2837200870195794
678662,Ezequiel Tovar,OBP,24,0.26814516129032256,25.0,17.0,0.27366199890289444,0.2595419847328244,0.2920962199312715
678662,Ezequiel Tovar,SLG,24,0.35268817204301073,25.0,18.0,0.3686921630834919,0.33900220881524584,0.4144976076555024
678662,Ezequiel Tovar,OPS,24,0.6208333333333333,25.0,15.0,0.6727238255275227,0.6276185998428632,0.710648035832327
678882,Ceddanne Rafaela,AVG,25,0.28102189781021897,25.0,20.0,0.26777809725694085,0.2501146549927038,0.282791284814027
678882,Ceddanne Rafaela,OBP,25,0.317157712305026,25.0,19.0,0.32096930061506285,0.3077696950936388,0.3385748959778086
678882,Ceddanne Rafaela,SLG,25,0.43795620437956206,25.0,20.0,0.4425599355219867,0.4122592995022222,0.4727147300902178
678882,Ceddanne Rafaela,OPS,25,0.755113916684588,25.0,20.0,0.7499049261744513,0.6745592972097718,0.8397862853162659
679529,Spencer Torkelson,AVG,26,0.2300380228136882,25.0,14.0,0.2631651822411148,0.2513098990223436,0.273586145274887
679529,Spencer Torkelson,OBP,26,0.33278418451400327,25.0,21.0,0.3407992979648765,0.32171156893819336,0.3553956834532374
679529,Spencer Torkelson,SLG,26,0.435361216730038,25.0,23.0,0.3910668156758667,0.36562403410030264,0.42086721436625835
679529,Spencer Torkelson,OPS,26,0.7681454012440413,25.0,23.0,0.777524958751504,0.7183555560740358,0.8327586099294506
679822,Justin Foscue,AVG,27,0.27111111111111114,25.0,22.0,0.27304187491846715,0.2578594080338267,0.2884527108831242
679822,Justin Foscue,OBP,27,0.3333333333333333,25.0,20.0,0.31749403899148454,0.2908069992165056,0.34563031038668285
679822,Justin Foscue,SLG,27,0.48444444444444446,25.0,21.0,0.465920593255486,0.4394736842105263,0.5054347826086957
679822,Justin Foscue,OPS,27,0.8177777777777777,25.0,22.0,0.7699664329164059,0.704068594275292,0.8031760211038689
679845,Nick Loftin,AVG,27,0.2398921832884097,25.0,18.0,0.2542147330142864,0.23847813979392926,0.27799706128093576
679845,Nick Loftin,OBP,27,0.3253588516746411,25.0,21.0,0.33614890136829956,0.3226837060702875,0.34462151394422313
679845,Nick Loftin,SLG,27,0.3881401617250674,25.0,18.0,0.4031673749619902,0.3710127591706539,0.43580246913580245
679845,Nick Loftin,OPS,27,0.7134990133997086,25.0,16.0,0.7372462468671732,0.6826934792234238,0.8000343233949136
680574,Matt McLain,AVG,26,0.1853546910755149,25.0,10.0,0.23320166722893507,0.21416265221463937,0.24111942314679385
680574,Matt McLain,OBP,26,0.27346938775510204,25.0,9.0,0.29164499489252294,0.28695652173913044,0.30532212885154064
680574,Matt McLain,SLG,26,0.3340961098398169,25.0,17.0,0.34680768641360793,0.2997601918465228,0.393048128342246
680574,Matt McLain,OPS,26,0.607565497594919,25.0,15.0,0.6341010975018423,0.5932925511763087,0.6685956636226943
680700,Richie Palacios,AVG,29,0.23563218390804597,25.0,14.0,0.2559357291856626,0.24640970058257688,0.26761145358706334
680700,Richie Palacios,OBP,29,0.3316582914572864,25.0,21.0,0.32928099214115947,0.3118556701030928,0.35308056872037913
680700,Richie Palacios,SLG,29,0.3764367816091954,25.0,20.0,0.3745394629726687,0.3479254201680672,0.39671390832500353
680700,Richie Palacios,OPS,29,0.7080950730664819,25.0,21.0,0.7196408068939939,0.6714439879588785,0.7386795434333635
680757,Steven Kwan,AVG,28,0.28044280442804426,25.0,21.0,0.2687107805526836,0.2556390977443609,0.2822085889570552
680757,Steven Kwan,OBP,28,0.38193343898573695,25.0,22.0,0.36099036842095705,0.3182660461618497,0.39639084507042255
680757,Steven Kwan,SLG,28,0.34686346863468637,25.0,18.0,0.36895151046222835,0.3339506172839506,0.39215869618952215
680757,Steven Kwan,OPS,28,0.7287969076204233,25.0,19.0,0.7522455815257433,0.6914153357602535,0.8049528043603477
680776,Jarren Duran,AVG,29,0.20577617328519857,25.0,11.0,0.23174637345516882,0.21570175438596492,0.25012024223344487
680776,Jarren Duran,OBP,29,0.2654424040066778,25.0,11.0,0.3044069410526509,0.2934149184149184,0.3292879566210045
680776,Jarren Duran,SLG,29,0.3592057761732852,25.0,18.0,0.37383653093407765,0.34808643359726915,0.3983416715341443
680776,Jarren Duran,OPS,29,0.624648180179963,25.0,15.0,0.651392662785536,0.6100264609682555,0.7085578741424761
680777,Ryan Jeffers,AVG,29,0.25471698113207547,25.0,20.0,0.26124292381344716,0.23449353609541024,0.27710715298119626
680777,Ryan Jeffers,OBP,29,0.3506849315068493,25.0,22.0,0.3364300309031749,0.314933539844355,0.35269257645816915
680777,Ryan Jeffers,SLG,29,0.4591194968553459,25.0,21.0,0.43967730807580213,0.4232456140350877,0.4975767366720517
680777,Ryan Jeffers,OPS,29,0.8098044283621952,25.0,23.0,0.7496746429370699,0.6669444802627024,0.8289389317705642
680779,Henry Davis,AVG,26,0.171875,25.0,8.0,0.2339411196873969,0.21921101020451134,0.24114743285858564
680779,Henry Davis,OBP,26,0.273972602739726,25.0,15.0,0.29261098367742966,0.27281401804302563,0.29876181424573633
680779,Henry Davis,SLG,26,0.3125,25.0,16.0,0.3300987310901217,0.2977180379920935,0.35722806021016756
680779,Henry Davis,OPS,26,0.586472602739726,25.0,9.0,0.6457379426624988,0.6042170101871595,0.6586218812633907
680869,Zack Gelof,AVG,26,0.2563451776649746,25.0,19.0,0.2555178905744732,0.24126489166067003,0.2693199645317509
680869,Zack Gelof,OBP,26,0.32175925925925924,25.0,18.0,0.3159510786145893,0.29950404858299595,0.33382703977452477
680869,Zack Gelof,SLG,26,0.4746192893401015,25.0,24.0,0.43665984920348294,0.4040272931029591,0.4815665922146608
680869,Zack Gelof,OPS,26,0.7963785485993607,25.0,22.0,0.7896543977868589,0.7182287816495628,0.8494497404738716
681082,Bryson Stott,AVG,28,0.25318761384335153,25.0,20.0,0.2556366785954584,0.24191297208538587,0.2686103385606697
681082,Bryson Stott,OBP,28,0.3322475570032573,25.0,18.0,0.3430047421027144,0.32126051503529185,0.3694698962774804
681082,Bryson Stott,SLG,28,0.39526411657559196,25.0,17.0,0.41233937892548794,0.36231884057971014,0.4567901234567901
681082,Bryson Stott,OPS,28,0.7275116735788493,25.0,21.0,0.7288757476647089,0.6648599819331527,0.7861084710427078
681297,Colton Cowser,AVG,26,0.22580645161290322,25.0,12.0,0.2527139096975432,0.2369150521609538,0.2648651834572099
681297,Colton Cowser,OBP,26,0.31958762886597936,25.0,21.0,0.3230455642382523,0.30517711171662126,0.34146341463414637
681297,Colton Cowser,SLG,26,0.36950146627565983,25.0,22.0,0.37990681262703846,0.33494398951024706,0.4194725487278679
681297,Colton Cowser,OPS,26,0.6890890951416392,25.0,19.0,0.7167399139886079,0.6656712951076447,0.7900738852094831
681351,Logan O'Hoppe,AVG,26,0.21825396825396826,25.0,11.0,0.24413831440037773,0.23867952088810984,0.2548447297700806
681351,Logan O'Hoppe,OBP,26,0.2757352941176471,25.0,14.0,0.31923219625920124,0.30886910572885196,0.32920476558500866
681351,Logan O'Hoppe,SLG,26,0.30158730158730157,25.0,16.0,0.3387833096021553,0.32067397773614015,0.3803533544019648
681351,Logan O'Hoppe,OPS,26,0.5773225957049486,25.0,15.0,0.6843610869499627,0.6361575548792076,0.7226210959962407
681393,Connor Norby,AVG,26,0.24316109422492402,25.0,19.0,0.2570243510380067,0.23660346006081034,0.27842054061566257
681393,Connor Norby,OBP,26,0.3447368421052632,25.0,20.0,0.31969370819491794,0.29866878358573523,0.3354501459434238
681393,Connor Norby,SLG,26,0.3768996960486322,25.0,22.0,0.37753277651779216,0.34430950810403316,0.40400034610059987
681393,Connor Norby,OPS,26,0.7216365381538954,25.0,22.0,0.7086046239905993,0.6640198361775098,0.7696989268355738
681481,Kerry Carpenter,AVG,28,0.2077922077922078,25.0,18.0,0.23867801326040328,0.21574730065737935,0.25670956799361466
681481,Kerry Carpenter,OBP,28,0.2795275590551181,25.0,15.0,0.3111203051145143,0.2874809823951315,0.332259405528996
681481,Kerry Carpenter,SLG,28,0.4155844155844156,25.0,18.0,0.41343238179972414,0.38392461197339245,0.4470505617977528
681481,Kerry Carpenter,OPS,28,0.6951119746395338,25.0,18.0,0.7011812819677274,0.644985231628628,0.7922850575231147
681624,Andy Pages,AVG,25,0.27184466019417475,25.0,19.0,0.2722127294982313,0.24909886378477208,0.2920890779050172
681624,Andy Pages,OBP,25,0.3432574430823117,25.0,19.0,0.3441187802319142,0.32936418541284507,0.3595982511136776
681624,Andy Pages,SLG,25,0.4640776699029126,25.0,22.0,0.4681015685403958,0.42409717773207,0.49648033062344016
681624,Andy Pages,OPS,25,0.8073351129852243,25.0,23.0,0.8031016939718443,0.7421137605984311,0.8480473213768251
681715,Heriberto Hernandez,AVG,26,0.22767857142857142,25.0,13.0,0.2584910381810344,0.24193548387096775,0.2691292875989446
681715,Heriberto Hernandez,OBP,26,0.3121272365805169,25.0,20.0,0.3185015524619273,0.29320027812016053,0.333140439418662
681715,Heriberto Hernandez,SLG,26,0.4419642857142857,25.0,23.0,0.4380942130372954,0.399246671702716,0.48243595643503606
681715,Heriberto Hernandez,OPS,26,0.7540915222948026,25.0,20.0,0.7463556644344145,0.6959620512398377,0.7837569018335646
682177,Daniel Schneemann,AVG,29,0.2099236641221374,25.0,17.0,0.236628682188719,0.20909090909090908,0.25675675675675674
682177,Daniel Schneemann,OBP,29,0.2762237762237762,25.0,14.0,0.30993132628158654,0.27954178153816905,0.33641716608692007
682177,Daniel Schneemann,SLG,29,0.3320610687022901,25.0,16.0,0.36625798142601335,0.3403758922453794,0.3988721804511278
682177,Daniel Schneemann,OPS,29,0.6082848449260663,25.0,10.0,0.64977170270761,0.5835896036534132,0.682940677653624
682626,Francisco Álvarez,AVG,24,0.23324396782841822,25.0,14.0,0.24752938759546245,0.2350637205687081,0.2652938910056081
682626,Francisco Álvarez,OBP,24,0.3108433734939759,25.0,19.0,0.32543305184197296,0.3001947354284179,0.3595927357727232
682626,Francisco Álvarez,SLG,24,0.39946380697050937,25.0,22.0,0.3998711928410747,0.3650478021869377,0.41998119510504606
682626,Francisco Álvarez,OPS,24,0.7103071804644853,25.0,21.0,0.7048656735662696,0.6430129147011059,0.7930297397769517
682657,Angel Martínez,AVG,24,0.25190839694656486,25.0,19.0,0.27305745555746425,0.25672603258810156,0.29421952727579326
682657,Angel Martínez,OBP,24,0.288135593220339,25.0,18.0,0.30436369043851247,0.27915329052969506,0.32160319094184253
682657,Angel Martínez,SLG,24,0.46055979643765904,25.0,22.0,0.46103615397091763,0.42976190476190473,0.5040762021239238
682657,Angel Martínez,OPS,24,0.748695389657998,25.0,20.0,0.7612148983852911,0.7126831766664442,0.82477704771296
682663,Agustín Ramírez,AVG,24,0.2345132743362832,25.0,20.0,0.24998956428649835,0.22599817914259374,0.273303530295016
682663,Agustín Ramírez,OBP,24,0.31620553359683795,25.0,18.0,0.3151225089040437,0.2960961180294343,0.327676048585373
682663,Agustín Ramírez,SLG,24,0.35398230088495575,25.0,21.0,0.37338038143177643,0.3295668549905838,0.39451476793248946
682663,Agustín Ramírez,OPS,24,0.6701878344817938,25.0,20.0,0.6679702018911982,0.5958989922433416,0.720081835269976
682668,Luisangel Acuña,AVG,24,0.22748815165876776,25.0,20.0,0.2531548027241418,0.23475929580390525,0.2771897134139697
682668,Luisangel Acuña,OBP,24,0.26244343891402716,25.0,10.0,0.30959110299232495,0.28263101798897783,0.3418370161512765
682668,Luisangel Acuña,SLG,24,0.27488151658767773,25.0,13.0,0.29799259635584446,0.28169014084507044,0.3215547703180212
682668,Luisangel Acuña,OPS,24,0.5373249555017049,25.0,15.0,0.5848648213842904,0.5491404149839441,0.6382303218330106
682829,Elly De La Cruz,AVG,24,0.2826475849731664,25.0,23.0,0.27515412148323437,0.2557538694920477,0.28926656825421493
682829,Elly De La Cruz,OBP,24,0.36550632911392406,25.0,22.0,0.35089673341383987,0.3341750841750842,0.37063199563199567
682829,Elly De La Cruz,SLG,24,0.5152057245080501,25.0,21.0,0.47890346690887786,0.42953020134228187,0.515625
682829,Elly De La Cruz,OPS,24,0.8807120536219741,25.0,24.0,0.8480278878881314,0.7719325180244692,0.8948427558468126
682928,CJ Abrams,AVG,25,0.2607944732297064,25.0,20.0,0.26324612959334265,0.251453488372093,0.2772715743193732
682928,CJ Abrams,OBP,25,0.33540372670807456,25.0,23.0,0.3277881413231305,0.31157195074838284,0.3430449882028578
682928,CJ Abrams,SLG,25,0.49740932642487046,25.0,21.0,0.453792753997979,0.42173112338858193,0.4975369458128079
682928,CJ Abrams,OPS,25,0.832813053132945,25.0,23.0,0.7891052062796868,0.7474050635422298,0.8218839359982024
682985,Riley Greene,AVG,25,0.27984344422700586,25.0,24.0,0.26751121647196235,0.2608117483811286,0.2829053112379325
682985,Riley Greene,OBP,25,0.3687821612349914,25.0,22.0,0.3505858639284494,0.33485356829298885,0.3602407440217262
682985,Riley Greene,SLG,25,0.4735812133072407,25.0,20.0,0.43946204771442715,0.3897385752014174,0.4960715503523528
682985,Riley Greene,OPS,25,0.8423633745422321,25.0,23.0,0.7845358197636404,0.749519709170574,0.8183519372452952
682998,Corbin Carroll,AVG,25,0.23883161512027493,25.0,18.0,0.25296128356837444,0.23849313041118866,0.27918559042113955
682998,Corbin Carroll,OBP,25,0.3277693474962064,25.0,20.0,0.32641271535676003,0.31680391642916156,0.3424434333497295
682998,Corbin Carroll,SLG,25,0.46735395189003437,25.0,24.0,0.45666115644066996,0.41030258781536466,0.49455055889899474
682998,Corbin Carroll,OPS,25,0.7951232993862407,25.0,25.0,0.7854670204744967,0.7271757472312199,0.8455654352424173
683002,Gunnar Henderson,AVG,25,0.2247191011235955,25.0,18.0,0.25644168198969,0.23735818333067843,0.279662810730987
683002,Gunnar Henderson,OBP,25,0.30703012912482064,25.0,17.0,0.3223080125659681,0.30511463844797176,0.34065934065934067
683002,Gunnar Henderson,SLG,25,0.4028892455858748,25.0,21.0,0.40192955731854874,0.3717391304347826,0.4256120527306968
683002,Gunnar Henderson,OPS,25,0.7099193747106954,25.0,19.0,0.7056465262588444,0.6682829382057945,0.7619734756897483
683011,Anthony Volpe,AVG,25,0.24663677130044842,25.0,15.0,0.2577281152065109,0.2372742200328407,0.27103357362167935
683011,Anthony Volpe,OBP,25,0.3225806451612903,25.0,23.0,0.3291193832275474,0.31110926908340697,0.34945909487661014
683011,Anthony Volpe,SLG,25,0.336322869955157,25.0,19.0,0.37336363832545644,0.3393179830953075,0.39334719334719337
683011,Anthony Volpe,OPS,25,0.6589035151164473,25.0,19.0,0.6533900687367558,0.6009627177847741,0.7051860358538933
683083,Nasim Nuñez,AVG,25,0.2088167053364269,25.0,15.0,0.24610917466375873,0.21952155355568662,0.2776118475559238
683083,Nasim Nuñez,OBP,25,0.2925311203319502,25.0,16.0,0.3076645060128949,0.28362983608595643,0.3253985128208988
683083,Nasim Nuñez,SLG,25,0.24361948955916474,25.0,8.0,0.2756564934098307,0.24683852140077822,0.2967377250273514
683083,Nasim Nuñez,OPS,25,0.536150609891115,25.0,10.0,0.5996973027449963,0.590015100233154,0.6437827309236284
683146,Brett Baty,AVG,26,0.23809523809523808,25.0,18.0,0.24629549691002037,0.23457307060755336,0.25758152036107307
683146,Brett Baty,OBP,26,0.3147751605995717,25.0,17.0,0.31791646534575096,0.29454545454545455,0.33617021276595743
683146,Brett Baty,SLG,26,0.3738095238095238,25.0,18.0,0.38151456650235016,0.34455544455544457,0.4230763561320755
683146,Brett Baty,OPS,26,0.6885846844090955,25.0,19.0,0.7055778699423596,0.6492237311135745,0.7519455997256198
683357,Owen Caissie,AVG,23,0.21993127147766323,25.0,16.0,0.2583031022339292,0.24425234232302243,0.27397509869419984
683357,Owen Caissie,OBP,23,0.2950310559006211,25.0,16.0,0.31717423560512736,0.2906217823097619,0.33750541698767333
683357,Owen Caissie,SLG,23,0.41237113402061853,25.0,21.0,0.40315842575110333,0.3644067796610169,0.43253234750462105
683357,Owen Caissie,OPS,23,0.7074021899212397,25.0,20.0,0.6994068204841959,0.6373234510880571,0.7752518195017137
683734,Andrew Vaughn,AVG,28,0.3079584775086505,25.0,23.0,0.29082047547427425,0.2683576266023012,0.3128561253561254
683734,Andrew Vaughn,OBP,28,0.39209726443769,25.0,22.0,0.37229085990769323,0.3471168815616143,0.38285835068979024
683734,Andrew Vaughn,SLG,28,0.4463667820069204,25.0,23.0,0.43879640989232827,0.3772853257446067,0.47998400797524354
683734,Andrew Vaughn,OPS,28,0.8384640464446105,25.0,20.0,0.8083099799921097,0.7585674237452826,0.8683265703127875
683737,Michael Busch,AVG,28,0.2396694214876033,25.0,20.0,0.24672793322938472,0.22428678117998507,0.26022086466165417
683737,Michael Busch,OBP,28,0.3511988716502116,25.0,22.0,0.3405635437416159,0.3157243074338928,0.35840916756392127
683737,Michael Busch,SLG,28,0.39008264462809916,25.0,19.0,0.38760063682359275,0.3505468909722831,0.42259227467811156
683737,Michael Busch,OPS,28,0.7412815162783107,25.0,20.0,0.7549162839364332,0.684969108590235,0.8204099193838615
683748,Victor Mesa,AVG,24,0.2605042016806723,25.0,18.0,0.2647182963048422,0.2450453252755066,0.28212509343913517
683748,Victor Mesa,OBP,24,0.3282442748091603,25.0,21.0,0.3350463015218653,0.32318104906937395,0.3514376996805112
683748,Victor Mesa,SLG,24,0.4957983193277311,25.0,22.0,0.4715009634239774,0.4419127038346155,0.49881703470031546
683748,Victor Mesa,OPS,24,0.8240425941368914,25.0,24.0,0.7764716924828509,0.7063502978972107,0.8497215886133735
683766,Christian Koss,AVG,28,0.21674876847290642,25.0,13.0,0.2486884113661546,0.2346368715083799,0.26421404682274247
683766,Christian Koss,OBP,28,0.2570093457943925,25.0,14.0,0.30543036818614844,0.27898709070127076,0.32164125384464365
683766,Christian Koss,SLG,28,0.3054187192118227,25.0,13.0,0.3239030658179824,0.27136752136752135,0.3853820598006645
683766,Christian Koss,OPS,28,0.5624280650062152,25.0,15.0,0.6168714701041513,0.5571992976011026,0.685206646047519
685133,Wade Meckler,AVG,26,0.3,25.0,22.0,0.282414923034904,0.25943036595991864,0.3035407725321888
685133,Wade Meckler,OBP,26,0.373134328358209,25.0,21.0,0.36528095919725445,0.3505654281098546,0.3898573692551506
685133,Wade Meckler,SLG,26,0.38666666666666666,25.0,19.0,0.3740568941254758,0.33755800328099367,0.3956465612541099
685133,Wade Meckler,OPS,26,0.7598009950248756,25.0,22.0,0.7340508111903891,0.6817906009059069,0.787631649670249
686217,Sal Frelick,AVG,26,0.23008849557522124,25.0,14.0,0.2651063637486617,0.2515341599805495,0.2833306338135104
686217,Sal Frelick,OBP,26,0.29649595687331537,25.0,16.0,0.3021552656298707,0.29205587599748184,0.32036849222447594
686217,Sal Frelick,SLG,26,0.3185840707964602,25.0,12.0,0.32319798515755016,0.29446890030162226,0.35124569541078077
686217,Sal Frelick,OPS,26,0.6150800276697755,25.0,18.0,0.6429148561796179,0.5697354680325439,0.7122634000176656
686469,Vinnie Pasquantino,AVG,28,0.2494061757719715,25.0,21.0,0.24905272112905552,0.2334096109839817,0.2630057803468208
686469,Vinnie Pasquantino,OBP,28,0.33192389006342493,25.0,16.0,0.329298148085434,0.31083963850357293,0.3529101831411672
686469,Vinnie Pasquantino,SLG,28,0.42755344418052255,25.0,21.0,0.4169315699988231,0.37568058076225047,0.4666666666666667
686469,Vinnie Pasquantino,OPS,28,0.7594773342439475,25.0,18.0,0.7215096219385594,0.7033441993955072,0.7578071180351418
686527,Dominic Canzone,AVG,28,0.2641509433962264,25.0,19.0,0.2544195779835445,0.23741171109592163,0.2744081893793986
686527,Dominic Canzone,OBP,28,0.3352272727272727,25.0,19.0,0.33860339414687113,0.32412261990299984,0.35853331960037077
686527,Dominic Canzone,SLG,28,0.48427672955974843,25.0,24.0,0.4515073615660132,0.4030413879598662,0.49655100334448166
686527,Dominic Canzone,OPS,28,0.8195040022870211,25.0,21.0,0.819950725510545,0.7830679513184584,0.8452442067736186
686555,Isaac Collins,AVG,28,0.21266968325791855,25.0,14.0,0.23639294517905415,0.21919253827328875,0.24963002438388515
686555,Isaac Collins,OBP,28,0.3216374269005848,25.0,18.0,0.3269275720137394,0.3030940032414911,0.3496048321817567
686555,Isaac Collins,SLG,28,0.3212669683257919,25.0,18.0,0.3348389258595297,0.3025284699515165,0.36858221880111613
686555,Isaac Collins,OPS,28,0.6429043952263767,25.0,17.0,0.6603988325458556,0.6384934212037016,0.7103105590062111
686611,Dylan Crews,AVG,24,0.22277227722772278,25.0,17.0,0.2553243351750642,0.232421875,0.27547169811320754
686611,Dylan Crews,OBP,24,0.2895927601809955,25.0,19.0,0.31200472225042303,0.30099012170245926,0.3326115642994242
686611,Dylan Crews,SLG,24,0.37376237623762376,25.0,20.0,0.37411696634114916,0.3395356234096692,0.41893762939958595
686611,Dylan Crews,OPS,24,0.6633551364186192,25.0,17.0,0.6776555680230775,0.622751011173271,0.7161058881741712
686668,Brenton Doyle,AVG,28,0.23255813953488372,25.0,17.0,0.2472837600763505,0.21890547263681592,0.27807486631016043
686668,Brenton Doyle,OBP,28,0.27312775330396477,25.0,10.0,0.29639649550735514,0.2847641378029529,0.3043504483132966
686668,Brenton Doyle,SLG,28,0.3581395348837209,25.0,18.0,0.37273597171593076,0.33584905660377357,0.4092574365704287
686668,Brenton Doyle,OPS,28,0.6312672881876857,25.0,16.0,0.67944753028727,0.6215660470249503,0.7277639002002103
686681,Michael Massey,AVG,28,0.27423167848699764,25.0,21.0,0.2674703643118714,0.25333333333333335,0.29004329004329005
686681,Michael Massey,OBP,28,0.30855855855855857,25.0,16.0,0.3177531195800084,0.29730883684823395,0.33948423867154515
686681,Michael Massey,SLG,28,0.4302600472813239,25.0,20.0,0.4041374512996172,0.381523061513131,0.4268638429849898
686681,Michael Massey,OPS,28,0.7388186058398825,25.0,21.0,0.7304778371841463,0.6757894736842105,0.7588689681480069
686765,Nick Sogard,AVG,28,0.2530612244897959,25.0,19.0,0.24652812262023738,0.22637367064131486,0.26502527165305534
686765,Nick Sogard,OBP,28,0.33935018050541516,25.0,21.0,0.33439920096529746,0.3086734693877551,0.37318255250403876
686765,Nick Sogard,SLG,28,0.39183673469387753,25.0,22.0,0.3969508195514482,0.3650081085065605,0.430182368585066
686765,Nick Sogard,OPS,28,0.7311869151992927,25.0,21.0,0.7272592666899731,0.6554328509774054,0.801418273731511
686797,Brooks Lee,AVG,25,0.2525597269624573,25.0,19.0,0.25656567038881967,0.24338908103848345,0.27297472118636346
686797,Brooks Lee,OBP,25,0.3003194888178914,25.0,13.0,0.3230808206675725,0.30809399477806787,0.3347547974413646
686797,Brooks Lee,SLG,25,0.4283276450511945,25.0,20.0,0.43755384001689246,0.41608796296296297,0.45795300357715557
686797,Brooks Lee,OPS,25,0.7286471338690859,25.0,21.0,0.7391579998153258,0.7094736229183649,0.7791962174940898
686948,Drake Baldwin,AVG,25,0.28091872791519434,25.0,22.0,0.2712287152004518,0.2569377096875655,0.2947689565336624
686948,Drake Baldwin,OBP,25,0.3519108280254777,25.0,23.0,0.328711804201383,0.3129936689779922,0.346308818568959
686948,Drake Baldwin,SLG,25,0.45229681978798586,25.0,24.0,0.43907093826927385,0.3865567375886525,0.4934765894683989
686948,Drake Baldwin,OPS,25,0.8042076478134635,25.0,22.0,0.7866435448090237,0.7026887729040373,0.8287236198202556
687093,Vaughn Grissom,AVG,25,0.24170616113744076,25.0,19.0,0.2418991172587252,0.2235397452788757,0.25501374055336956
687093,Vaughn Grissom,OBP,25,0.3118279569892473,25.0,17.0,0.31772773364047396,0.29063097514340347,0.34517045454545453
687093,Vaughn Grissom,SLG,25,0.3862559241706161,25.0,17.0,0.3888146868263888,0.3563218390804598,0.4130879345603272
687093,Vaughn Grissom,OPS,25,0.6980838811598634,25.0,18.0,0.7207245066737202,0.6773380155821846,0.7831260356077594
687221,Dalton Rushing,AVG,25,0.24553571428571427,25.0,20.0,0.2584776110142435,0.245114030447305,0.26799306927321026
687221,Dalton Rushing,OBP,25,0.32936507936507936,25.0,17.0,0.3097958184394174,0.28596491228070176,0.32234432234432236
687221,Dalton Rushing,SLG,25,0.45982142857142855,25.0,20.0,0.4398195567640625,0.40938026554055473,0.4602733708852256
687221,Dalton Rushing,OPS,25,0.7891865079365079,25.0,21.0,0.7379875954337449,0.7092550422901758,0.7792447812790853
687263,Zach Neto,AVG,25,0.23909531502423265,25.0,17.0,0.2540123344502965,0.2315270935960591,0.2694063926940639
687263,Zach Neto,OBP,25,0.32905982905982906,25.0,17.0,0.3221639921891084,0.30405405405405406,0.3438735177865613
687263,Zach Neto,SLG,25,0.43618739903069464,25.0,20.0,0.41996665002406053,0.3727004426955238,0.45642428637352495
687263,Zach Neto,OPS,25,0.7652472280905237,25.0,20.0,0.743509585919041,0.6953580718357407,0.8077681185938708
687401,Joey Ortiz,AVG,27,0.26666666666666666,25.0,20.0,0.2718873508175978,0.24690763052208836,0.29101147941134853
687401,Joey Ortiz,OBP,27,0.32926829268292684,25.0,16.0,0.3175157684846013,0.29712824800617443,0.3347485708165424
687401,Joey Ortiz,SLG,27,0.3973333333333333,25.0,22.0,0.3920006663180917,0.3581411600279525,0.3933732636676437
687401,Joey Ortiz,OPS,27,0.7266016260162602,25.0,19.0,0.6983700407800437,0.6338670318007475,0.7775241611120913
687462,Spencer Horwitz,AVG,28,0.24415584415584415,25.0,16.0,0.26185710682360086,0.24207027706050668,0.2801000478877736
687462,Spencer Horwitz,OBP,28,0.3475336322869955,25.0,22.0,0.3450957647582675,0.3186734144725948,0.3773790548484586
687462,Spencer Horwitz,SLG,28,0.36363636363636365,25.0,19.0,0.37209092660291176,0.3310537257905679,0.4035207651325502
687462,Spencer Horwitz,OPS,28,0.7111699959233592,25.0,22.0,0.6979502918630939,0.6368433551855142,0.7294833199491643
687551,Drew Gilbert,AVG,25,0.23823529411764705,25.0,15.0,0.2541358238476748,0.23125412443735288,0.2716161107038123
687551,Drew Gilbert,OBP,25,0.3290155440414508,25.0,19.0,0.3273610713540724,0.3062680308356849,0.3524880773092369
687551,Drew Gilbert,SLG,25,0.3941176470588235,25.0,16.0,0.35829881724392726,0.32323078552328505,0.3960669384981311
687551,Drew Gilbert,OPS,25,0.7231331911002743,25.0,21.0,0.7207613492423987,0.6644528124913791,0.7696432490196266
687637,Dylan Beavers,AVG,24,0.22839506172839505,25.0,14.0,0.23263003318976017,0.22051661777689174,0.24647555224621495
687637,Dylan Beavers,OBP,24,0.3055555555555556,25.0,15.0,0.31499672570186255,0.2951003070193885,0.3368972579057954
687637,Dylan Beavers,SLG,24,0.3734567901234568,25.0,21.0,0.3903537486959732,0.34965034965034963,0.42350746268656714
687637,Dylan Beavers,OPS,24,0.6790123456790124,25.0,21.0,0.7273935048940837,0.6652203750027672,0.7675833378356476
687859,Troy Johnston,AVG,29,0.2770780856423174,25.0,17.0,0.2756622357054439,0.2559241706161137,0.2946058091286307
687859,Troy Johnston,OBP,29,0.35214446952595935,25.0,17.0,0.3504468801368652,0.3277870216306156,0.37355371900826445
687859,Troy Johnston,SLG,29,0.3929471032745592,25.0,19.0,0.3859565918542761,0.34461929920501844,0.42120406647008063
687859,Troy Johnston,OPS,29,0.7450915728005185,25.0,20.0,0.7442041781317434,0.6720073841090575,0.8020294316441285
689414,Liam Hicks,AVG,27,0.2842323651452282,25.0,20.0,0.2812767613716766,0.2719912035185926,0.29977064220183486
689414,Liam Hicks,OBP,27,0.3692870201096892,25.0,21.0,0.3572085370145026,0.3328125,0.3803986710963455
689414,Liam Hicks,SLG,27,0.43568464730290457,25.0,22.0,0.39838721907068053,0.3590661669566769,0.42970536709667145
689414,Liam Hicks,OPS,27,0.8049716674125937,25.0,24.0,0.7651215883827795,0.7076434677595033,0.8310122162648368
690976,Alex Freeland,AVG,24,0.23376623376623376,25.0,15.0,0.267891506251775,0.25359712230215825,0.2801570426827805
690976,Alex Freeland,OBP,24,0.32954545454545453,25.0,19.0,0.31946762890207614,0.3045440631384214,0.339134485094851
690976,Alex Freeland,SLG,24,0.3246753246753247,25.0,16.0,0.3418232070082377,0.30650605535377173,0.36973452088980685
690976,Alex Freeland,OPS,24,0.6542207792207793,25.0,16.0,0.6766338346001893,0.6389285409374199,0.7484605507787156
690993,Colt Keith,AVG,24,0.2578125,25.0,20.0,0.26669511629671094,0.24599653202774377,0.29210992907801414
690993,Colt Keith,OBP,24,0.32304038004750596,25.0,19.0,0.31934805260475196,0.28945911622000065,0.3492315697838053
690993,Colt Keith,SLG,24,0.40625,25.0,21.0,0.4226213106005568,0.39952718676122934,0.455743879472693
690993,Colt Keith,OPS,24,0.7292903800475059,25.0,17.0,0.6995280718117322,0.6349152351942475,0.7485652797704447
691016,Tyler Soderstrom,AVG,24,0.24494949494949494,25.0,18.0,0.2487462841997114,0.24169542245958678,0.262530330603579
691016,Tyler Soderstrom,OBP,24,0.3325892857142857,25.0,21.0,0.3302259390564415,0.3146417445482866,0.34782608695652173
691016,Tyler Soderstrom,SLG,24,0.4722222222222222,25.0,21.0,0.42915844264809117,0.38345864661654133,0.48408710217755446
691016,Tyler Soderstrom,OPS,24,0.8048115079365079,25.0,23.0,0.7700355417995722,0.6772285403268883,0.8416468963645198
691023,Jordan Walker,AVG,24,0.26929392446633826,25.0,19.0,0.262514686339395,0.2467425168253094,0.2864916668037709
691023,Jordan Walker,OBP,24,0.32779456193353473,25.0,16.0,0.3181852198006884,0.3074065377455009,0.33849686807730506
691023,Jordan Walker,SLG,24,0.4663382594417077,25.0,23.0,0.4468914651698977,0.4041444463142746,0.49794011869370125
691023,Jordan Walker,OPS,24,0.7941328213752424,25.0,22.0,0.7884499686875087,0.7248396301940654,0.8446534874126232
691026,Masyn Winn,AVG,24,0.23191489361702128,25.0,18.0,0.24457784004101185,0.22836486192650574,0.2591347592844151
691026,Masyn Winn,OBP,24,0.31238095238095237,25.0,17.0,0.32769546141825556,0.3081967213114754,0.3445635528330781
691026,Masyn Winn,SLG,24,0.3170212765957447,25.0,17.0,0.34940909098741685,0.31992687385740404,0.36259541984732824
691026,Masyn Winn,OPS,24,0.6294022289766971,25.0,16.0,0.694146427986148,0.646464318143372,0.7600504409908876
691176,Jasson Domínguez,AVG,23,0.22488038277511962,25.0,18.0,0.23608536834388433,0.21199821914299308,0.2524350649350649
691176,Jasson Domínguez,OBP,23,0.2669683257918552,25.0,16.0,0.2726714063965212,0.2647355769230769,0.290595689033189
691176,Jasson Domínguez,SLG,23,0.3684210526315789,25.0,18.0,0.40411841394068904,0.362379622000206,0.4354450775266206
691176,Jasson Domínguez,OPS,23,0.6353893784234341,25.0,17.0,0.7112618448099857,0.6913231382978724,0.7333527889153936
691406,Junior Caminero,AVG,22,0.2750809061488673,25.0,24.0,0.2776225909082007,0.257897654335395,0.29663642477926766
691406,Junior Caminero,OBP,22,0.3497822931785196,25.0,17.0,0.3384660455589124,0.31511254019292606,0.3598233995584989
691406,Junior Caminero,SLG,22,0.5226537216828478,25.0,21.0,0.4911357358208317,0.43478260869565216,0.5309278350515464
691406,Junior Caminero,OPS,22,0.8724360148613675,25.0,24.0,0.8286374122618803,0.7557596613539546,0.8959972604387039
691594,Javier Sanoja,AVG,23,0.2950108459869848,25.0,17.0,0.27889652867168263,0.25825825825825827,0.3020833333333333
691594,Javier Sanoja,OBP,23,0.33127572016460904,25.0,22.0,0.3390233405933744,0.3201211297769692,0.36248073959938365
691594,Javier Sanoja,SLG,23,0.45770065075921906,25.0,22.0,0.44425073594803793,0.3870305625392835,0.5073728354978355
691594,Javier Sanoja,OPS,23,0.7889763709238281,25.0,21.0,0.7417071117980394,0.6449781659388647,0.7843742401286871
691718,Pete Crow-Armstrong,AVG,24,0.2764612954186414,25.0,20.0,0.28105975801063066,0.2575818149766423,0.2989521418577652
691718,Pete Crow-Armstrong,OBP,24,0.3656509695290859,25.0,23.0,0.355263087368871,0.3375459194882564,0.3766060957290245
691718,Pete Crow-Armstrong,SLG,24,0.5639810426540285,25.0,25.0,0.5179999052461209,0.46234676007005254,0.5407407407407407
691718,Pete Crow-Armstrong,OPS,24,0.9296320121831143,25.0,25.0,0.9067521535729023,0.8690476190476191,0.9589649230409767
691720,Kyle Karros,AVG,23,0.25304136253041365,25.0,18.0,0.263749668364492,0.2384506082953638,0.2881321349243246
691720,Kyle Karros,OBP,23,0.3468085106382979,25.0,21.0,0.3532343009186937,0.3315696649029982,0.3656597774244833
691720,Kyle Karros,SLG,23,0.41362530413625304,25.0,18.0,0.39299053411266,0.33641812631572343,0.4235439935381444
691720,Kyle Karros,OPS,23,0.7604338147745509,25.0,22.0,0.7351761253107431,0.6606621990856274,0.8034753638750158
691723,Coby Mayo,AVG,24,0.22815533980582525,25.0,13.0,0.23847941787751115,0.22453222453222454,0.256
691723,Coby Mayo,OBP,24,0.2980132450331126,25.0,22.0,0.31633830982110234,0.2886443489272147,0.3324358159128845
691723,Coby Mayo,SLG,24,0.46116504854368934,25.0,21.0,0.46281746768311505,0.4358974358974359,0.509771986970684
691723,Coby Mayo,OPS,24,0.7591782935768019,25.0,25.0,0.7501565012240877,0.7085796398117314,0.7748756324313331
691777,Max Muncy,AVG,23,0.23046875,25.0,15.0,0.2542859480583029,0.23612302711452854,0.27108331924961976
691777,Max Muncy,OBP,23,0.298932384341637,25.0,16.0,0.2965028370118959,0.264891282155982,0.32633133029423955
691777,Max Muncy,SLG,23,0.38671875,25.0,19.0,0.41258132178999946,0.3668032949190131,0.45699025674917887
691777,Max Muncy,OPS,23,0.6856511343416369,25.0,16.0,0.7487179959538519,0.6928943449599335,0.8212655651542417
691781,Brady House,AVG,23,0.246875,25.0,16.0,0.26202722410798807,0.23404682274247493,0.28016929651545036
691781,Brady House,OBP,23,0.3153409090909091,25.0,19.0,0.3252217294243644,0.3031482442483999,0.347886400322841
691781,Brady House,SLG,23,0.396875,25.0,21.0,0.405117483908344,0.3544857768052516,0.45718901453957994
691781,Brady House,OPS,23,0.712215909090909,25.0,22.0,0.7147576570471401,0.6424603026983465,0.7707198946417061
691785,Marcelo Mayer,AVG,23,0.20909090909090908,25.0,15.0,0.25146954710832264,0.24210763624537102,0.27577935454337377
691785,Marcelo Mayer,OBP,23,0.27800829875518673,25.0,15.0,0.2981834432818861,0.2703167572339681,0.32660773421642986
691785,Marcelo Mayer,SLG,23,0.29545454545454547,25.0,17.0,0.3447397464942978,0.3114754098360656,0.39748953974895396
691785,Marcelo Mayer,OPS,23,0.5734628442097323,25.0,16.0,0.6248068876740709,0.5967938827610881,0.6754020995633092
693304,Nick Gonzales,AVG,27,0.3030852994555354,25.0,24.0,0.2916050654182822,0.2709933609770466,0.30678883071553226
693304,Nick Gonzales,OBP,27,0.3673805601317957,25.0,20.0,0.3486228875033635,0.3309956203277203,0.3697980182926829
693304,Nick Gonzales,SLG,27,0.38838475499092556,25.0,19.0,0.4202635159175706,0.37956053967289927,0.45783835712662435
693304,Nick Gonzales,OPS,27,0.7557653151227213,25.0,21.0,0.7620001684102298,0.7010546562207012,0.7967718804920914
693307,Dillon Dingler,AVG,27,0.24319419237749546,25.0,17.0,0.25123199554638087,0.228515625,0.27175843694493784
693307,Dillon Dingler,OBP,27,0.305,25.0,18.0,0.3271879966235754,0.29821106821106824,0.3539053196629762
693307,Dillon Dingler,SLG,27,0.44646098003629764,25.0,22.0,0.44814500341112207,0.39791671993658745,0.4938270972050936
693307,Dillon Dingler,OPS,27,0.7514609800362977,25.0,23.0,0.7451811418519279,0.7048021460739293,0.7761441831955378
694192,Jackson Chourio,AVG,22,0.2908745247148289,25.0,22.0,0.28254458229369434,0.2646042412972736,0.29961910270180947
694192,Jackson Chourio,OBP,22,0.3456140350877193,25.0,21.0,0.3315557332049048,0.30707070707070705,0.34965034965034963
694192,Jackson Chourio,SLG,22,0.49049429657794674,25.0,23.0,0.4603355025517081,0.40703970081654706,0.5119794018300594
694192,Jackson Chourio,OPS,22,0.8361083316656661,25.0,24.0,0.8041609712882164,0.7420159642405838,0.8494263134479689
694203,Denzer Guzman,AVG,22,0.21908127208480566,25.0,17.0,0.2538725844835012,0.24110671936758893,0.27586206896551724
694203,Denzer Guzman,OBP,22,0.26578073089701,25.0,17.0,0.292797222095806,0.26914660831509846,0.32212885154061627
694203,Denzer Guzman,SLG,22,0.33568904593639576,25.0,17.0,0.345363790047323,0.2971887550200803,0.3931297709923664
694203,Denzer Guzman,OPS,22,0.6014697768334057,25.0,18.0,0.5961517839516588,0.550356156038263,0.6198444039000242
694208,Moisés Ballesteros,AVG,22,0.21451104100946372,25.0,9.0,0.24985064868387122,0.2314410480349345,0.2658450704225352
694208,Moisés Ballesteros,OBP,22,0.28448275862068967,25.0,15.0,0.2966876977097455,0.26547442920548603,0.3303887336156639
694208,Moisés Ballesteros,SLG,22,0.3312302839116719,25.0,19.0,0.36551004046491914,0.30264061761462113,0.41854270587205744
694208,Moisés Ballesteros,OPS,22,0.6157130425323616,25.0,13.0,0.6624228251626237,0.6230650750866384,0.7142041748206132
694212,Samuel Basallo,AVG,21,0.2222222222222222,25.0,14.0,0.2454687385578744,0.23672510162601626,0.26922837972166996
694212,Samuel Basallo,OBP,21,0.2893401015228426,25.0,18.0,0.3321155491455987,0.30719360843934224,0.3524963382793097
694212,Samuel Basallo,SLG,21,0.40555555555555556,25.0,23.0,0.40919231674433715,0.36908153574820246,0.4472109144077335
694212,Samuel Basallo,OPS,21,0.6948956570783982,25.0,18.0,0.6952120639916524,0.6367917938758256,0.7336511894960185
694374,Tim Tawa,AVG,27,0.23961661341853036,25.0,18.0,0.2510218137766671,0.2282318376068376,0.26516640951536574
694374,Tim Tawa,OBP,27,0.3,25.0,19.0,0.31499549518542613,0.29807707849549847,0.3356386855531261
694374,Tim Tawa,SLG,27,0.3929712460063898,25.0,21.0,0.3809494671069117,0.3562091503267974,0.40568475452196384
694374,Tim Tawa,OPS,27,0.6929712460063897,25.0,21.0,0.684619180273525,0.6132241843616693,0.7215781770138465
694384,Nolan Schanuel,AVG,24,0.2755102040816326,25.0,20.0,0.2745952483082498,0.2524452238335435,0.29868262025622433
694384,Nolan Schanuel,OBP,24,0.35454545454545455,25.0,21.0,0.34116196077995553,0.328125,0.35450516986706054
694384,Nolan Schanuel,SLG,24,0.3852040816326531,25.0,20.0,0.4008547009103392,0.3591481629902184,0.45779719689294157
694384,Nolan Schanuel,OPS,24,0.7397495361781077,25.0,19.0,0.7484086892106525,0.6793622998773977,0.8121465898342386
694497,Evan Carter,AVG,23,0.19437340153452684,25.0,13.0,0.24726818790419997,0.2342857142857143,0.26587301587301587
694497,Evan Carter,OBP,23,0.28893905191873587,25.0,20.0,0.31065069284510904,0.2839385986090451,0.33321516587677724
694497,Evan Carter,SLG,23,0.3145780051150895,25.0,17.0,0.3636817550215639,0.332,0.3926282051282051
694497,Evan Carter,OPS,23,0.6035170570338253,25.0,15.0,0.641669625900296,0.5784596759855738,0.6959872919561865
694671,Wyatt Langford,AVG,24,0.2384428223844282,25.0,20.0,0.25489862383116096,0.2283368981950542,0.27812066874566876
694671,Wyatt Langford,OBP,24,0.3326226012793177,25.0,22.0,0.3286454211654463,0.31463238002484717,0.3468787395293179
694671,Wyatt Langford,SLG,24,0.4209245742092457,25.0,23.0,0.40566903374189384,0.3653377885317049,0.4523586483773837
694671,Wyatt Langford,OPS,24,0.7535471754885634,25.0,22.0,0.718649110505014,0.6752076009955557,0.7758928556572762
694728,Brice Matthews,AVG,24,0.20093457943925233,25.0,12.0,0.23950557027170016,0.22397233960814444,0.25466487535453053
694728,Brice Matthews,OBP,24,0.2565217391304348,25.0,15.0,0.28283198901633316,0.26339712918660285,0.304520202020202
694728,Brice Matthews,SLG,24,0.3317757009345794,25.0,18.0,0.344488077492268,0.305154570176551,0.3767519985423736
694728,Brice Matthews,OPS,24,0.5882974400650143,25.0,12.0,0.7040810754626472,0.6607351694642862,0.7308210836670302
695506,Jac Caglianone,AVG,23,0.2890625,25.0,22.0,0.2718089576090081,0.24374617952696664,0.2955674816139932
695506,Jac Caglianone,OBP,23,0.3381818181818182,25.0,23.0,0.34698800243173034,0.3248934202059202,0.3719661865248991
695506,Jac Caglianone,SLG,23,0.494140625,25.0,24.0,0.46802502494266834,0.4159183956013528,0.4949295908400261
695506,Jac Caglianone,OPS,23,0.8323224431818181,25.0,24.0,0.819168153743011,0.7574548760497749,0.895375289287627
695578,James Wood,AVG,23,0.2651072124756335,25.0,21.0,0.2693907917929547,0.2572402044293015,0.28923076923076924
695578,James Wood,OBP,23,0.38095238095238093,25.0,25.0,0.37399670645400646,0.34328358208955223,0.3948170731707317
695578,James Wood,SLG,23,0.5029239766081871,25.0,24.0,0.4639053915188274,0.41137845829788955,0.500234521575985
695578,James Wood,OPS,23,0.883876357560568,25.0,21.0,0.8006578894289421,0.7238960207259919,0.8607476635514019
695600,Carter Jensen,AVG,22,0.23908918406072105,25.0,14.0,0.2509240560978067,0.2364699537491711,0.27856645443692796
695600,Carter Jensen,OBP,22,0.32605042016806723,25.0,23.0,0.32928167777808603,0.3016283277332644,0.3426491578646874
695600,Carter Jensen,SLG,22,0.4667931688804554,25.0,22.0,0.4395630361622107,0.38391640562446444,0.5023595041322314
695600,Carter Jensen,OPS,22,0.7928435890485226,25.0,24.0,0.7738815851035873,0.7245791061977478,0.8271547789084985
695657,Colson Montgomery,AVG,24,0.19930675909878684,25.0,16.0,0.2228204190632479,0.21053905936267214,0.24586988304093568
695657,Colson Montgomery,OBP,24,0.2826086956521739,25.0,17.0,0.2964290068050229,0.27848101265822783,0.30791788856304986
695657,Colson Montgomery,SLG,24,0.4090121317157712,25.0,20.0,0.42396136292923475,0.391876003948056,0.46348415929244996
695657,Colson Montgomery,OPS,24,0.6916208273679452,25.0,18.0,0.7042681487532167,0.6500649671376699,0.7526583417698494
695734,Daylen Lile,AVG,23,0.24584717607973422,25.0,21.0,0.26230659971976394,0.24869565217391304,0.2768670309653916
695734,Daylen Lile,OBP,23,0.2961240310077519,25.0,16.0,0.3122205560644183,0.2841430499325236,0.3519844607543793
695734,Daylen Lile,SLG,23,0.42857142857142855,25.0,20.0,0.4310475095748597,0.38803766078869495,0.45926296353285123
695734,Daylen Lile,OPS,23,0.7246954595791805,25.0,22.0,0.7489321764233465,0.6954563473874518,0.7944797449090474
696030,Alejandro Osuna,AVG,23,0.25980392156862747,25.0,18.0,0.25977678589608133,0.24331528950252868,0.26573205950637857
696030,Alejandro Osuna,OBP,23,0.34913793103448276,25.0,22.0,0.3318986397646108,0.31547763145153485,0.3507045026536552
696030,Alejandro Osuna,SLG,23,0.30392156862745096,25.0,16.0,0.3338360803884301,0.2911408815903198,0.3853112525623045
696030,Alejandro Osuna,OPS,23,0.6530594996619337,25.0,22.0,0.679020789637983,0.6280487227538004,0.7392207328509707
696100,Hunter Goodman,AVG,26,0.24517374517374518,25.0,19.0,0.25433181534434196,0.2480237032917149,0.2728400631626438
696100,Hunter Goodman,OBP,26,0.30796460176991153,25.0,18.0,0.32661975051596925,0.30738896209596156,0.34664948453608246
696100,Hunter Goodman,SLG,26,0.528957528957529,25.0,22.0,0.4676833099002286,0.4188189551107493,0.5109478582355941
696100,Hunter Goodman,OPS,26,0.8369221307274406,25.0,22.0,0.7945534831618025,0.7579613324899852,0.8571426340945689
696285,Jacob Young,AVG,26,0.2517814726840855,25.0,15.0,0.26279512575063046,0.24846986410318478,0.2793110949035865
696285,Jacob Young,OBP,26,0.31965442764578833,25.0,20.0,0.3219651216661506,0.30271095878746596,0.33435370790954877
696285,Jacob Young,SLG,26,0.38954869358669836,25.0,19.0,0.41031524738168623,0.3788903185557765,0.4346828609986505
696285,Jacob Young,OPS,26,0.7092031212324867,25.0,19.0,0.7171458653056229,0.6492208782826632,0.7996694709250018
700250,Ben Rice,AVG,27,0.26666666666666666,25.0,20.0,0.2718873508175978,0.24690763052208836,0.29101147941134853
700250,Ben Rice,OBP,27,0.362555720653789,25.0,22.0,0.3659354575553763,0.34812576737708223,0.39619552274351033
700250,Ben Rice,SLG,27,0.5435897435897435,25.0,21.0,0.4814966083415884,0.43866171003717475,0.5209790209790209
700250,Ben Rice,OPS,27,0.9061454642435325,25.0,23.0,0.8025714976146069,0.7341446943644061,0.8888804308428333
700932,Kyle Manzardo,AVG,25,0.21474358974358973,25.0,14.0,0.2533550043904506,0.23156823468596538,0.2733372013468736
700932,Kyle Manzardo,OBP,25,0.307909604519774,25.0,19.0,0.3223610680169157,0.2982359996691207,0.34621993127147765
700932,Kyle Manzardo,SLG,25,0.3782051282051282,25.0,21.0,0.3857625571374112,0.3551587301587302,0.42495479204339964
700932,Kyle Manzardo,OPS,25,0.6861147327249022,25.0,19.0,0.7112321633571163,0.6500038207299237,0.7884812456748114
701350,Roman Anthony,AVG,22,0.24299065420560748,25.0,19.0,0.26118487068942425,0.2368231389284021,0.2863950565563469
701350,Roman Anthony,OBP,22,0.3333333333333333,25.0,21.0,0.33390622810210907,0.3117782909930716,0.3591331269349845
701350,Roman Anthony,SLG,22,0.3925233644859813,25.0,20.0,0.383226330513954,0.3485097939885174,0.41644990670756776
701350,Roman Anthony,OPS,22,0.7258566978193146,25.0,21.0,0.7372374401554028,0.6728679696848823,0.8099659284497445
701358,Cam Smith,AVG,23,0.21083172147001933,25.0,12.0,0.2503493010132828,0.23620958212482543,0.26083981576466386
701358,Cam Smith,OBP,23,0.28295254833040423,25.0,12.0,0.289325549820635,0.27160749834107495,0.3095842497556207
701358,Cam Smith,SLG,23,0.3945841392649903,25.0,17.0,0.39206641922203317,0.3413173652694611,0.43653846153846154
701358,Cam Smith,OPS,23,0.6775366875953945,25.0,20.0,0.6969369584638244,0.6344373006349356,0.7791644211611716
701398,Sal Stewart,AVG,22,0.26324237560192615,25.0,19.0,0.2575647376013319,0.241064546399008,0.27485510265929236
701398,Sal Stewart,OBP,22,0.32992700729927005,25.0,20.0,0.32417567509984374,0.3046225548026009,0.33787548449612403
701398,Sal Stewart,SLG,22,0.45746388443017655,25.0,21.0,0.43432900380690737,0.40755467196819084,0.48109965635738833
701398,Sal Stewart,OPS,22,0.7873908917294465,25.0,17.0,0.74397632399312,0.6916501044692454,0.7812181500872601
701538,Jackson Merrill,AVG,23,0.256,25.0,17.0,0.2629731444817887,0.24915824915824916,0.2885304659498208
701538,Jackson Merrill,OBP,23,0.30180180180180183,25.0,20.0,0.2948188280695244,0.2787605093213111,0.3242782152230971
701538,Jackson Merrill,SLG,23,0.4384,25.0,19.0,0.42733947107311393,0.384846163666539,0.467625257040129
701538,Jackson Merrill,OPS,23,0.7402018018018018,25.0,21.0,0.7577120378293726,0.6784880717797632,0.8150230484805377
701675,Nathan Church,AVG,25,0.2465437788018433,25.0,13.0,0.2646594409147098,0.2438423645320197,0.2809364548494983
701675,Nathan Church,OBP,25,0.2937365010799136,25.0,20.0,0.31203733508862086,0.3002464554718653,0.33635278452351625
701675,Nathan Church,SLG,25,0.3640552995391705,25.0,16.0,0.3836131303291419,0.3259105735254145,0.4385586560961129
701675,Nathan Church,OPS,25,0.6577918006190842,25.0,20.0,0.7017200639908227,0.6449380469222823,0.7605574158087973
701762,Nick Kurtz,AVG,23,0.2556818181818182,25.0,17.0,0.24277099095216978,0.21912350597609562,0.2740740740740741
701762,Nick Kurtz,OBP,23,0.3835294117647059,25.0,23.0,0.37165917287392247,0.35044056595780737,0.40778433711444906
701762,Nick Kurtz,SLG,23,0.48295454545454547,25.0,25.0,0.48859280702616764,0.45365853658536587,0.5346534653465347
701762,Nick Kurtz,OPS,23,0.8664839572192513,25.0,24.0,0.83144581809119,0.7370908428518648,0.9294701871426897
702284,Cole Young,AVG,22,0.24610051993067592,25.0,22.0,0.2680147303615352,0.25239666634550534,0.2769090654336556
702284,Cole Young,OBP,22,0.3138801261829653,25.0,20.0,0.31072195844350753,0.30255683144284184,0.3235323438192291
702284,Cole Young,SLG,22,0.38128249566724437,25.0,21.0,0.38769850137733275,0.3380281690140845,0.4364207221350079
702284,Cole Young,OPS,22,0.6951626218502096,25.0,21.0,0.6718737961973009,0.5928166482300885,0.7633321884798192
702332,Caleb Durbin,AVG,26,0.2446601941747573,25.0,18.0,0.25435531775118825,0.2401163499025341,0.26582821531791906
702332,Caleb Durbin,OBP,26,0.3293103448275862,25.0,17.0,0.30693702898131436,0.28689883913764513,0.32234432234432236
702332,Caleb Durbin,SLG,26,0.37281553398058254,25.0,14.0,0.38385604172515647,0.3521343954248366,0.4068772569049091
702332,Caleb Durbin,OPS,26,0.7021258788081688,25.0,16.0,0.7448719404551104,0.6961558896426205,0.7670271028366551
702616,Jackson Holliday,AVG,22,0.22857142857142856,25.0,17.0,0.25588469929177027,0.2359882005899705,0.2808641975308642
702616,Jackson Holliday,OBP,22,0.29971181556195964,25.0,16.0,0.3182326193079138,0.303811608440362,0.3406422565261044
702616,Jackson Holliday,SLG,22,0.3396825396825397,25.0,19.0,0.38788486092144703,0.32158001936625596,0.4468406099990203
702616,Jackson Holliday,OPS,22,0.6393943552444994,25.0,18.0,0.6958693974337667,0.6217738224161934,0.7824361727673143
800050,Chase DeLauter,AVG,24,0.2845691382765531,25.0,24.0,0.2805591460279689,0.2569188946120513,0.30898573975044563
800050,Chase DeLauter,OBP,24,0.3613595706618962,25.0,20.0,0.34981687736815253,0.3214565229125061,0.37826420330071564
800050,Chase DeLauter,SLG,24,0.4529058116232465,25.0,22.0,0.4556506265789166,0.42044692737430167,0.5026856697789724
800050,Chase DeLauter,OPS,24,0.8142653822851427,25.0,24.0,0.8063428805376837,0.7271357042123345,0.8735429443917448
802415,Chandler Simpson,AVG,25,0.30434782608695654,25.0,21.0,0.28612960802697146,0.2670807453416149,0.3076923076923077
802415,Chandler Simpson,OBP,25,0.3333333333333333,25.0,19.0,0.31959597095804065,0.2940186082160111,0.34882290562036056
802415,Chandler Simpson,SLG,25,0.35304347826086957,25.0,17.0,0.38596121282748386,0.36486486486486486,0.42424242424242425
802415,Chandler Simpson,OPS,25,0.6863768115942028,25.0,17.0,0.7044295259183684,0.6486928104575163,0.7453465431463373
805300,Jakob Marsee,AVG,25,0.23062015503875968,25.0,16.0,0.24765060343485681,0.23286844378140703,0.2631224248268607
805300,Jakob Marsee,OBP,25,0.3470394736842105,25.0,22.0,0.3439283524558002,0.3229876223200112,0.36976721439749605
805300,Jakob Marsee,SLG,25,0.35852713178294576,25.0,20.0,0.36993905533735594,0.3334997064004698,0.41856946783954085
805300,Jakob Marsee,OPS,25,0.7055666054671563,25.0,19.0,0.7402099556025616,0.7009663678573841,0.7778346920295376
805367,Chase Meidroth,AVG,24,0.2772963604852686,25.0,24.0,0.2765944159359558,0.256791360934698,0.30164914824211675
805367,Chase Meidroth,OBP,24,0.35348837209302325,25.0,21.0,0.3476538004054694,0.3180987202925046,0.3702127659574468
805367,Chase Meidroth,SLG,24,0.4194107452339688,25.0,21.0,0.4284946495413581,0.3836477987421384,0.4744094488188976
805367,Chase Meidroth,OPS,24,0.7728991173269921,25.0,23.0,0.7933435969898864,0.7287750414397347,0.8472872931269392
805779,Jacob Wilson,AVG,24,0.265625,25.0,19.0,0.2850145901189612,0.25810852055324784,0.30238399539010496
805779,Jacob Wilson,OBP,24,0.29850746268656714,25.0,20.0,0.31953969276629807,0.2958872725655056,0.3323826223876324
805779,Jacob Wilson,SLG,24,0.3875,25.0,21.0,0.405751924133805,0.3685185185185185,0.4315352697095436
805779,Jacob Wilson,OPS,24,0.6860074626865671,25.0,17.0,0.70988574441121,0.6486928104575163,0.8031256107094
805811,Bryce Eldridge,AVG,21,0.2694300518134715,25.0,19.0,0.2599666638792899,0.2423877156391701,0.26999272507895955
805811,Bryce Eldridge,OBP,21,0.36486486486486486,25.0,20.0,0.35781945836190254,0.3410053929121726,0.36849233681751353
805811,Bryce Eldridge,SLG,21,0.46113989637305697,25.0,19.0,0.439923881703792,0.384099759869608,0.48577352472089314
805811,Bryce Eldridge,OPS,21,0.8260047612379218,25.0,18.0,0.7964232050698284,0.7364132748327521,0.8627285778895668
807712,Luke Keaschall,AVG,23,0.2821969696969697,25.0,23.0,0.27698506087297003,0.2559391200784643,0.29715907010799925
807712,Luke Keaschall,OBP,23,0.37766830870279144,25.0,22.0,0.3637402108006562,0.340620064832516,0.3910723828817648
807712,Luke Keaschall,SLG,23,0.4071969696969697,25.0,22.0,0.41030860320075707,0.38095547259643997,0.4371074034623157
807712,Luke Keaschall,OPS,23,0.7848652783997612,25.0,25.0,0.7661414937881506,0.7027025954125745,0.8170726355058152
807799,Masataka Yoshida,AVG,32,0.2737642585551331,25.0,19.0,0.250035542364319,0.23381281017369726,0.2702668648229517
807799,Masataka Yoshida,OBP,32,0.34812286689419797,25.0,19.0,0.34010350405357476,0.31505205102844785,0.3623611400041606
807799,Masataka Yoshida,SLG,32,0.39923954372623577,25.0,17.0,0.3710101975812975,0.32793522267206476,0.4091816367265469
807799,Masataka Yoshida,OPS,32,0.7473624106204337,25.0,17.0,0.7659818213616373,0.6694993575727521,0.8364625495060278
808982,Jung Hoo Lee,AVG,27,0.2764378478664193,25.0,20.0,0.2683310528623452,0.2534340659340659,0.2810803738317757
808982,Jung Hoo Lee,OBP,27,0.3205574912891986,25.0,22.0,0.33292620949401264,0.31833663611592766,0.3670572164815182
808982,Jung Hoo Lee,SLG,27,0.4044526901669759,25.0,20.0,0.4196992735845346,0.38875786163522014,0.46096958174904945
808982,Jung Hoo Lee,OPS,27,0.7250101814561745,25.0,23.0,0.7221467911888474,0.6582559535837904,0.7953452116016386
810938,Ben Williamson,AVG,25,0.23754789272030652,25.0,20.0,0.26188518597675936,0.25169494248441615,0.2793207976857266
810938,Ben Williamson,OBP,25,0.3017543859649123,25.0,19.0,0.2998244318853718,0.2849235635213495,0.32229273881180553
810938,Ben Williamson,SLG,25,0.31800766283524906,25.0,15.0,0.3367217225269615,0.3081586364470239,0.36048674839300837
810938,Ben Williamson,OPS,25,0.6197620488001614,25.0,16.0,0.6418694895714602,0.6077651472046539,0.7002986355222005
453286,Max Scherzer,K9,41,7.373493975903615,25.0,16.0,7.519070768857893,6.716543306668084,8.102960526315789
453286,Max Scherzer,BB9,41,3.7951807228915664,25.0,10.0,3.457204269394617,3.0706496316220324,3.7090165863904687
453286,Max Scherzer,HR9,41,1.6265060240963856,,,1.123231358236929,1.123231358236929,1.123231358236929
453286,Max Scherzer,FIP,41,5.148192771084338,25.0,10.0,5.031576717778822,4.695837808807734,5.566397215010621
518585,Fernando Cruz,K9,36,11.30625,25.0,14.0,10.157721112990997,9.701765799256505,10.508370535714285
518585,Fernando Cruz,BB9,36,5.0625,25.0,13.0,4.1747051164314755,3.4438775510204085,4.807121661721069
518585,Fernando Cruz,HR9,36,1.18125,,,0.835646052703604,0.835646052703604,0.835646052703604
518585,Fernando Cruz,FIP,36,4.09375,25.0,18.0,4.316137328457818,4.201867443607202,4.702819067696345
518876,Merrill Kelly,K9,37,6.575431034482759,25.0,19.0,6.427077784900772,5.759804983748646,6.927601122281973
518876,Merrill Kelly,BB9,37,3.9568965517241383,25.0,11.0,4.149423338924453,3.643329705579104,4.222602937681839
518876,Merrill Kelly,HR9,37,1.6293103448275863,,,1.2589830505105637,1.2589830505105637,1.2589830505105637
518876,Merrill Kelly,FIP,37,5.3887931034482754,25.0,11.0,4.66818533327634,4.1982954545454545,5.058586212262683
519242,Chris Sale,K9,37,11.40239043824701,25.0,15.0,10.167799665367065,9.60243482538121,10.512430270619152
519242,Chris Sale,BB9,37,1.7211155378486054,25.0,15.0,1.927725725596588,1.5448660714285714,2.248287271165108
519242,Chris Sale,HR9,37,0.5378486055776892,,,0.7782749284855857,0.7782749284855857,0.7782749284855857
519242,Chris Sale,FIP,37,2.2215139442231076,25.0,14.0,3.20009908648638,2.6402275989692328,3.707621173469388
527048,Martín Pérez,K9,35,6.60431654676259,25.0,19.0,7.195126397303188,6.255161724488481,8.420668892211276
527048,Martín Pérez,BB9,35,3.949640287769784,25.0,12.0,3.853088106628062,3.0705432937181665,4.185129398877174
527048,Martín Pérez,HR9,35,0.9064748201438849,,,0.9103883411083243,0.9103883411083243,0.9103883411083243
527048,Martín Pérez,FIP,35,4.323021582733813,25.0,23.0,4.223004489570797,3.678020764821949,4.648828023875916
543037,Gerrit Cole,K9,35,9.36734693877551,25.0,13.0,8.375220736308476,7.628048780487805,9.0
543037,Gerrit Cole,BB9,35,1.7908163265306123,25.0,19.0,2.415580713101323,1.8034082005745624,2.7353806953962048
543037,Gerrit Cole,HR9,35,1.584183673469388,,,1.1350118414920571,1.1350118414920571,1.1350118414920571
543037,Gerrit Cole,FIP,35,3.9494897959183675,25.0,16.0,4.109391230310768,3.9819837953526296,4.317379595287444
543135,Nathan Eovaldi,K9,36,9.062937062937063,25.0,18.0,8.530789901835748,6.989441804430761,9.346527096765605
543135,Nathan Eovaldi,BB9,36,2.202797202797203,25.0,14.0,2.4798672886900546,1.9387857097811692,2.9487852722688848
543135,Nathan Eovaldi,HR9,36,1.5104895104895104,,,1.1321003415256985,1.1321003415256985,1.1321003415256985
543135,Nathan Eovaldi,FIP,36,4.211888111888112,25.0,11.0,4.169957461769256,3.639532069382816,4.659751800214494
543243,Sonny Gray,K9,36,8.201183431952662,25.0,13.0,7.959027813059378,7.1506849315068495,8.526315789473685
543243,Sonny Gray,BB9,36,2.4497041420118344,25.0,10.0,2.2804500215159953,2.071728307254623,2.5378647648083623
543243,Sonny Gray,HR9,36,0.9053254437869822,,,0.9290838230509126,0.9290838230509126,0.9290838230509126
543243,Sonny Gray,FIP,36,3.4905325443786985,25.0,20.0,4.017180425688038,3.6088107324147933,4.09743947858473
544150,Albert Suárez,K9,36,6.824175824175825,25.0,16.0,6.739420799550018,5.517868252166511,7.309716589776024
544150,Albert Suárez,BB9,36,2.967032967032967,25.0,17.0,2.8065344829132473,2.184971098265896,3.2513089005235605
544150,Albert Suárez,HR9,36,1.1868131868131868,,,0.9812371475443445,0.9812371475443445,0.9812371475443445
544150,Albert Suárez,FIP,36,4.286813186813187,25.0,13.0,4.22318105412704,3.8384615384615386,4.632338308457712
547179,Michael Lorenzen,K9,34,6.5675675675675675,25.0,16.0,6.813455823031855,5.904021470563176,7.216812932110383
547179,Michael Lorenzen,BB9,34,3.9405405405405407,25.0,10.0,3.801260162765943,2.999534739454094,4.3456586991243045
547179,Michael Lorenzen,HR9,34,1.6783783783783783,,,1.2295529233098645,1.2295529233098645,1.2295529233098645
547179,Michael Lorenzen,FIP,34,5.524324324324324,25.0,10.0,4.746488547368441,4.289349112426035,5.089362972567217
547973,Aroldis Chapman,K9,38,12.890322580645162,25.0,12.0,10.626021534837642,10.140763728171681,10.85762895367721
547973,Aroldis Chapman,BB9,38,4.006451612903226,25.0,11.0,3.863097720376199,3.1325449385052035,4.354190279351958
547973,Aroldis Chapman,HR9,38,0.5225806451612903,,,0.7320892861369956,0.7320892861369956,0.7320892861369956
547973,Aroldis Chapman,FIP,38,2.3838709677419354,25.0,12.0,3.16725452647977,2.751593279258401,3.707138226141079
548384,Brooks Raley,K9,38,9.119205298013245,25.0,13.0,8.344636354375583,7.090504451038576,9.033457249070631
548384,Brooks Raley,BB9,38,3.3973509933774833,25.0,14.0,3.417569595850402,3.0731351389366424,3.6560791052711528
548384,Brooks Raley,HR9,38,1.0728476821192052,,,0.9669438810279388,0.9669438810279388,0.9669438810279388
548384,Brooks Raley,FIP,38,3.934437086092715,25.0,15.0,4.10494571633164,3.5477418391445985,4.630255681818182
554430,Zack Wheeler,K9,36,10.822085889570552,25.0,15.0,9.918283706517167,9.384020336759239,10.32244556113903
554430,Zack Wheeler,BB9,36,2.7607361963190185,25.0,18.0,2.7589178239634604,2.3960676794801974,3.0864858070369117
554430,Zack Wheeler,HR9,36,1.2147239263803682,,,1.1345330444684913,1.1345330444684913,1.1345330444684913
554430,Zack Wheeler,FIP,36,3.4435582822085893,25.0,22.0,3.7596349419758877,3.442279855247286,3.9250714405782485
571510,Matt Boyd,K9,35,7.086614173228346,25.0,13.0,6.479973686364608,5.74468085106383,7.091353996737357
571510,Matt Boyd,BB9,35,2.8346456692913384,25.0,19.0,2.9478131846035645,2.5677722377856025,3.362386018237082
571510,Matt Boyd,HR9,35,1.2755905511811023,,,1.09803738441999,1.09803738441999,1.09803738441999
571510,Matt Boyd,FIP,35,4.477952755905512,25.0,16.0,4.625104804876744,4.152054154995332,5.077836361924489
571578,Patrick Corbin,K9,36,7.427947598253276,25.0,19.0,7.03108300290894,6.436507936507937,7.595275233722077
571578,Patrick Corbin,BB9,36,2.9475982532751095,25.0,19.0,2.836290463197492,2.40679181114964,3.3036205519566955
571578,Patrick Corbin,HR9,36,1.4148471615720526,,,1.0524970518736994,1.0524970518736994,1.0524970518736994
571578,Patrick Corbin,FIP,36,4.711353711790393,25.0,8.0,4.041497980199461,3.7723263075722095,4.442582053547159
571927,Steven Matz,K9,35,6.978813559322034,25.0,11.0,6.705846295742447,6.288816503800217,7.071332507898557
571927,Steven Matz,BB9,35,2.8601694915254234,25.0,17.0,2.7294681130838243,2.1272727272727274,3.2837837837837838
571927,Steven Matz,HR9,35,1.716101694915254,,,1.1408241185632415,1.1408241185632415,1.1408241185632415
571927,Steven Matz,FIP,35,5.057627118644068,25.0,12.0,4.882825624694002,4.378861493836114,5.419388518177635
571945,Miles Mikolas,K9,37,4.646884272997033,25.0,16.0,4.855200949574115,4.3896738637394535,5.379909656676569
571945,Miles Mikolas,BB9,37,1.8427299703264095,25.0,17.0,2.3887029866158507,1.9628432956381259,2.9076923076923076
571945,Miles Mikolas,HR9,37,2.163204747774481,,,1.2618946575892256,1.2618946575892256,1.2618946575892256
571945,Miles Mikolas,FIP,37,5.859643916913947,25.0,6.0,4.825257539485646,4.261468176609771,5.116318327974277
573124,Taylor Rogers,K9,35,8.427745664739884,25.0,21.0,8.055000590361427,7.416309012875536,8.808255659121171
573124,Taylor Rogers,BB9,35,3.901734104046243,25.0,15.0,3.8596252228107466,3.0498055996870432,4.5068224960687635
573124,Taylor Rogers,HR9,35,0.7803468208092486,,,0.8562597272930451,0.8562597272930451,0.8562597272930451
573124,Taylor Rogers,FIP,35,3.9150289017341042,25.0,17.0,4.1703453307829195,3.907580174927114,4.452216748768473
579328,Yusei Kikuchi,K9,35,9.229591836734695,25.0,15.0,8.498536591923727,7.577298726527088,9.333707551062972
579328,Yusei Kikuchi,BB9,35,3.9948979591836737,25.0,11.0,3.6152127378553875,2.9689451219267355,4.173327067669172
579328,Yusei Kikuchi,HR9,35,0.9642857142857143,,,0.9381635184503023,0.9381635184503023,0.9381635184503023
579328,Yusei Kikuchi,FIP,35,3.9112244897959183,25.0,18.0,4.243129081037704,3.964183954831933,4.442144212952502
592332,Kevin Gausman,K9,35,9.496197718631178,25.0,14.0,8.75560328182562,7.6681985294117645,10.070843291225675
592332,Kevin Gausman,BB9,35,2.3612167300380227,25.0,19.0,2.3684507345202896,1.7360366287339972,2.7157852777039597
592332,Kevin Gausman,HR9,35,1.3346007604562737,,,1.1771248547710804,1.1771248547710804,1.1771248547710804
592332,Kevin Gausman,FIP,35,3.721673003802281,25.0,14.0,4.187458869392793,3.9625517241379313,4.4563145058673825
592662,Robbie Ray,K9,34,7.898340248962656,25.0,16.0,7.703915844987464,7.001162790697674,8.457532717236246
592662,Robbie Ray,BB9,34,4.817427385892117,25.0,10.0,3.9659702001670167,3.2601384767556874,4.261163101604278
592662,Robbie Ray,HR9,34,1.2883817427385893,,,1.1103328492893205,1.1103328492893205,1.1103328492893205
592662,Robbie Ray,FIP,34,4.84896265560166,25.0,12.0,4.192703605439621,3.534167985788423,4.846712576805485
592773,Ryne Stanek,K9,34,9.385026737967914,25.0,13.0,8.809480199224193,7.658653846153847,9.688235294117648
592773,Ryne Stanek,BB9,34,4.475935828877005,25.0,11.0,3.853189509159078,3.352143922111049,4.563383414055551
592773,Ryne Stanek,HR9,34,1.299465240641711,,,0.9975442792798865,0.9975442792798865,0.9975442792798865
592773,Ryne Stanek,FIP,34,4.479679144385027,25.0,16.0,4.651979496066313,4.152054154995332,4.994177953276126
592791,Jameson Taillon,K9,34,8.047058823529412,25.0,9.0,8.36358971649133,7.438775510204082,9.0
592791,Jameson Taillon,BB9,34,3.2823529411764705,25.0,15.0,3.3401291722977944,2.4531428571428573,4.1465930570282605
592791,Jameson Taillon,HR9,34,2.8588235294117648,,,1.0251051093055705,1.0251051093055705,1.0251051093055705
592791,Jameson Taillon,FIP,34,6.605882352941176,25.0,7.0,5.126121164714598,4.795107987523197,5.43644821842116
593958,Eduardo Rodríguez,K9,33,6.845744680851064,25.0,16.0,6.399609474406592,5.666247782377291,7.407396749587685
593958,Eduardo Rodríguez,BB9,33,2.9680851063829787,25.0,18.0,3.2440257120956004,2.759782099343955,3.473499061913696
593958,Eduardo Rodríguez,HR9,33,0.9095744680851063,,,0.9455117779448488,0.9455117779448488,0.9455117779448488
593958,Eduardo Rodríguez,FIP,33,3.8978723404255318,25.0,13.0,4.009188829713509,3.6992217898832687,4.349690976514215
593974,Wandy Peralta,K9,34,6.053811659192825,25.0,15.0,5.94432527041528,5.472443068649582,6.406904423044933
593974,Wandy Peralta,BB9,34,2.663677130044843,25.0,15.0,2.9409309615139074,2.43696089706728,3.450154892789892
593974,Wandy Peralta,HR9,34,0.8475336322869955,,,0.8843928804623867,0.8843928804623867,0.8843928804623867
593974,Wandy Peralta,FIP,34,3.9878923766816143,25.0,18.0,4.271050361580118,3.9346481935771633,4.624623045754446
594580,Sam Moll,K9,34,9.391304347826088,25.0,13.0,8.809480199224193,7.658653846153847,9.688235294117648
594580,Sam Moll,BB9,34,4.695652173913044,25.0,14.0,4.009864539601156,3.2483341499265066,4.346129032258065
594580,Sam Moll,HR9,34,0.8385093167701864,,,0.8947902868233448,0.8947902868233448,0.8947902868233448
594580,Sam Moll,FIP,34,4.1248447204968945,25.0,18.0,4.275400139044894,3.8571447162935972,4.466761140927456
594798,Jacob deGrom,K9,38,11.353556485355648,25.0,12.0,10.356708932546317,10.029860365198711,10.74524063356686
594798,Jacob deGrom,BB9,38,2.428870292887029,25.0,13.0,2.3980250013518805,2.1315789473684212,2.7159763313609466
594798,Jacob deGrom,HR9,38,1.1297071129707112,,,0.9877637059461825,0.9877637059461825,0.9877637059461825
594798,Jacob deGrom,FIP,38,3.0560669456066947,25.0,20.0,3.6902451225667128,3.314863737486096,3.986323558226112
595345,Steven Okert,K9,34,9.463917525773196,25.0,17.0,9.195319506465157,7.69683257918552,10.089171974522293
595345,Steven Okert,BB9,34,1.9484536082474226,25.0,20.0,2.3187033171364186,1.8611947791164658,2.688906169544246
595345,Steven Okert,HR9,34,0.9742268041237113,,,0.9426956725547958,0.9426956725547958,0.9426956725547958
595345,Steven Okert,FIP,34,3.239175257731959,25.0,18.0,3.7666953158734304,3.5095361509835197,4.208535259397329
596001,Jakob Junis,K9,33,6.333333333333333,25.0,17.0,6.0848035072957645,5.476868327402135,6.716857610474632
596001,Jakob Junis,BB9,33,2.5,25.0,19.0,2.524393641736735,2.0676562946046246,2.8428640512603516
596001,Jakob Junis,HR9,33,0.6666666666666666,,,0.8511652351654068,0.8511652351654068,0.8511652351654068
596001,Jakob Junis,FIP,33,3.7666666666666666,25.0,19.0,3.902242674803657,3.5428966880869996,4.4128141970240415
596133,Luke Weaver,K9,32,9.915254237288135,25.0,14.0,8.89865085095106,8.540248414376322,9.395172057366812
596133,Luke Weaver,BB9,32,2.288135593220339,25.0,18.0,2.5415044825786706,2.1279317285768573,2.898607038123167
596133,Luke Weaver,HR9,32,0.7627118644067796,,,0.8566898889361846,0.8566898889361846,0.8566898889361846
596133,Luke Weaver,FIP,32,2.9135593220338984,25.0,15.0,3.3619664807588845,2.8054885854491145,3.8601555747623166
605135,Chris Bassitt,K9,37,6.795918367346939,25.0,15.0,6.947689029602691,6.427509778357236,7.278222701370707
605135,Chris Bassitt,BB9,37,3.489795918367347,25.0,19.0,3.382072360765746,2.7967299528851983,3.725111544896821
605135,Chris Bassitt,HR9,37,0.9183673469387755,,,0.8808150633205672,0.8808150633205672,0.8808150633205672
605135,Chris Bassitt,FIP,37,4.355102040816327,25.0,15.0,4.385447539835509,3.905804342888742,4.811601814692025
605280,Clay Holmes,K9,33,6.996677740863788,25.0,13.0,6.629619470718172,6.145278450363197,7.436440677966101
605280,Clay Holmes,BB9,33,3.7674418604651163,25.0,12.0,3.76291814234088,3.3510464058234755,3.970365777688971
605280,Clay Holmes,HR9,33,0.5382059800664452,,,0.7545835908346722,0.7545835908346722,0.7545835908346722
605280,Clay Holmes,FIP,33,3.638205980066445,25.0,17.0,3.8609785224564215,3.5788732394366196,4.40373831775701
605288,Adrian Houser,K9,33,6.328125,25.0,17.0,6.303950058912972,5.555555555555555,7.122699386503067
605288,Adrian Houser,BB9,33,2.86875,25.0,14.0,2.740394824177433,2.234942771966999,3.2477215587680703
605288,Adrian Houser,HR9,33,1.265625,,,1.0888184021763645,1.0888184021763645,1.0888184021763645
605288,Adrian Houser,FIP,33,4.590625,25.0,16.0,4.589440121264452,3.7806145799280815,5.120346193340179
605400,Aaron Nola,K9,33,9.332038834951456,25.0,7.0,9.032274256098804,8.271543243881325,9.733146067415731
605400,Aaron Nola,BB9,33,3.093203883495146,25.0,17.0,3.102515112486846,2.5534883720930233,3.2363013698630136
605400,Aaron Nola,HR9,33,1.992233009708738,,,1.166464252917338,1.166464252917338,1.166464252917338
605400,Aaron Nola,FIP,33,4.969902912621359,25.0,14.0,4.714164475928983,4.439247187903375,5.07946022248441
605488,Jeffrey Springs,K9,33,7.304347826086956,25.0,18.0,6.83760327401592,6.094529184759924,7.5809283088235295
605488,Jeffrey Springs,BB9,33,3.717391304347826,25.0,16.0,3.519613789993305,2.910704082059287,4.026559255791231
605488,Jeffrey Springs,HR9,33,2.282608695652174,,,1.2316773670613992,1.2316773670613992,1.2316773670613992
605488,Jeffrey Springs,FIP,33,6.121739130434783,25.0,5.0,4.758286769916373,4.477850162866449,5.513597733711048
606996,Kyle Hart,K9,33,8.752747252747254,25.0,17.0,8.22702216643518,7.819672131147541,8.930769230769231
606996,Kyle Hart,BB9,33,3.857142857142857,25.0,16.0,3.2958751933908847,2.62397278788971,3.7759331186055327
606996,Kyle Hart,HR9,33,0.7417582417582418,,,0.8412509023681526,0.8412509023681526,0.8412509023681526
606996,Kyle Hart,FIP,33,3.6604395604395608,25.0,22.0,4.048139715832731,3.8438566467146114,4.348340548340548
607067,Colin Rea,K9,35,6.903797468354431,25.0,14.0,7.009724354042893,6.209504491451753,7.747810820183805
607067,Colin Rea,BB9,35,3.2126582278481015,25.0,16.0,2.6083272508575175,2.2114726027397262,3.181471852006769
607067,Colin Rea,HR9,35,1.4354430379746836,,,1.1340809271742425,1.1340809271742425,1.1340809271742425
607067,Colin Rea,FIP,35,4.869620253164557,25.0,13.0,4.7124310058102985,4.34249699879952,5.0644128113879
607074,Carlos Rodón,K9,33,10.028571428571428,25.0,18.0,9.116897071133048,8.013052591463413,10.20987341772152
607074,Carlos Rodón,BB9,33,4.187755102040816,25.0,14.0,3.6338469446264763,2.7462211577887947,4.4204456167920085
607074,Carlos Rodón,HR9,33,0.7714285714285714,,,0.8658225227868581,0.8658225227868581,0.8658225227868581
607074,Carlos Rodón,FIP,33,3.4551020408163264,25.0,21.0,3.775661756282243,3.4382137628111273,4.097607655502392
607192,Tyler Glasnow,K9,32,12.364485981308412,25.0,17.0,10.865251850228756,9.502793296089386,12.235649546827796
607192,Tyler Glasnow,BB9,32,3.0280373831775704,25.0,15.0,3.1558294823186444,2.821301564722617,3.5742857142857143
607192,Tyler Glasnow,HR9,32,0.883177570093458,,,0.826559464854548,0.826559464854548,0.826559464854548
607192,Tyler Glasnow,FIP,32,2.6794392523364485,25.0,21.0,3.4302798174242577,3.134802784222738,3.8005988023952098
607200,Erick Fedde,K9,33,6.60431654676259,25.0,16.0,6.372424936189232,5.61176390475686,6.747470306734318
607200,Erick Fedde,BB9,33,3.237410071942446,25.0,16.0,3.1553416513698647,2.736501210653753,3.6989697485335618
607200,Erick Fedde,HR9,33,1.4892086330935252,,,1.157284157651038,1.157284157651038,1.157284157651038
607200,Erick Fedde,FIP,33,4.970503597122303,25.0,14.0,4.714164475928982,4.439247187903375,5.07946022248441
607259,Nick Martínez,K9,35,5.584440227703985,25.0,17.0,5.185954877541652,4.35,5.915052160953801
607259,Nick Martínez,BB9,35,1.3320683111954459,25.0,21.0,1.9989328743157064,1.4380434782608695,2.21484375
607259,Nick Martínez,HR9,35,1.127134724857685,,,1.1090961256908254,1.1090961256908254,1.1090961256908254
607259,Nick Martínez,FIP,35,3.9823529411764707,25.0,18.0,4.226232604451943,3.798685865607415,4.3802603792527455
607536,Kyle Freeland,K9,33,7.30827067669173,25.0,18.0,6.837603274015921,6.094529184759924,7.5809283088235295
607536,Kyle Freeland,BB9,33,1.962406015037594,25.0,17.0,2.301467243142391,1.8333333333333333,2.6872037914691944
607536,Kyle Freeland,HR9,33,1.962406015037594,,,1.2497796129754166,1.2497796129754166,1.2497796129754166
607536,Kyle Freeland,FIP,33,5.122556390977444,25.0,17.0,5.03477719959981,4.43177570093458,5.608620689655172
607625,Seth Lugo,K9,36,7.323886639676114,25.0,17.0,7.070406319984772,6.819587628865979,7.673252279635258
607625,Seth Lugo,BB9,36,2.951417004048583,25.0,19.0,2.8362904631974915,2.40679181114964,3.3036205519566955
607625,Seth Lugo,HR9,36,1.2570850202429151,,,1.1271721792528384,1.1271721792528384,1.1271721792528384
607625,Seth Lugo,FIP,36,4.436032388663968,25.0,19.0,4.318974158621687,4.009919585811852,4.5767506178651285
608331,Max Fried,K9,32,8.658892128279884,25.0,18.0,8.12196148051453,7.277891505458372,9.116431144160106
608331,Max Fried,BB9,32,2.676384839650146,25.0,14.0,2.7189353778740433,2.2646363098758133,3.056381118881119
608331,Max Fried,HR9,32,0.3935860058309038,,,0.6852514113177341,0.6852514113177341,0.6852514113177341
608331,Max Fried,FIP,32,2.688921282798834,25.0,20.0,3.2659715966537646,3.0975290473612698,3.417816150850584
608372,Tomoyuki Sugano,K9,36,5.824719101123595,25.0,15.0,5.656532366373591,4.678251261310095,6.444696820067154
608372,Tomoyuki Sugano,BB9,36,2.184269662921348,25.0,17.0,2.6474819668517426,2.161839863713799,3.2261735419630155
608372,Tomoyuki Sugano,HR9,36,2.002247191011236,,,1.2624602950891182,1.2624602950891182,1.2624602950891182
608372,Tomoyuki Sugano,FIP,36,5.486516853932584,25.0,10.0,4.855112372729396,4.428035157932065,5.3479058078927775
608379,Michael Wacha,K9,34,7.255102040816326,25.0,19.0,6.928932247414237,6.330239631598397,7.577475841494261
608379,Michael Wacha,BB9,34,2.433673469387755,25.0,18.0,2.5352349860772345,2.0076999863490546,2.8303140611729454
608379,Michael Wacha,HR9,34,1.3775510204081634,,,1.1930444090291166,1.1930444090291166,1.1930444090291166
608379,Michael Wacha,FIP,34,4.395918367346939,25.0,15.0,4.2158339387266555,4.011559766925025,4.3695867456116355
608566,Germán Márquez,K9,31,6.572368421052632,25.0,17.0,5.895695100227055,5.301818181818182,6.29126213592233
608566,Germán Márquez,BB9,31,4.2631578947368425,25.0,13.0,3.96639689374432,3.3496240601503757,4.517928286852589
608566,Germán Márquez,HR9,31,2.486842105263158,,,1.1123006245918812,1.1123006245918812,1.1123006245918812
608566,Germán Márquez,FIP,31,6.771052631578947,25.0,7.0,4.636193763672971,4.246936607617084,4.963436464230903
608718,Brent Suter,K9,36,8.1,25.0,12.0,8.276820158757628,7.705675493853587,8.541964285714286
608718,Brent Suter,BB9,36,2.4,25.0,15.0,2.3431675885622876,2.2178780012978585,2.5246897778549116
608718,Brent Suter,HR9,36,0.9,,,0.8906617270448979,0.8906617270448979,0.8906617270448979
608718,Brent Suter,FIP,36,3.4333333333333336,25.0,22.0,3.6106309197635595,3.3317157273099287,3.898651827106627
615698,Cal Quantrill,K9,31,6.6880733944954125,25.0,17.0,6.456320731503071,5.76,7.09322033898305
615698,Cal Quantrill,BB9,31,1.981651376146789,25.0,19.0,2.278376328216902,1.9505557806981995,2.505544846922172
615698,Cal Quantrill,HR9,31,1.073394495412844,,,0.9997678867562025,0.9997678867562025,0.9997678867562025
615698,Cal Quantrill,FIP,31,3.9899082568807342,25.0,17.0,4.1923435040829204,3.90625,4.65521472392638
621111,Walker Buehler,K9,31,7.8425720620842565,25.0,20.0,7.641511956030034,6.843236484877352,8.215171372364301
621111,Walker Buehler,BB9,31,3.292682926829268,25.0,15.0,3.4092242365289325,2.7856349631403186,4.1197247088914315
621111,Walker Buehler,HR9,31,1.3170731707317072,,,1.0673114458205908,1.0673114458205908,1.0673114458205908
621111,Walker Buehler,FIP,31,4.49689578713969,25.0,15.0,4.6199247521352955,4.173009369855554,4.978422425032594
621112,Paul Blackburn,K9,32,7.1106870229007635,25.0,19.0,7.064467301083445,6.0194446877463434,7.95645933014354
621112,Paul Blackburn,BB9,32,3.4007633587786263,25.0,16.0,3.193455025667496,2.7304860088365244,3.697561577875178
621112,Paul Blackburn,HR9,32,0.7213740458015268,,,0.8416612540572085,0.8416612540572085,0.8416612540572085
621112,Paul Blackburn,FIP,32,3.7297709923664124,25.0,17.0,4.1233238016999545,3.5860000000000003,4.504977375565611
621237,José Alvarado,K9,31,10.924855491329481,25.0,11.0,10.040483716796068,9.400075987841944,10.997080291970804
621237,José Alvarado,BB9,31,4.213872832369942,25.0,15.0,3.988279468075253,3.5529620370908668,4.20150322118826
621237,José Alvarado,HR9,31,0.7803468208092486,,,0.857036323583242,0.857036323583242,0.857036323583242
621237,José Alvarado,FIP,31,3.6202312138728328,25.0,16.0,3.864928191028418,3.540384587252593,4.1426692328313965
622088,Tejay Antone,K9,32,9.61875,25.0,14.0,9.23072680420225,8.490572849807446,9.913716133004925
622088,Tejay Antone,BB9,32,2.6999999999999997,25.0,22.0,2.7692335454585293,2.3783531454600597,3.0607501228702487
622088,Tejay Antone,HR9,32,1.0125,,,0.94548206955941,0.94548206955941,0.94548206955941
622088,Tejay Antone,FIP,32,3.71875,25.0,16.0,4.09755577021374,3.6593521062271064,4.88184287803966
622491,Luis Castillo,K9,33,8.0,25.0,13.0,7.795220249758511,7.076612903225806,7.7362428842504745
622491,Luis Castillo,BB9,33,3.0,25.0,16.0,3.1219373018783174,2.576833397832817,3.6245236280487805
622491,Luis Castillo,HR9,33,1.7857142857142858,,,1.0981883646428743,1.0981883646428743,1.0981883646428743
622491,Luis Castillo,FIP,33,5.068253968253968,25.0,12.0,4.955327779608024,4.1816064288347565,5.556641938503137
622554,Seranthony Domínguez,K9,31,9.642857142857142,25.0,13.0,8.877842318710195,8.46,9.842364532019705
622554,Seranthony Domínguez,BB9,31,4.302197802197802,25.0,14.0,3.85744042034517,3.378001307552522,4.075726592412113
622554,Seranthony Domínguez,HR9,31,1.3351648351648353,,,1.0252425649218226,1.0252425649218226,1.0252425649218226
622554,Seranthony Domínguez,FIP,31,4.468131868131868,25.0,16.0,4.184266252912812,3.8002762430939225,4.785339924239759
622608,Antonio Senzatela,K9,31,7.465437788018433,25.0,18.0,6.994282299548346,5.9765163934426235,7.824242224440969
622608,Antonio Senzatela,BB9,31,3.1105990783410142,25.0,19.0,2.886759315082189,2.3921052631578945,3.3728056667693256
622608,Antonio Senzatela,HR9,31,0.7465437788018434,,,0.8312905779862513,0.8312905779862513,0.8312905779862513
622608,Antonio Senzatela,FIP,31,3.6391705069124427,25.0,21.0,3.9198007369874155,3.5788732394366196,4.345487364620939
622663,Luis Severino,K9,32,9.696132596685082,25.0,17.0,8.790893789447455,8.03102189781022,9.842364532019705
622663,Luis Severino,BB9,32,4.624309392265193,25.0,17.0,3.50899634161862,3.029268292682927,3.99671052631579
622663,Luis Severino,HR9,32,1.3425414364640884,,,1.0179550362012064,1.0179550362012064,1.0179550362012064
622663,Luis Severino,FIP,32,4.525414364640884,25.0,18.0,4.53841911311876,4.053762274491893,5.0397784066521645
623149,Paul Sewald,K9,36,9.173076923076923,25.0,16.0,8.980851480730106,8.01064545047064,9.983900198609732
623149,Paul Sewald,BB9,36,2.076923076923077,25.0,18.0,2.68265749191295,1.947257050375772,2.8048020284335005
623149,Paul Sewald,HR9,36,2.25,,,1.0008861144498735,1.0008861144498735,1.0008861144498735
623149,Paul Sewald,FIP,36,5.234615384615385,25.0,9.0,4.636716944992307,4.330769230769231,5.095283018867924
623211,Huascar Brazobán,K9,36,8.1,25.0,12.0,8.276820158757628,7.705675493853587,8.541964285714286
623211,Huascar Brazobán,BB9,36,3.9789473684210526,25.0,12.0,3.699234174385781,3.082757524374735,4.173543577981651
623211,Huascar Brazobán,HR9,36,0.7105263157894737,,,0.8460661926011002,0.8460661926011002,0.8460661926011002
623211,Huascar Brazobán,FIP,36,3.7473684210526317,25.0,14.0,4.099117580942158,3.7408212161269003,4.313674277968929
623454,Drew Anderson,K9,32,9.740506329113925,25.0,18.0,8.76632334748727,7.70066889632107,9.985181296939352
623454,Drew Anderson,BB9,32,3.6740506329113924,25.0,15.0,3.430303046416191,2.74495433532529,4.16660419790105
623454,Drew Anderson,HR9,32,1.3670886075949367,,,1.0283792399896343,1.0283792399896343,1.0283792399896343
623454,Drew Anderson,FIP,32,4.305696202531646,25.0,18.0,4.4309343801700845,4.177939689252551,4.638701753259264
623474,Jimmy Herget,K9,32,8.348684210526317,25.0,20.0,8.038117962267982,7.317543424317618,8.551047922539528
623474,Jimmy Herget,BB9,32,4.2631578947368425,25.0,13.0,4.0431455569738395,3.6529411764705886,4.293103448275862
623474,Jimmy Herget,HR9,32,1.7763157894736843,,,0.952573656560051,0.952573656560051,0.952573656560051
623474,Jimmy Herget,FIP,32,5.409210526315789,25.0,12.0,4.6005605745296,4.183401569541976,5.148029556650246
624133,Ranger Suarez,K9,30,8.729792147806004,25.0,17.0,8.37904824399803,7.193050193050193,9.113029827315541
624133,Ranger Suarez,BB9,30,2.8683602771362584,25.0,18.0,3.048416572718218,2.599861886497325,3.444969512195122
624133,Ranger Suarez,HR9,30,0.6235565819861432,,,0.7850056857994635,0.7850056857994635,0.7850056857994635
624133,Ranger Suarez,FIP,30,3.1623556581986145,25.0,16.0,3.4479863712650958,3.1191274184092244,3.8536594961123827
625643,Reynaldo López,K9,32,8.459227467811159,25.0,19.0,8.1760551260213,7.283382352941176,8.600169779286926
625643,Reynaldo López,BB9,32,3.9399141630901284,25.0,16.0,3.7640884014236873,3.277300217450394,4.350119952019192
625643,Reynaldo López,HR9,32,1.2746781115879828,,,0.9755429900031836,0.9755429900031836,0.9755429900031836
625643,Reynaldo López,FIP,32,4.413304721030043,25.0,16.0,4.21618706443803,3.872074162373877,4.5737843845512645
628452,Raisel Iglesias,K9,36,9.391304347826086,25.0,13.0,8.718646387179932,7.826086956521739,9.806603773584905
628452,Raisel Iglesias,BB9,36,2.3478260869565215,25.0,18.0,2.4214349769328045,1.895328947368421,2.82201030927835
628452,Raisel Iglesias,HR9,36,0.8804347826086956,,,0.889086626789465,0.889086626789465,0.889086626789465
628452,Raisel Iglesias,FIP,36,3.116304347826087,25.0,15.0,3.4251520480495796,3.2711060127024987,3.711891148982958
640448,Kyle Finnegan,K9,34,7.251428571428571,25.0,19.0,6.854556287007411,6.330239631598397,7.416654531838322
640448,Kyle Finnegan,BB9,34,5.2457142857142856,25.0,13.0,4.296554166588473,3.9186602870813396,4.574380165289256
640448,Kyle Finnegan,HR9,34,1.5428571428571427,,,1.0387397539665455,1.0387397539665455,1.0387397539665455
640448,Kyle Finnegan,FIP,34,5.517142857142858,25.0,10.0,4.85678485469423,4.516583756610986,5.089362972567217
640455,Sean Manaea,K9,34,8.937931034482759,25.0,17.0,8.229278260313116,7.265060240963855,8.890243902439025
640455,Sean Manaea,BB9,34,2.731034482758621,25.0,18.0,3.0493577356689747,2.7361642506870725,3.4331493506493507
640455,Sean Manaea,HR9,34,1.5517241379310345,,,1.1666833679912756,1.1666833679912756,1.1666833679912756
640455,Sean Manaea,FIP,34,4.596551724137932,25.0,16.0,4.560009471588804,3.9939328743545612,4.842077832402327
641302,Tyler Alexander,K9,31,7.641509433962264,25.0,19.0,7.5517173488701355,6.624642857142858,7.962458452611962
641302,Tyler Alexander,BB9,31,2.9292452830188678,25.0,21.0,2.9846466712444273,2.712918660287081,3.4838709677419355
641302,Tyler Alexander,HR9,31,0.3820754716981132,,,0.6856761143310541,0.6856761143310541,0.6856761143310541
641302,Tyler Alexander,FIP,31,3.1,25.0,16.0,3.4675848212108993,3.3026356739933864,3.7529949558638083
641329,Bryan Baker,K9,31,9.435483870967742,25.0,13.0,8.638120882007856,8.177884615384617,8.894648829431437
641329,Bryan Baker,BB9,31,3.0483870967741935,25.0,16.0,3.036915896988436,2.768295918812428,3.3589706845725513
641329,Bryan Baker,HR9,31,0.5806451612903226,,,0.8072358101470896,0.8072358101470896,0.8072358101470896
641329,Bryan Baker,FIP,31,2.9548387096774196,25.0,21.0,3.5338333083474525,3.038775510204082,3.9201970443349756
641743,Anthony Kay,K9,31,7.571739130434782,25.0,18.0,7.3889160298182315,6.587533029065578,8.027625354777673
641743,Anthony Kay,BB9,31,3.3456521739130434,25.0,18.0,3.2946937852627074,2.7733957219251337,3.9923325596816976
641743,Anthony Kay,HR9,31,1.2326086956521738,,,1.0952198697830833,1.0952198697830833,1.0952198697830833
641743,Anthony Kay,FIP,31,4.821739130434782,25.0,15.0,4.62898008375839,4.409411764705883,4.947661676184596
641755,Tyler Kinley,K9,35,7.80722891566265,25.0,14.0,7.147680525674561,6.563788720459467,7.694012123197902
641755,Tyler Kinley,BB9,35,3.578313253012048,25.0,14.0,3.585732994927837,3.1968728689219073,3.8394088669950737
641755,Tyler Kinley,HR9,35,1.6265060240963856,,,1.0541160475758955,1.0541160475758955,1.0541160475758955
641755,Tyler Kinley,FIP,35,5.069879518072289,25.0,11.0,4.751224485761801,4.164742692105724,5.307351834703091
641778,Eric Lauer,K9,31,6.230769230769231,25.0,17.0,6.093088954151186,5.816793893129771,6.5549132947976885
641778,Eric Lauer,BB9,31,3.0288461538461537,25.0,15.0,3.5390738663240153,2.778537395900064,3.735706489799345
641778,Eric Lauer,HR9,31,2.25,,,1.1597233617993197,1.1597233617993197,1.1597233617993197
641778,Eric Lauer,FIP,31,6.11923076923077,25.0,10.0,5.1216723211403075,4.333956488173103,5.706824090962009
641793,Zack Littell,K9,30,5.505586592178771,25.0,17.0,5.080738721119452,4.56,5.668269230769231
641793,Zack Littell,BB9,30,2.941340782122905,25.0,20.0,3.2177648111017176,2.7104209349972064,3.733337762423598
641793,Zack Littell,HR9,30,2.2625698324022347,,,1.242260500563208,1.242260500563208,1.242260500563208
641793,Zack Littell,FIP,30,6.200558659217878,25.0,6.0,4.8240927512797676,4.171217310841319,4.746659445140358
641816,Tyler Mahle,K9,31,8.504405286343612,25.0,17.0,8.01080397811737,7.052238805970149,9.140625
641816,Tyler Mahle,BB9,31,2.7951541850220263,25.0,19.0,3.182671881641801,2.6197625698324023,3.6006876790830944
641816,Tyler Mahle,HR9,31,1.1894273127753303,,,1.0578827885339164,1.0578827885339164,1.0578827885339164
641816,Tyler Mahle,FIP,31,3.9193832599118945,25.0,20.0,4.300365825720588,3.9745145631067964,4.7381916564845525
641835,Tim Mayza,K9,34,8.727272727272727,25.0,16.0,8.104188044428964,7.394010698808234,8.920765702187719
641835,Tim Mayza,BB9,34,2.1818181818181817,25.0,15.0,2.3591183263557567,2.2776785565255127,2.508443461492368
641835,Tim Mayza,HR9,34,0.9545454545454546,,,0.9358088104024243,0.9358088104024243,0.9358088104024243
641835,Tim Mayza,FIP,34,3.312121212121212,25.0,15.0,3.596482350121547,3.3737698179682916,3.8125964916026946
641927,Bailey Ober,K9,30,6.612244897959184,25.0,17.0,6.426440696968923,5.821561338289962,6.956756756756757
641927,Bailey Ober,BB9,30,2.548469387755102,25.0,19.0,2.732064186771247,2.2753791201905003,3.071710999281093
641927,Bailey Ober,HR9,30,1.4464285714285716,,,1.18952353656375,1.18952353656375,1.18952353656375
641927,Bailey Ober,FIP,30,4.615306122448979,25.0,18.0,4.549417615264057,3.9057741659538068,4.772292745345615
642121,Cole Sulser,K9,36,9.276073619631902,25.0,16.0,8.699212842702957,7.776577412513255,9.471160925247407
642121,Cole Sulser,BB9,36,2.1533742331288344,25.0,14.0,2.545452018471283,2.201855650101167,2.692415730337079
642121,Cole Sulser,HR9,36,1.1595092024539877,,,0.9719607138793634,0.9719607138793634,0.9719607138793634
642121,Cole Sulser,FIP,36,3.431288343558282,25.0,21.0,3.6069354733657457,3.3073342736248237,3.908290155440415
642232,Ryan Yarbrough,K9,34,7.190217391304348,25.0,17.0,7.170858078731506,6.145522388059701,7.9797570850202435
642232,Ryan Yarbrough,BB9,34,3.2282608695652173,25.0,19.0,2.906080321572826,2.2989130434782608,3.373205741626794
642232,Ryan Yarbrough,HR9,34,0.4402173913043478,,,0.7384127685098597,0.7384127685098597,0.7384127685098597
642232,Ryan Yarbrough,FIP,34,3.4097826086956524,25.0,20.0,3.617034531621343,3.373775070977196,4.033495239320638
642397,Gregory Soto,K9,31,10.772727272727273,25.0,13.0,10.968016247710656,9.932142857142857,11.194160583941605
642397,Gregory Soto,BB9,31,3.6818181818181817,25.0,14.0,3.3175538987564885,2.6405632411067197,3.876847290640394
642397,Gregory Soto,HR9,31,0.6818181818181818,,,0.8440160613501975,0.8440160613501975,0.8440160613501975
642397,Gregory Soto,FIP,31,3.2363636363636363,25.0,19.0,3.5617756288565032,3.20132508902457,4.098338870431894
642528,Jonathan Loáisiga,K9,31,6.6461538461538465,25.0,19.0,5.975897337720284,5.619889286681308,6.314553666862048
642528,Jonathan Loáisiga,BB9,31,1.3846153846153846,25.0,20.0,1.9467914566256195,1.214422540450065,2.6961775710385276
642528,Jonathan Loáisiga,HR9,31,0.4153846153846154,,,0.7036136224399194,0.7036136224399194,0.7036136224399194
642528,Jonathan Loáisiga,FIP,31,2.730769230769231,25.0,21.0,3.4234290398683394,2.9454773869346735,4.031608133086876
642547,Freddy Peralta,K9,30,8.526315789473685,25.0,16.0,7.930712758991423,6.541981132075472,8.90891129032258
642547,Freddy Peralta,BB9,30,3.4433198380566803,25.0,16.0,3.3167547228712344,2.9192186264892714,3.9903789098923452
642547,Freddy Peralta,HR9,30,1.2570850202429151,,,1.071113440336002,1.071113440336002,1.071113440336002
642547,Freddy Peralta,FIP,30,4.314574898785425,25.0,17.0,4.030919199338992,3.7197604790419163,4.399107142857143
642701,Dennis Santana,K9,30,7.875,25.0,18.0,7.3075975970928875,6.478440104715193,8.417534842481505
642701,Dennis Santana,BB9,30,3.6964285714285716,25.0,14.0,4.069054077812237,3.3713733075435206,4.783583156931174
642701,Dennis Santana,HR9,30,1.6071428571428572,,,1.0534998511437463,1.0534998511437463,1.0534998511437463
642701,Dennis Santana,FIP,30,5.064285714285714,25.0,12.0,5.07920813277922,4.770541278920857,5.309369202226346
643377,Griffin Jax,K9,31,9.696594427244582,25.0,18.0,8.724980946208008,8.061632759991328,9.82914182006741
643377,Griffin Jax,BB9,31,2.8421052631578947,25.0,16.0,2.809435324314348,2.2889314195789843,3.2696425595734047
643377,Griffin Jax,HR9,31,1.2538699690402477,,,1.018116921503677,1.018116921503677,1.018116921503677
643377,Griffin Jax,FIP,31,3.7594427244582045,25.0,19.0,4.142755740569885,3.666128514915001,4.704525963994072
643511,Tyler Rogers,K9,35,5.217391304347826,25.0,18.0,4.946810278150406,4.05,5.821434844466303
643511,Tyler Rogers,BB9,35,2.217391304347826,25.0,15.0,2.3803700375629715,2.1976765953906314,2.7278321448817016
643511,Tyler Rogers,HR9,35,0.2608695652173913,,,0.5066838944111774,0.5066838944111774,0.5066838944111774
643511,Tyler Rogers,FIP,35,3.1434782608695655,25.0,18.0,3.2767438859534335,3.1538285382531286,3.5444285830818174
645261,Sandy Alcántara,K9,30,6.6201923076923075,25.0,17.0,6.333431326978636,5.821561338289962,6.378640776699029
645261,Sandy Alcántara,BB9,30,2.5528846153846154,25.0,22.0,2.895792792204515,2.4188954427925013,3.281655142610199
645261,Sandy Alcántara,HR9,30,1.0384615384615385,,,1.0352442846958583,1.0352442846958583,1.0352442846958583
645261,Sandy Alcántara,FIP,30,4.109615384615385,25.0,21.0,4.3473105565924755,3.7333333333333334,4.811729622266402
647336,Michael Soroka,K9,28,9.052941176470588,25.0,13.0,8.590737749680667,7.545454545454546,9.321428571428571
647336,Michael Soroka,BB9,28,2.223529411764706,25.0,20.0,2.5340573704469858,2.0594484566588376,2.980519480519481
647336,Michael Soroka,HR9,28,0.7941176470588236,,,0.8578481713717441,0.8578481713717441,0.8578481713717441
647336,Michael Soroka,FIP,28,3.1617647058823533,25.0,19.0,3.4692099743398286,3.1357558139534882,3.882412557542085
650556,Bryan Abreu,K9,29,12.17098445595855,25.0,20.0,10.823205068584096,10.09162381329114,11.702710843373493
650556,Bryan Abreu,BB9,29,5.875647668393783,25.0,11.0,5.446290311675782,4.75314465408805,6.010234113712375
650556,Bryan Abreu,HR9,29,1.3989637305699483,,,0.8213950248726865,0.8213950248726865,0.8213950248726865
650556,Bryan Abreu,FIP,29,4.607772020725388,25.0,15.0,4.599701603137032,4.236964713943131,4.82344512195122
650633,Mike King,K9,31,7.9805309734513274,25.0,14.0,7.418713631028977,6.91464502908514,8.127021886111162
650633,Mike King,BB9,31,3.4884955752212385,25.0,17.0,3.1660491986240245,2.671875,3.7870129870129867
650633,Mike King,HR9,31,0.9557522123893805,,,0.9940818429438679,0.9940818429438679,0.9940818429438679
650633,Mike King,FIP,31,4.076991150442478,25.0,20.0,4.347855515086673,4.0619771198682795,4.66628045013086
650644,Aaron Civale,K9,31,7.5600000000000005,25.0,15.0,7.326636938289559,6.448425196850394,7.981603315605663
650644,Aaron Civale,BB9,31,2.7415384615384615,25.0,14.0,2.610135276732709,2.316113320079523,2.9114105168574445
650644,Aaron Civale,HR9,31,1.4953846153846155,,,1.1345215010029899,1.1345215010029899,1.1345215010029899
650644,Aaron Civale,FIP,31,4.632307692307693,25.0,18.0,4.225700724407694,3.701944020105455,4.4472636738383375
650911,Cristopher Sánchez,K9,29,10.2384,25.0,19.0,9.114407749000385,8.07596685082873,10.239490035826243
650911,Cristopher Sánchez,BB9,29,2.0736,25.0,22.0,2.212257900227968,1.8391016200294548,2.6486843930635837
650911,Cristopher Sánchez,HR9,29,0.8208,,,0.9072876397472203,0.9072876397472203,0.9072876397472203
650911,Cristopher Sánchez,FIP,29,2.7880000000000003,25.0,20.0,3.33737451012719,3.046473079992633,3.64948510215076
656271,Brock Burke,K9,29,9.207373271889402,25.0,14.0,8.968825911596984,8.227485257189606,9.548512585812357
656271,Brock Burke,BB9,29,4.230414746543779,25.0,14.0,3.5296743620765736,3.0768224115226785,4.260989308675865
656271,Brock Burke,HR9,29,0.6221198156682028,,,0.7981284850941172,0.7981284850941172,0.7981284850941172
656271,Brock Burke,FIP,29,3.5285714285714285,25.0,16.0,3.622398332521379,3.3727793199167246,4.028981202924966
656288,Griffin Canning,K9,30,9.17578125,25.0,17.0,8.809975290409588,8.083832335329342,9.062937062937063
656288,Griffin Canning,BB9,30,4.32421875,25.0,12.0,3.8422185827666593,3.2927491405644025,4.268770358306189
656288,Griffin Canning,HR9,30,1.4765625,,,1.0567117012880656,1.0567117012880656,1.0567117012880656
656288,Griffin Canning,FIP,30,4.8109375,25.0,19.0,4.440944259997073,4.042800999268827,4.732443901035674
656302,Dylan Cease,K9,30,12.98390342052314,25.0,11.0,10.849578615671122,9.324113411341134,11.624480506629723
656302,Dylan Cease,BB9,30,4.237424547283703,25.0,19.0,3.9635673338804436,3.3125,4.564026497695853
656302,Dylan Cease,HR9,30,0.5975855130784709,,,0.7965552188798687,0.7965552188798687,0.7965552188798687
656302,Dylan Cease,FIP,30,2.5446680080482897,25.0,21.0,3.007227575611342,2.75052950075643,3.1277777777777778
656427,Jack Flaherty,K9,30,10.737451737451739,25.0,11.0,10.640602006660052,10.028571428571428,11.293064940205253
656427,Jack Flaherty,BB9,30,4.274131274131275,25.0,14.0,3.9056963183797473,3.3948270234986944,4.267326877762277
656427,Jack Flaherty,HR9,30,1.1467181467181469,,,0.931877215616932,0.931877215616932,0.931877215616932
656427,Jack Flaherty,FIP,30,4.038223938223938,25.0,21.0,4.144266882090209,3.8741935483870966,4.604322766570605
656464,Kevin Ginkel,K9,32,9.96923076923077,25.0,17.0,8.802218860610154,7.883509833585476,9.414746543778802
656464,Kevin Ginkel,BB9,32,2.2153846153846155,25.0,18.0,2.3869559288946793,1.939939182567591,2.7557190816448207
656464,Kevin Ginkel,HR9,32,1.2461538461538462,,,1.0292972997815533,1.0292972997815533,1.0292972997815533
656464,Kevin Ginkel,FIP,32,3.4692307692307693,25.0,20.0,3.888174025764603,3.5423570537183053,4.155738128227737
656492,Foster Griffin,K9,30,8.364705882352942,25.0,14.0,7.829083804758104,7.526588010304879,8.145585076314301
656492,Foster Griffin,BB9,30,2.3823529411764706,25.0,18.0,2.5997221995598,2.3125549438925894,2.9962191009282764
656492,Foster Griffin,HR9,30,1.2176470588235293,,,1.1536922035133415,1.1536922035133415,1.1536922035133415
656492,Foster Griffin,FIP,30,3.9705882352941178,25.0,15.0,3.9794143650572336,3.3609422387648196,4.354709545587234
656546,Jeff Hoffman,K9,33,14.418848167539268,25.0,14.0,12.449509267803396,11.80191026904859,13.122052526246353
656546,Jeff Hoffman,BB9,33,3.5340314136125657,25.0,11.0,3.529804094405895,3.2913223140495864,3.813497413603346
656546,Jeff Hoffman,HR9,33,0.5654450261780105,,,0.7824145284617938,0.7824145284617938,0.7824145284617938
656546,Jeff Hoffman,FIP,33,2.2204188481675393,25.0,21.0,3.262672885380929,2.6977653631284917,3.8334669338677356
656550,Grant Holmes,K9,30,6.92920353982301,25.0,19.0,6.848934659577811,6.2596841904398435,7.642108208955223
656550,Grant Holmes,BB9,30,3.763274336283186,25.0,18.0,3.189583715056168,2.6065565118259286,3.934615384615385
656550,Grant Holmes,HR9,30,1.3141592920353984,,,1.0974179290031087,1.0974179290031087,1.0974179290031087
656550,Grant Holmes,FIP,30,4.772566371681416,25.0,13.0,4.503577695492429,4.016666666666667,5.228491620111733
656605,Mitch Keller,K9,30,7.005830903790088,25.0,20.0,6.454875488683426,5.525711985508705,7.169930875576037
656605,Mitch Keller,BB9,30,3.306122448979592,25.0,18.0,2.7872418808383297,2.3127631578947367,2.91772476340694
656605,Mitch Keller,HR9,30,1.1807580174927115,,,1.0377528911026122,1.0377528911026122,1.0377528911026122
656605,Mitch Keller,FIP,30,4.56064139941691,25.0,17.0,4.3494914900780675,3.896,4.780497925311203
656638,Alex Lange,K9,30,9.364161849710984,25.0,17.0,9.24454590489671,8.456043956043956,10.460732984293195
656638,Alex Lange,BB9,30,5.1502890173410405,25.0,15.0,4.35435822071872,3.871514423076923,4.889423076923077
656638,Alex Lange,HR9,30,2.0289017341040463,,,0.991016327665585,0.991016327665585,0.991016327665585
656638,Alex Lange,FIP,30,5.978612716763006,25.0,11.0,4.852987729942838,4.370130345859153,5.074999999999999
656641,Jacob Latz,K9,30,10.620853080568722,25.0,17.0,10.559536853358345,9.412844036697248,11.52972972972973
656641,Jacob Latz,BB9,30,2.04739336492891,25.0,21.0,2.1420568089620713,1.712686567164179,2.5944625407166124
656641,Jacob Latz,HR9,30,0.7677725118483413,,,0.8459426388388176,0.8459426388388176,0.8459426388388176
656641,Jacob Latz,FIP,30,2.5312796208530806,25.0,21.0,2.9411828358280006,2.6763358778625954,3.0842931937172775
656730,Trevor Megill,K9,32,10.418478260869565,25.0,12.0,9.149131358325809,8.0929203539823,10.099931284971042
656730,Trevor Megill,BB9,32,1.7608695652173911,25.0,23.0,2.282062759897857,1.7518197088465843,2.5456975527598438
656730,Trevor Megill,HR9,32,0.1467391304347826,,,0.4909089472868209,0.4909089472868209,0.4909089472868209
656730,Trevor Megill,FIP,32,1.6326086956521741,25.0,18.0,3.0758712752212176,2.4095323281369794,3.6409991242530393
656794,Sean Newcomb,K9,33,8.526315789473683,25.0,18.0,8.409475174033513,7.444844319958312,9.291080420616115
656794,Sean Newcomb,BB9,33,3.1466165413533833,25.0,17.0,3.032847096459637,2.6289473684210525,3.29938900203666
656794,Sean Newcomb,HR9,33,0.5075187969924811,,,0.7519296063734611,0.7519296063734611,0.7519296063734611
656794,Sean Newcomb,FIP,33,3.2578947368421054,25.0,19.0,3.514058407664214,3.113622291021672,3.72590172175443
656848,Michael Petersen,K9,32,11.390625,25.0,17.0,10.150024807584469,9.49748743718593,10.994011976047904
656848,Michael Petersen,BB9,32,3.796875,25.0,23.0,3.544372797967772,3.095389627418151,4.037422360248447
656848,Michael Petersen,HR9,32,0.703125,,,0.7682932822554738,0.7682932822554738,0.7682932822554738
656848,Michael Petersen,FIP,32,3.0375,25.0,22.0,3.3656209464376814,3.028451309328969,3.7500425312908785
656849,David Peterson,K9,30,8.487471526195899,25.0,19.0,7.674947139373214,6.888820754716981,8.32943015721533
656849,David Peterson,BB9,30,3.9977220956719814,25.0,11.0,3.8845238492059835,3.094091265148141,4.355462165469785
656849,David Peterson,HR9,30,0.9225512528473804,,,0.9160558221919602,0.9160558221919602,0.9160558221919602
656849,David Peterson,FIP,30,3.9610478359908883,25.0,14.0,4.297419643049956,3.737277592940836,4.7490486257928115
656876,Drew Rasmussen,K9,30,9.373584905660378,25.0,17.0,8.95866353762848,7.731818181818182,10.455882352941176
656876,Drew Rasmussen,BB9,30,1.7320754716981133,25.0,21.0,2.2174187461008543,1.653061224489796,2.7303370786516856
656876,Drew Rasmussen,HR9,30,0.7132075471698114,,,0.8597367239757673,0.8597367239757673,0.8597367239757673
656876,Drew Rasmussen,FIP,30,2.7433962264150944,25.0,22.0,3.3835068720122607,2.991644686463031,3.8046230220291655
656945,Tanner Scott,K9,31,11.714285714285714,25.0,18.0,9.90476336006259,8.472426470588236,11.037380382775119
656945,Tanner Scott,BB9,31,1.5714285714285714,25.0,18.0,1.964919360120159,1.6247103215430871,2.2122557453606984
656945,Tanner Scott,HR9,31,0.7142857142857143,,,0.7641903846101331,0.7641903846101331,0.7641903846101331
656945,Tanner Scott,FIP,31,2.1,25.0,19.0,3.0796282834218602,2.581600305953342,3.6131567470124732
657097,Jacob Webb,K9,32,9.954545454545455,25.0,17.0,8.908289952148372,8.015625,9.414746543778802
657097,Jacob Webb,BB9,32,3.409090909090909,25.0,10.0,3.2712729851119198,2.8703849175176748,3.5253994772885173
657097,Jacob Webb,HR9,32,1.3636363636363635,,,0.9420302777292466,0.9420302777292466,0.9420302777292466
657097,Jacob Webb,FIP,32,4.039393939393939,25.0,16.0,4.246189985194597,3.9573000646861147,4.5455677028451005
657277,Logan Webb,K9,29,7.632911392405063,25.0,17.0,7.096510493694131,6.571428571428571,7.952314165497897
657277,Logan Webb,BB9,29,2.3354430379746836,25.0,20.0,2.646447530469209,2.3838018651169075,2.9414116781559088
657277,Logan Webb,HR9,29,0.740506329113924,,,0.8492517118627758,0.8492517118627758,0.8492517118627758
657277,Logan Webb,FIP,29,3.4607594936708863,25.0,14.0,3.8721705185933275,3.633966033966034,3.9272975677339903
657514,Brennan Bernardino,K9,34,7.30939226519337,25.0,18.0,6.8512200495062565,5.914738430583501,7.5809283088235295
657514,Brennan Bernardino,BB9,34,2.0883977900552484,25.0,17.0,2.4409081909657893,1.9008620689655173,2.748502994011976
657514,Brennan Bernardino,HR9,34,0.7458563535911602,,,0.8464496080247745,0.8464496080247745,0.8464496080247745
657514,Brennan Bernardino,FIP,34,3.4977900552486187,25.0,16.0,3.868612659242339,3.299193548387097,4.345165990627338
657612,Tim Hill,K9,36,3.9244186046511627,25.0,14.0,3.6858383196263778,3.0371720116618075,4.203784598004143
657612,Tim Hill,BB9,36,1.7267441860465116,25.0,16.0,2.068998347605147,1.7573611001030356,2.4287624140565316
657612,Tim Hill,HR9,36,1.8837209302325582,,,1.0995279532339277,1.0995279532339277,1.0995279532339277
657612,Tim Hill,FIP,36,5.890697674418605,25.0,7.0,4.499567684952779,4.0585585318049535,4.947620369303602
657746,Joe Ryan,K9,30,10.101176470588236,25.0,14.0,9.222151493426468,8.010230179028133,10.321350626675812
657746,Joe Ryan,BB9,30,1.9694117647058824,25.0,20.0,2.7176162172371443,2.046474019088017,3.2232873601189245
657746,Joe Ryan,HR9,30,1.3341176470588236,,,1.0614649268196323,1.0614649268196323,1.0614649268196323
657746,Joe Ryan,FIP,30,3.7141176470588237,25.0,19.0,3.862940996295636,3.5345428156748913,4.073941810930844
660271,Shohei Ohtani,K9,31,10.138339920948617,25.0,17.0,8.995819322601873,7.9411764705882355,9.714285714285714
660271,Shohei Ohtani,BB9,31,2.774703557312253,25.0,14.0,3.0806515480624563,2.302119129438717,3.390779220779221
660271,Shohei Ohtani,HR9,31,0.42687747035573126,,,0.7008167486233632,0.7008167486233632,0.7008167486233632
660271,Shohei Ohtani,FIP,31,2.60197628458498,25.0,16.0,3.175845957498403,2.489968933243926,3.9199685534591198
660761,José Suarez,K9,28,9.411428571428571,25.0,16.0,8.644045159263744,7.57532363051269,9.529248426508701
660761,José Suarez,BB9,28,4.011428571428572,25.0,17.0,3.8099569862673963,3.089788732394366,4.483394833948339
660761,José Suarez,HR9,28,0.9257142857142857,,,0.884867906115458,0.884867906115458,0.884867906115458
660761,José Suarez,FIP,28,3.837142857142857,25.0,19.0,3.981274311221449,3.609730288139379,4.389914656839828
660825,Eduard Bazardo,K9,30,9.742268041237113,25.0,18.0,8.674110095197332,7.706777493606138,9.21903992763923
660825,Eduard Bazardo,BB9,30,3.2010309278350513,25.0,16.0,3.4436375890610433,2.894042056074766,4.067428886766029
660825,Eduard Bazardo,HR9,30,1.8092783505154637,,,1.002767385903784,1.002767385903784,1.002767385903784
660825,Eduard Bazardo,FIP,30,4.7082474226804125,25.0,16.0,4.76490368729965,4.30362218103182,5.422447541497025
660853,Enyel De Los Santos,K9,30,8.697115384615385,25.0,14.0,8.138604103625088,7.230041101008843,8.939249982426954
660853,Enyel De Los Santos,BB9,30,2.466346153846154,25.0,20.0,2.8514104719263265,2.2609625668449196,3.411245874868166
660853,Enyel De Los Santos,HR9,30,1.4278846153846154,,,1.0319335047212468,1.0319335047212468,1.0319335047212468
660853,Enyel De Los Santos,FIP,30,4.095192307692308,25.0,22.0,4.319316722652496,4.009119106699752,4.697866875139602
661395,Jhoan Durán,K9,28,12.629032258064516,25.0,16.0,12.070866504337076,10.951538852664953,12.420692815249268
661395,Jhoan Durán,BB9,28,1.3064516129032258,25.0,20.0,2.1097589581041603,1.7244070541547933,2.327771739130435
661395,Jhoan Durán,HR9,28,0.43548387096774194,,,0.7325865393840207,0.7325865393840207,0.7325865393840207
661395,Jhoan Durán,FIP,28,1.6,25.0,16.0,2.6419394606068733,2.10970688998858,3.092695605413318
662253,Andrés Muñoz,K9,27,14.218934911242602,25.0,17.0,13.355684257218462,12.552631578947368,14.241758241758243
662253,Andrés Muñoz,BB9,27,3.834319526627219,25.0,15.0,3.894383705340536,3.297023977795482,4.106998264893002
662253,Andrés Muñoz,HR9,27,1.4378698224852071,,,0.9366902470917015,0.9366902470917015,0.9366902470917015
662253,Andrés Muñoz,FIP,27,3.3485207100591716,25.0,18.0,3.8157317490409266,3.461595998627031,4.355245672320336
663372,Ryan Feltner,K9,29,6.99718309859155,25.0,21.0,6.815574074697731,5.811989100817439,7.359454855195912
663372,Ryan Feltner,BB9,29,4.030985915492958,25.0,16.0,3.63446804024466,3.380952640174197,3.991133188661332
663372,Ryan Feltner,HR9,29,1.5211267605633803,,,1.1477783842262574,1.1477783842262574,1.1477783842262574
663372,Ryan Feltner,FIP,29,5.136619718309859,25.0,13.0,4.922060198784807,4.403448275862069,5.3197309417040355
663436,Davis Martin,K9,29,7.678321678321678,25.0,16.0,7.3825849105923185,6.751492890995261,8.124692929233136
663436,Davis Martin,BB9,29,2.895104895104895,25.0,21.0,2.976559991781733,2.229357798165138,3.3896103896103895
663436,Davis Martin,HR9,29,0.8811188811188811,,,0.9100313547672088,0.9100313547672088,0.9100313547672088
663436,Davis Martin,FIP,29,3.8412587412587413,25.0,22.0,4.097664874700246,3.8399789029535865,4.4190306393158085
663460,Kris Bubic,K9,28,9.333333333333334,25.0,19.0,8.961642266099389,7.931281761716544,9.719999999999999
663460,Kris Bubic,BB9,28,4.333333333333333,25.0,16.0,3.9606116951210817,2.790943643512451,4.935556357937434
663460,Kris Bubic,HR9,28,0.6666666666666666,,,0.8544767263866861,0.8544767263866861,0.8544767263866861
663460,Kris Bubic,FIP,28,3.5444444444444443,25.0,20.0,3.95856802966885,3.295852685545339,4.2044721485411145
663542,Bryan Hudson,K9,29,8.657608695652174,25.0,18.0,8.49180883461035,7.705409223477944,9.1391065830721
663542,Bryan Hudson,BB9,29,2.3478260869565215,25.0,18.0,2.6077358126612675,2.1562114328641186,2.898493043136913
663542,Bryan Hudson,HR9,29,0.733695652173913,,,0.8484297579109471,0.8484297579109471,0.8484297579109471
663542,Bryan Hudson,FIP,29,3.214130434782609,25.0,19.0,3.377122352199091,3.1439024390243904,3.5716593589034096
663554,Casey Mize,K9,29,7.92,25.0,16.0,7.550294086923927,6.516714593817398,8.26517085624509
663554,Casey Mize,BB9,29,2.736,25.0,22.0,2.7174914156272014,2.44054754772427,3.005801968731905
663554,Casey Mize,HR9,29,1.296,,,1.0849137763099108,1.0849137763099108,1.0849137763099108
663554,Casey Mize,FIP,29,4.196,25.0,16.0,4.218867227048499,3.8039547203626585,4.4026690546515255
663556,Shane McClanahan,K9,29,8.20057306590258,25.0,18.0,8.204293299187913,7.203538473882693,9.232758620689655
663556,Shane McClanahan,BB9,29,3.017191977077364,25.0,17.0,3.0894608876854104,2.4285714285714284,3.2586206896551726
663556,Shane McClanahan,HR9,29,0.7736389684813754,,,0.8599201582705515,0.8599201582705515,0.8599201582705515
663556,Shane McClanahan,FIP,29,3.5040114613180515,25.0,19.0,3.8629737638414516,3.4299841855561413,4.195407891229006
663558,Jovani Morán,K9,29,10.319371727748692,25.0,17.0,10.399725210731612,10.035398230088497,11.045454545454547
663558,Jovani Morán,BB9,29,4.382198952879581,25.0,17.0,4.099491098609743,2.953125,4.976958525345623
663558,Jovani Morán,HR9,29,1.2722513089005236,,,0.9024851707424286,0.9024851707424286,0.9024851707424286
663558,Jovani Morán,FIP,29,4.199476439790576,25.0,17.0,4.177730393413923,3.8365269461077847,4.425454545454546
663567,Peter Lambert,K9,29,9.09719222462203,25.0,16.0,8.224875988721896,7.431403901503038,8.802614996849401
663567,Peter Lambert,BB9,29,3.5572354211663066,25.0,16.0,3.4537579086080665,2.945740582191781,3.9210941126411885
663567,Peter Lambert,HR9,29,0.9913606911447084,,,0.9804239616732419,0.9804239616732419,0.9804239616732419
663567,Peter Lambert,FIP,29,3.9293736501079914,25.0,21.0,4.117114936294207,3.656179775280899,4.392079207920792
663568,Stephen Kolek,K9,29,5.7375,25.0,16.0,5.658374920976499,4.8096296598417485,6.43524585912376
663568,Stephen Kolek,BB9,29,2.025,25.0,15.0,2.478344577130543,1.954033430232558,2.7754343602029845
663568,Stephen Kolek,HR9,29,1.3499999999999999,,,1.0518287060464921,1.0518287060464921,1.0518287060464921
663568,Stephen Kolek,FIP,29,4.5625,25.0,18.0,4.245123325422989,3.8150137362637366,4.6502108127629915
663623,Jake Irvin,K9,29,9.54983922829582,25.0,13.0,9.185413779883197,8.329787234042554,9.737704918032787
663623,Jake Irvin,BB9,29,4.167202572347267,25.0,14.0,3.847116961590088,3.332355785729885,4.406430900259498
663623,Jake Irvin,HR9,29,1.7363344051446945,,,1.0225466789035311,1.0225466789035311,1.0225466789035311
663623,Jake Irvin,FIP,29,5.135369774919614,25.0,13.0,4.9504222942857945,4.403448275862069,5.3197309417040355
663687,Hogan Harris,K9,29,11.368421052631579,25.0,13.0,9.966371828674541,9.75392670157068,10.053191489361703
663687,Hogan Harris,BB9,29,5.167464114832535,25.0,13.0,4.407930680558055,3.946153846153846,4.733067729083665
663687,Hogan Harris,HR9,29,1.033492822966507,,,0.8083217333718287,0.8083217333718287,0.8083217333718287
663687,Hogan Harris,FIP,29,4.004306220095694,25.0,18.0,4.406898302591653,4.059621944543723,4.625424634909597
663738,Daniel Lynch,K9,29,5.952755905511811,25.0,20.0,5.5952284381060995,4.922858063537797,6.347664365147256
663738,Daniel Lynch,BB9,29,2.763779527559055,25.0,19.0,2.8468499549846227,2.5329365029479423,3.117272727272727
663738,Daniel Lynch,HR9,29,1.169291338582677,,,0.9684566647684453,0.9684566647684453,0.9684566647684453
663738,Daniel Lynch,FIP,29,4.529133858267716,25.0,18.0,4.489453011990411,4.036183130948474,4.748331447963801
663767,Chase Shugart,K9,29,10.411764705882353,25.0,18.0,10.16886225944311,9.311605415860736,11.045454545454545
663767,Chase Shugart,BB9,29,3.3529411764705883,25.0,12.0,3.373618559025084,3.128327205882353,3.7185388244294275
663767,Chase Shugart,HR9,29,1.7647058823529411,,,0.9176045816554067,0.9176045816554067,0.9176045816554067
663767,Chase Shugart,FIP,29,4.688235294117647,25.0,19.0,4.411594010086025,4.154028542532869,4.867973143300368
663776,Patrick Sandoval,K9,29,9.757425742574258,25.0,18.0,8.783999315333133,7.914899352983465,9.233410075839654
663776,Patrick Sandoval,BB9,29,4.2772277227722775,25.0,16.0,3.795320533765686,3.4726973684210525,4.328212866059394
663776,Patrick Sandoval,HR9,29,0.9356435643564357,,,0.9053764144787732,0.9053764144787732,0.9053764144787732
663776,Patrick Sandoval,FIP,29,3.7980198019801983,25.0,21.0,4.06357400490992,3.837864077669903,4.467170626349892
663855,Jordan Hicks,K9,29,12.516556291390728,25.0,18.0,11.040633753720037,10.62717000189382,11.900009156670635
663855,Jordan Hicks,BB9,29,5.364238410596026,25.0,14.0,4.378894026328658,3.8510433328486258,5.021677004873727
663855,Jordan Hicks,HR9,29,0.7152317880794702,,,0.8194661136137334,0.8194661136137334,0.8194661136137334
663855,Jordan Hicks,FIP,29,3.199337748344371,25.0,18.0,3.751195062373267,3.2069174866841204,4.253220559531555
663903,Brady Singer,K9,29,7.509933774834437,25.0,22.0,7.518550520906022,6.741875455322923,8.289813670500997
663903,Brady Singer,BB9,29,3.6953642384105962,25.0,16.0,3.71350698843619,3.0192401708522025,4.257811780947998
663903,Brady Singer,HR9,29,1.9072847682119205,,,1.2469277585985092,1.2469277585985092,1.2469277585985092
663903,Brady Singer,FIP,29,5.715894039735099,25.0,16.0,4.899732475235842,4.361035245580301,5.331789949181253
663947,Tyler Holton,K9,30,7.037914691943128,25.0,18.0,6.901574884363744,6.161139887021964,7.300064166131949
663947,Tyler Holton,BB9,30,2.431279620853081,25.0,23.0,2.6696533810259386,2.2247684272763104,2.885300842241026
663947,Tyler Holton,HR9,30,1.023696682464455,,,0.9572737229134356,0.9572737229134356,0.9572737229134356
663947,Tyler Holton,FIP,30,4.081042654028436,25.0,18.0,4.18617172311562,3.887584143605086,4.375114345114345
663969,Tyler Phillips,K9,28,7.310991957104558,25.0,18.0,7.05433168910543,6.194292707438445,7.746283876894809
663969,Tyler Phillips,BB9,28,4.053619302949062,25.0,13.0,3.7361200292181422,3.457765667574932,4.223762376237624
663969,Tyler Phillips,HR9,28,1.2305630026809653,,,1.0744136550393475,1.0744136550393475,1.0744136550393475
663969,Tyler Phillips,FIP,28,4.676407506702413,25.0,16.0,4.364126955571079,4.066480320079542,4.6519145256917
663978,Chris Paddack,K9,30,6.545454545454546,25.0,19.0,6.13221671842025,5.317965420710724,7.003436301815814
663978,Chris Paddack,BB9,30,3.109090909090909,25.0,19.0,3.118185867574623,2.7397058823529417,3.469062351261304
663978,Chris Paddack,HR9,30,1.4727272727272727,,,1.0620662443150792,1.0620662443150792,1.0620662443150792
663978,Chris Paddack,FIP,30,4.918181818181818,25.0,11.0,5.085578151856013,4.642503479817061,5.601923076923077
664141,JT Brubaker,K9,32,6.051724137931035,25.0,18.0,6.187271803568218,5.466000946089497,6.805472867112947
664141,JT Brubaker,BB9,32,4.0344827586206895,25.0,18.0,3.955042195600795,3.1166608146067416,4.731792994260836
664141,JT Brubaker,HR9,32,0.7758620689655172,,,0.8333156618195021,0.8333156618195021,0.8333156618195021
664141,JT Brubaker,FIP,32,4.324137931034483,25.0,16.0,4.207932496609828,3.850208188757807,4.5574360523136725
664199,Taylor Clarke,K9,33,5.841346153846154,25.0,22.0,5.624838065658148,4.852168102168102,6.420750691881919
664199,Taylor Clarke,BB9,33,1.5576923076923077,25.0,14.0,1.9339009143196348,1.606262312238365,2.3319174757281553
664199,Taylor Clarke,HR9,33,0.9086538461538463,,,0.8614998275040779,0.8614998275040779,0.8614998275040779
664199,Taylor Clarke,FIP,33,3.8067307692307693,25.0,18.0,4.057837801507679,3.765265357698289,4.325484215342382
664285,Framber Valdez,K9,32,7.105263157894737,25.0,19.0,6.7443512718528424,5.47748031496063,7.79717830698419
664285,Framber Valdez,BB9,32,3.526315789473684,25.0,15.0,3.2538555919217713,2.8368443167493784,3.7090486708567307
664285,Framber Valdez,HR9,32,0.8421052631578947,,,0.9408541171369397,0.9408541171369397,0.9408541171369397
664285,Framber Valdez,FIP,32,4.158479532163743,25.0,13.0,4.338952000716334,4.089361702127659,4.767953667953668
664299,Cristian Javier,K9,29,8.47340425531915,25.0,18.0,8.022706025623421,6.885284810126582,8.993988915731135
664299,Cristian Javier,BB9,29,4.021276595744681,25.0,13.0,3.532897142842783,2.7931034482758617,3.9130434782608696
664299,Cristian Javier,HR9,29,1.4361702127659575,,,0.9947428024101262,0.9947428024101262,0.9947428024101262
664299,Cristian Javier,FIP,29,4.727659574468085,25.0,17.0,4.293153109574239,3.927922077922078,5.00909090909091
664991,Grant Wolfram,K9,29,10.90728476821192,25.0,15.0,10.333219055926037,9.966265240481711,10.846177912191052
664991,Grant Wolfram,BB9,29,2.682119205298013,25.0,20.0,2.9074261543067252,2.6196354130884285,3.243433650059612
664991,Grant Wolfram,HR9,29,0.5364238410596026,,,0.792938078582831,0.792938078582831,0.792938078582831
664991,Grant Wolfram,FIP,29,2.5834437086092716,25.0,19.0,3.3301110637548845,2.7870564869525882,3.7428687202364874
665152,Dean Kremer,K9,30,8.795454545454545,25.0,12.0,8.984416338269268,7.739063933924748,10.489290619813428
665152,Dean Kremer,BB9,30,2.965909090909091,25.0,19.0,3.0009078242983054,2.4750547841384916,3.192142610646191
665152,Dean Kremer,HR9,30,1.8409090909090908,,,1.018742900286119,1.018742900286119,1.018742900286119
665152,Dean Kremer,FIP,30,4.827272727272727,25.0,15.0,4.4973582638560154,4.090198814091385,4.81089779785432
665622,Luis Medina,K9,27,11.957142857142857,25.0,19.0,11.000994595113843,9.765466395982477,11.867140436746988
665622,Luis Medina,BB9,27,4.628571428571429,25.0,10.0,3.87708417401097,3.053782472166714,4.107026646732917
665622,Luis Medina,HR9,27,0.9,,,0.8200704260040791,0.8200704260040791,0.8200704260040791
665622,Luis Medina,FIP,27,3.4571428571428573,25.0,18.0,3.7471550595051832,3.590399897696341,3.933928568038981
665660,Elvis Alvarado,K9,27,10.900621118012422,25.0,21.0,9.606383553415952,8.539534883720929,10.53
665660,Elvis Alvarado,BB9,27,3.857142857142857,25.0,11.0,3.4693393865621336,3.3191467715680956,3.9943181818181817
665660,Elvis Alvarado,HR9,27,1.6770186335403727,,,0.91836686291338,0.91836686291338,0.91836686291338
665660,Elvis Alvarado,FIP,27,4.497515527950311,25.0,11.0,4.534142530469368,4.345586344348721,4.706363636363636
665795,Edward Cabrera,K9,28,8.334782608695651,25.0,16.0,7.078983173236361,6.024931318681318,7.76216950194712
665795,Edward Cabrera,BB9,28,4.226086956521739,25.0,15.0,3.8509562375525435,3.2726272015655575,4.451103565365026
665795,Edward Cabrera,HR9,28,1.8782608695652172,,,0.9748898841781022,0.9748898841781022,0.9748898841781022
665795,Edward Cabrera,FIP,28,5.447826086956521,25.0,11.0,4.567938831770342,4.094148132152883,4.8689887159810485
665871,Javier Assad,K9,28,6.193548387096774,25.0,17.0,6.307559458223893,5.237458193979933,6.964285714285714
665871,Javier Assad,BB9,28,2.6129032258064515,25.0,13.0,3.0180663043244413,2.3911439114391144,3.708154506437768
665871,Javier Assad,HR9,28,1.5483870967741935,,,1.1176553815016514,1.1176553815016514,1.1176553815016514
665871,Javier Assad,FIP,28,4.927956989247312,25.0,19.0,4.674077148481499,4.086667540210305,5.1779754572159575
666157,Nick Lodolo,K9,28,7.205787781350482,25.0,18.0,7.055140212291872,6.0551291312985365,8.026582792207792
666157,Nick Lodolo,BB9,28,3.993569131832797,25.0,20.0,3.687702159186492,3.0829493087557607,4.250160735221814
666157,Nick Lodolo,HR9,28,1.7363344051446945,,,1.1445167564032899,1.1445167564032899,1.1445167564032899
666157,Nick Lodolo,FIP,28,5.829903536977492,25.0,14.0,4.791041277902463,4.284735334130354,5.223674095703474
666171,Ryan Zeferjahn,K9,28,12.461538461538462,25.0,18.0,11.397454003792948,10.757443967453701,11.942583431158813
666171,Ryan Zeferjahn,BB9,28,4.543269230769231,25.0,15.0,3.874700472460245,3.380232558139535,4.457516631442767
666171,Ryan Zeferjahn,HR9,28,0.9086538461538463,,,0.8209257200765034,0.8209257200765034,0.8209257200765034
666171,Ryan Zeferjahn,FIP,28,3.5471153846153847,25.0,20.0,3.831663447404979,3.350902957612103,4.1688970588235295
666200,Jesús Luzardo,K9,28,11.41340782122905,25.0,15.0,10.440153845216878,10.007416119846479,10.91382042253521
666200,Jesús Luzardo,BB9,28,2.664804469273743,25.0,15.0,2.73020774853458,1.9378293413173653,3.010778677815521
666200,Jesús Luzardo,HR9,28,0.7541899441340782,,,0.8097970250685942,0.8097970250685942,0.8097970250685942
666200,Jesús Luzardo,FIP,28,2.7592178770949722,25.0,21.0,3.5840496704916505,3.2682242990654204,3.972448979591837
666277,George Soriano,K9,27,9.28125,25.0,19.0,8.581290160744631,8.075487316421896,9.118821523047258
666277,George Soriano,BB9,27,4.640625,25.0,10.0,3.8343319446611495,3.4605891284127592,4.101630808313685
666277,George Soriano,HR9,27,1.40625,,,1.0158543900458923,1.0158543900458923,1.0158543900458923
666277,George Soriano,FIP,27,4.75625,25.0,15.0,4.52561539633911,4.254345878136201,4.7493083400160385
666661,Juan Morillo,K9,27,10.627659574468085,25.0,15.0,9.92968774193736,8.989210789210789,10.946438208310846
666661,Juan Morillo,BB9,27,3.1595744680851063,25.0,16.0,3.298849777956937,2.9436138186138185,3.927329298756914
666661,Juan Morillo,HR9,27,0.4308510638297873,,,0.7283438381487626,0.7283438381487626,0.7283438381487626
666661,Juan Morillo,FIP,27,2.6531914893617023,25.0,21.0,3.2168917685527614,2.649222797927461,3.5615384615384618
666808,Camilo Doval,K9,28,10.48235294117647,25.0,18.0,10.200518703336359,9.08731506184817,11.30573708206687
666808,Camilo Doval,BB9,28,4.923529411764706,25.0,11.0,4.329784772723661,4.010694534808068,4.826930391783948
666808,Camilo Doval,HR9,28,1.111764705882353,,,0.9247690458071861,0.9247690458071861,0.9247690458071861
666808,Camilo Doval,FIP,28,4.176470588235294,25.0,17.0,4.382994619361838,3.904469273743017,4.678199052132702
667297,Tommy Nance,K9,35,10.736842105263158,25.0,15.0,10.150035016940672,9.07826268048871,11.054087711621959
667297,Tommy Nance,BB9,35,3.473684210526316,25.0,16.0,3.271667910952289,2.7399397903491294,3.4501856435643568
667297,Tommy Nance,HR9,35,1.263157894736842,,,0.8999274998550704,0.8999274998550704,0.8999274998550704
667297,Tommy Nance,FIP,35,3.749122807017544,25.0,13.0,4.146974604729154,3.989952153110048,4.31726618705036
667755,José Soriano,K9,27,8.80888030888031,25.0,16.0,8.50852899694926,7.4277900998084485,9.470818162347399
667755,José Soriano,BB9,27,3.752895752895753,25.0,18.0,3.5607185980312557,2.931300264697829,4.183314606741573
667755,José Soriano,HR9,27,0.9382239382239382,,,0.9474191101209101,0.9474191101209101,0.9474191101209101
667755,José Soriano,FIP,27,3.905019305019305,25.0,22.0,3.9876097040664518,3.5118455074337427,4.533647919876733
668678,Zac Gallen,K9,30,5.592233009708738,25.0,20.0,5.773282058808153,4.796103896103896,6.8965112111195195
668678,Zac Gallen,BB9,30,2.970873786407767,25.0,19.0,3.2014362174487823,2.728476441591196,3.4671242933705306
668678,Zac Gallen,HR9,30,1.6601941747572815,,,1.1420528977460365,1.1420528977460365,1.1420528977460365
668678,Zac Gallen,FIP,30,5.362135922330097,25.0,10.0,5.213163628394156,4.582092696629213,5.3566964285714285
668909,Gavin Williams,K9,26,12.42300556586271,25.0,20.0,11.31542022702194,10.781478076379067,12.52262443438914
668909,Gavin Williams,BB9,26,3.055658627087199,25.0,18.0,3.140972094995977,2.661066645698489,3.6353479315159087
668909,Gavin Williams,HR9,26,1.4025974025974026,,,1.0491824178776417,1.0491824178776417,1.0491824178776417
668909,Gavin Williams,FIP,26,3.4840445269016698,25.0,16.0,3.8423383487722855,3.4470377222195845,4.041578089917371
668941,JoJo Romero,K9,29,8.783132530120481,25.0,14.0,8.828616377196399,7.693176012782747,9.850638353309016
668941,JoJo Romero,BB9,29,2.602409638554217,25.0,20.0,2.770417002637354,2.180484979855988,2.9999035245690764
668941,JoJo Romero,HR9,29,1.1385542168674698,,,0.9850378856394101,0.9850378856394101,0.9850378856394101
668941,JoJo Romero,FIP,29,3.8771084337349397,25.0,22.0,3.990033994370849,3.6302773789852916,4.112696205773664
668964,Tobias Myers,K9,27,7.188311688311688,25.0,19.0,7.110877646273595,6.366553595658074,7.857585139318886
668964,Tobias Myers,BB9,27,2.6298701298701297,25.0,16.0,2.7217263902457325,2.207997428643355,3.003208556149733
668964,Tobias Myers,HR9,27,1.577922077922078,,,1.1251966208059507,1.1251966208059507,1.1251966208059507
668964,Tobias Myers,FIP,27,4.658441558441559,25.0,20.0,4.2111140637496,3.8566423715318185,4.7130414585994655
668984,Casey Legumina,K9,29,7.208737864077669,25.0,20.0,7.220577091162207,6.146288801009155,8.225464569445712
668984,Casey Legumina,BB9,29,2.0970873786407767,25.0,22.0,2.6999017167337582,1.8941947302576148,3.0885336149098883
668984,Casey Legumina,HR9,29,0.9174757281553397,,,0.8905204856938456,0.8905204856938456,0.8905204856938456
668984,Casey Legumina,FIP,29,3.8718446601941747,25.0,21.0,4.2808085112020295,3.667870485678705,4.7
669020,Ryan Rolison,K9,28,8.31891891891892,25.0,20.0,7.651251323910536,6.610539974049306,8.377762370256466
669020,Ryan Rolison,BB9,28,3.9405405405405407,25.0,13.0,3.9222867185905264,3.2282608695652173,4.323390894819466
669020,Ryan Rolison,HR9,28,0.8756756756756757,,,0.875894805523252,0.875894805523252,0.875894805523252
669020,Ryan Rolison,FIP,28,3.82972972972973,25.0,20.0,3.9532878209321716,3.741071428571429,4.206176823247285
669022,MacKenzie Gore,K9,27,9.193737769080235,25.0,14.0,8.517735674456684,8.187687928769522,9.564478368756069
669022,MacKenzie Gore,BB9,27,3.6457925636007826,25.0,17.0,3.3126197342690675,2.547169811320755,3.942857142857143
669022,MacKenzie Gore,HR9,27,1.0039138943248531,,,0.9870213911079878,0.9870213911079878,0.9870213911079878
669022,MacKenzie Gore,FIP,27,3.84559686888454,25.0,21.0,4.083780064870025,3.936935166994106,4.1964467005076145
669062,Erik Miller,K9,28,13.231788079470197,25.0,14.0,12.162908081067517,11.834101382488479,13.315021349818366
669062,Erik Miller,BB9,28,5.543046357615894,25.0,11.0,4.364864817499133,3.430032911289116,5.042096219931272
669062,Erik Miller,HR9,28,0.7152317880794702,,,0.6499883742124669,0.6499883742124669,0.6499883742124669
669062,Erik Miller,FIP,28,3.33841059602649,25.0,18.0,3.9499319974764546,3.429704075935232,4.307139095946397
669084,DL Hall,K9,27,9.494505494505495,25.0,17.0,9.04014792327346,8.363288718929255,9.529411764705882
669084,DL Hall,BB9,27,5.489010989010989,25.0,11.0,4.667814968657619,3.863530577807331,5.366883116883116
669084,DL Hall,HR9,27,0.7417582417582418,,,0.8444740641858521,0.8444740641858521,0.8444740641858521
669084,DL Hall,FIP,27,3.99010989010989,25.0,20.0,4.130238244212614,3.7209402626384,4.412786259541985
669160,Dustin May,K9,28,9.213270142180095,25.0,15.0,9.145035636416688,8.722982551014205,10.128502526412493
669160,Dustin May,BB9,28,3.199052132701422,25.0,17.0,3.2466471500811886,2.7723214285714284,3.65625
669160,Dustin May,HR9,28,0.8957345971563981,,,0.9080129535597639,0.9080129535597639,0.9080129535597639
669160,Dustin May,FIP,28,3.6473933649289103,25.0,18.0,3.9682729728280015,3.6116307608399234,4.229907316947759
669194,Ryne Nelson,K9,28,6.88030888030888,25.0,21.0,6.618775394715369,6.026785714285714,7.026315789473684
669194,Ryne Nelson,BB9,28,2.397683397683398,25.0,20.0,2.709891614635654,2.164570905500473,3.3768205847448485
669194,Ryne Nelson,HR9,28,1.8764478764478765,,,1.1903956158787699,1.1903956158787699,1.1903956158787699
669194,Ryne Nelson,FIP,28,5.254440154440155,25.0,12.0,4.8554551648668,4.315052244474499,5.679437371963711
669199,Lake Bachar,K9,31,9.80859375,25.0,18.0,8.789021380884007,8.023425787106447,9.240722254844393
669199,Lake Bachar,BB9,31,3.69140625,25.0,15.0,3.977816898521301,3.068035714285714,4.931636891027754
669199,Lake Bachar,HR9,31,1.37109375,,,1.0229289079999215,1.0229289079999215,1.0229289079999215
669199,Lake Bachar,FIP,31,4.30703125,25.0,13.0,4.51337849969504,4.268896321070234,4.782926829268293
669276,Dylan Lee,K9,31,10.611940298507463,25.0,15.0,10.567972835411334,9.474279161205768,11.479588791245234
669276,Dylan Lee,BB9,31,2.1492537313432836,25.0,19.0,2.668009312607263,2.1222895408163267,3.2957432126452897
669276,Dylan Lee,HR9,31,0.6716417910447762,,,0.820593975041258,0.820593975041258,0.820593975041258
669276,Dylan Lee,FIP,31,2.428358208955224,25.0,18.0,3.128979969909489,2.3232075556353196,3.5668052535699597
669302,Logan Gilbert,K9,29,10.25,25.0,17.0,9.191533834053118,8.651933701657459,9.97159090909091
669302,Logan Gilbert,BB9,29,2.35,25.0,16.0,2.87631158653699,2.161885832334687,3.0822932618683003
669302,Logan Gilbert,HR9,29,1.45,,,1.1157001810924092,1.1157001810924092,1.1157001810924092
669302,Logan Gilbert,FIP,29,3.816666666666667,25.0,21.0,4.033552989553104,3.775182481751825,4.2476510067114095
669330,Tyler Wells,K9,31,9.391304347826088,25.0,14.0,8.829681044433327,8.309216468463044,8.9775
669330,Tyler Wells,BB9,31,2.217391304347826,25.0,19.0,2.403802104892192,1.7770835290801466,3.054516806722689
669330,Tyler Wells,HR9,31,1.0434782608695652,,,0.946178121692096,0.946178121692096,0.946178121692096
669330,Tyler Wells,FIP,31,3.346376811594203,25.0,18.0,3.7184478679422677,3.23728783592645,4.1269417848302865
669358,Shane Baz,K9,27,8.027027027027028,25.0,17.0,8.029956877356483,6.923076923076923,8.937282229965156
669358,Shane Baz,BB9,27,3.2316602316602316,25.0,15.0,2.9692286352324,2.574065528380249,3.3134319020707776
669358,Shane Baz,HR9,27,0.7818532818532818,,,0.8757759236944608,0.8757759236944608,0.8757759236944608
669358,Shane Baz,FIP,27,3.6270270270270273,25.0,20.0,3.8420745757173407,3.572900353750149,4.122875816993464
669372,J. T. Ginn,K9,27,8.086633663366337,25.0,17.0,7.885864349573304,7.1208791208791204,8.633720930232558
669372,J. T. Ginn,BB9,27,3.742574257425743,25.0,17.0,3.2831897790676385,2.69208211143695,3.5806451612903225
669372,J. T. Ginn,HR9,27,1.1361386138613863,,,1.0414637736235584,1.0414637736235584,1.0414637736235584
669372,J. T. Ginn,FIP,27,4.392079207920792,25.0,18.0,4.074538314323881,3.7509269868441035,4.3619943059648
669373,Tarik Skubal,K9,29,10.766528925619834,25.0,11.0,10.302567810541701,10.028571428571428,10.741515522421274
669373,Tarik Skubal,BB9,29,1.6177685950413223,25.0,22.0,2.255016867512911,1.8121066538553925,2.4412254749299285
669373,Tarik Skubal,HR9,29,0.8367768595041322,,,0.9350659204770552,0.9350659204770552,0.9350659204770552
669373,Tarik Skubal,FIP,29,2.5483471074380164,25.0,19.0,3.372704282613524,3.050580658783784,3.648167364636994
669387,Carmen Mlodzinski,K9,27,7.175342465753424,25.0,20.0,7.308329315812959,6.487573340195574,8.231182155779852
669387,Carmen Mlodzinski,BB9,27,3.180821917808219,25.0,17.0,3.2704223951831115,2.4884792626728114,3.5351043643263758
669387,Carmen Mlodzinski,HR9,27,0.7397260273972602,,,0.8468802530793009,0.8468802530793009,0.8468802530793009
669387,Carmen Mlodzinski,FIP,27,3.732876712328767,25.0,20.0,3.9885347210566264,3.623919523099851,4.550102138908916
669432,Trevor Rogers,K9,28,8.512048192771084,25.0,17.0,8.472579882083233,7.54585152838428,8.952631578947368
669432,Trevor Rogers,BB9,28,2.1144578313253013,25.0,22.0,2.359824229050264,1.8822022551372313,2.8312895233578725
669432,Trevor Rogers,HR9,28,1.0301204819277108,,,0.9861718597106484,0.9861718597106484,0.9861718597106484
669432,Trevor Rogers,FIP,28,3.455421686746988,25.0,17.0,3.71459673774066,3.417102137767221,3.8872340425531915
669456,Shane Bieber,K9,31,7.2,25.0,18.0,6.955123061328891,6.34823891248194,7.370502668273368
669456,Shane Bieber,BB9,31,3.9272727272727272,25.0,18.0,3.654548792806068,3.0205043647796535,4.1880817310958625
669456,Shane Bieber,HR9,31,1.6363636363636365,,,1.0796745798027443,1.0796745798027443,1.0796745798027443
669456,Shane Bieber,FIP,31,5.172727272727273,25.0,13.0,4.9045785254979295,4.686538461538461,5.131055900621118
669461,Matthew Liberatore,K9,26,9.302013422818792,25.0,19.0,8.999895066472376,8.228354978354979,9.897042716319824
669461,Matthew Liberatore,BB9,26,3.3221476510067114,25.0,20.0,3.5790683132379817,3.2298479763620116,3.883278145695364
669461,Matthew Liberatore,HR9,26,1.691275167785235,,,1.0991339327048584,1.0991339327048584,1.0991339327048584
669461,Matthew Liberatore,FIP,26,4.683892617449665,25.0,18.0,4.5054968965086,3.9356246264196058,4.8633050762439805
669467,Andre Pallante,K9,27,6.265822784810126,25.0,18.0,6.205198001729353,5.7615611927696975,6.893030886770276
669467,Andre Pallante,BB9,27,2.848101265822785,25.0,20.0,3.0876967677965927,2.6819378714016295,3.334786600140606
669467,Andre Pallante,HR9,27,0.6835443037974683,,,0.8355568939143179,0.8355568939143179,0.8355568939143179
669467,Andre Pallante,FIP,27,3.758227848101266,25.0,22.0,3.9286432130916746,3.5046318957097555,4.3892120215311
669711,Greg Weissert,K9,31,9.050279329608939,25.0,18.0,8.719415903535817,7.748140127388535,9.435202100936285
669711,Greg Weissert,BB9,31,2.7150837988826817,25.0,18.0,3.359806078649669,2.5878810474697946,3.8849587912087915
669711,Greg Weissert,HR9,31,1.2067039106145252,,,1.0434471588377743,1.0434471588377743,1.0434471588377743
669711,Greg Weissert,FIP,31,3.887709497206704,25.0,15.0,4.249898381730164,3.7763472222222223,4.631194295900178
669713,Hayden Wesneski,K9,28,6.9,25.0,18.0,6.745740758356492,5.968252822452574,7.40379424778761
669713,Hayden Wesneski,BB9,28,3.0,25.0,15.0,3.23566647772457,2.6221295790049206,3.772524698783301
669713,Hayden Wesneski,HR9,28,0.6,,,0.8093557474306108,0.8093557474306108,0.8093557474306108
669713,Hayden Wesneski,FIP,28,3.533333333333333,25.0,19.0,3.63664914896681,3.278433889602054,4.279040054485067
669923,George Kirby,K9,28,7.819960861056751,25.0,18.0,8.184949969716094,6.827884615384615,9.553379098118121
669923,George Kirby,BB9,28,2.430528375733855,25.0,25.0,2.891429323783493,2.4157894736842103,3.502092050209205
669923,George Kirby,HR9,28,1.1624266144814088,,,1.0744032987314063,1.0744032987314063,1.0744032987314063
669923,George Kirby,FIP,28,3.9043052837573384,25.0,21.0,4.006383539698622,3.5,4.551162790697674
670036,Matt Festa,K9,33,9.703125,25.0,19.0,8.911967428160432,7.819120879120879,9.937575708632803
670036,Matt Festa,BB9,33,2.953125,25.0,12.0,2.9639050126411863,2.467586964436683,3.1892857142857145
670036,Matt Festa,HR9,33,0.984375,,,0.9390447987420549,0.9390447987420549,0.9390447987420549
670036,Matt Festa,FIP,33,3.63125,25.0,17.0,3.9574967878948866,3.621739130434783,4.14774897680764
670059,Colin Holderman,K9,30,8.766233766233766,25.0,13.0,8.699976023827281,7.6751269035532985,9.188481675392671
670059,Colin Holderman,BB9,30,3.331168831168831,25.0,14.0,3.4325027042087264,2.4904160507781934,3.8405281779481832
670059,Colin Holderman,HR9,30,0.17532467532467533,,,0.5901785127604773,0.5901785127604773,0.5901785127604773
670059,Colin Holderman,FIP,30,3.1,25.0,17.0,3.3457495402241544,3.292737430167598,3.6882352941176473
670167,John Schreiber,K9,32,6.362068965517241,25.0,12.0,6.293190039960275,5.268359176076,7.09593547224225
670167,John Schreiber,BB9,32,3.413793103448276,25.0,10.0,3.257272716521385,2.9567404910929227,3.4416641132377226
670167,John Schreiber,HR9,32,1.0862068965517242,,,0.9794571978030846,0.9794571978030846,0.9794571978030846
670167,John Schreiber,FIP,32,4.444827586206896,25.0,20.0,4.365132404316283,4.1729232720355105,4.577602806788511
670280,David Bednar,K9,31,10.043478260869565,25.0,18.0,8.89760410615651,7.959788602941177,9.725649635998769
670280,David Bednar,BB9,31,2.4782608695652173,25.0,21.0,2.5524948092676873,2.3679435483870965,2.9164810690423164
670280,David Bednar,HR9,31,0.5217391304347826,,,0.7552885294811706,0.7552885294811706,0.7552885294811706
670280,David Bednar,FIP,31,2.5347826086956524,25.0,20.0,2.84579077311598,2.633477112597647,2.934975369458128
670329,Rico Garcia,K9,32,9.36734693877551,25.0,13.0,8.555405149723857,8.26530612244898,8.91
670329,Rico Garcia,BB9,32,2.6173469387755106,25.0,20.0,2.8616066987936426,2.3325392515058754,3.297578116404445
670329,Rico Garcia,HR9,32,1.239795918367347,,,1.0434471588377743,1.0434471588377743,1.0434471588377743
670329,Rico Garcia,FIP,32,3.773469387755102,25.0,18.0,3.8892791049744315,3.3484501937257845,4.368785268785269
670950,Trevor Richards,K9,33,8.178423236514524,25.0,20.0,7.7415204096026615,6.72009612705489,8.79223381121134
670950,Trevor Richards,BB9,33,2.4647302904564317,25.0,18.0,2.695713574862472,2.202232873509469,3.20907197951776
670950,Trevor Richards,HR9,33,1.3443983402489628,,,1.0442230009135693,1.0442230009135693,1.0442230009135693
670950,Trevor Richards,FIP,33,4.083402489626556,25.0,13.0,4.150755900987415,3.8348178137651825,4.525249169435217
670970,Adrián Morejón,K9,27,11.147727272727273,25.0,19.0,9.763004037427278,9.029860650298605,10.489795498920975
670970,Adrián Morejón,BB9,27,2.147727272727273,25.0,19.0,2.486829852005292,1.9616907831573172,2.6941019614932658
670970,Adrián Morejón,HR9,27,0.5113636363636364,,,0.7627729972527476,0.7627729972527476,0.7627729972527476
670970,Adrián Morejón,FIP,27,2.247727272727273,25.0,19.0,2.7334563541930503,2.3112813780909263,3.25881402446844
670990,Yohan Ramírez,K9,31,10.84251968503937,25.0,12.0,10.640627169885136,9.542878343226839,11.399741317077083
670990,Yohan Ramírez,BB9,31,3.7204724409448815,25.0,13.0,3.857080949916878,3.0815217391304346,4.056650246305418
670990,Yohan Ramírez,HR9,31,0.42519685039370075,,,0.693316536343749,0.693316536343749,0.693316536343749
670990,Yohan Ramírez,FIP,31,3.040944881889764,25.0,20.0,3.6603782405473844,3.082307692307692,3.872930194805195
671096,Andrew Abbott,K9,27,7.338174273858922,25.0,17.0,7.474136838488929,6.428571428571429,8.348684210526317
671096,Andrew Abbott,BB9,27,4.257261410788382,25.0,14.0,3.5997073811524154,3.1966357900754785,4.1880042355788625
671096,Andrew Abbott,HR9,27,1.4564315352697097,,,1.1617765562669495,1.1617765562669495,1.1617765562669495
671096,Andrew Abbott,FIP,27,4.992116182572614,25.0,13.0,4.671227378240881,4.408510638297873,4.908955223880597
671737,Taj Bradley,K9,25,10.463137996219281,25.0,17.0,9.888634715283223,9.246043165467626,10.424556213017752
671737,Taj Bradley,BB9,25,3.879017013232514,25.0,15.0,3.494199917895331,3.23829987872615,3.900171905697446
671737,Taj Bradley,HR9,25,1.1739130434782608,,,1.012332036985754,1.012332036985754,1.012332036985754
671737,Taj Bradley,FIP,25,3.831568998109641,25.0,21.0,4.241057827170249,4.072568578553616,4.589655172413793
671922,Cade Smith,K9,27,13.254545454545456,25.0,16.0,11.954276197391662,10.991898198630436,13.26453488372093
671922,Cade Smith,BB9,27,2.7,25.0,17.0,2.7440252558527276,2.3255474452554745,3.0759493670886076
671922,Cade Smith,HR9,27,0.6136363636363636,,,0.7972001458041408,0.7972001458041408,0.7972001458041408
671922,Cade Smith,FIP,27,2.1045454545454545,25.0,19.0,2.843292406179047,2.1992689797013325,3.524812030075188
672282,Reid Detmers,K9,26,10.491712707182321,25.0,20.0,9.62415267924123,8.963826366559486,10.250392239628548
672282,Reid Detmers,BB9,26,2.386740331491713,25.0,20.0,2.760626558601844,2.3422190183130516,3.1417062043795623
672282,Reid Detmers,HR9,26,0.9447513812154696,,,0.9367684524131872,0.9367684524131872,0.9367684524131872
672282,Reid Detmers,FIP,26,3.0116022099447513,25.0,20.0,3.287773931421954,2.853474074037153,3.444476847994286
672456,Keider Montero,K9,25,6.377483443708609,25.0,17.0,6.534684427862812,5.785714285714286,7.399038461538462
672456,Keider Montero,BB9,25,2.0860927152317883,25.0,22.0,2.59159274376281,2.277197843177335,2.8195463296938974
672456,Keider Montero,HR9,25,1.0132450331125828,,,0.9839876881230758,0.9839876881230758,0.9839876881230758
672456,Keider Montero,FIP,25,3.960927152317881,25.0,17.0,3.849609082637851,3.6863636363636365,4.058762886597938
672782,Yoendrys Gómez,K9,26,8.908629441624365,25.0,17.0,8.237261441134589,7.5234375,9.274809160305344
672782,Yoendrys Gómez,BB9,26,4.934010152284263,25.0,13.0,4.640923547498699,3.926592797783934,5.0324149108589955
672782,Yoendrys Gómez,HR9,26,0.9593908629441623,,,0.9177215843585423,0.9177215843585423,0.9177215843585423
672782,Yoendrys Gómez,FIP,26,4.287817258883249,25.0,21.0,4.192999168689743,3.878662420382166,4.636697247706422
673513,Yuki Matsui,K9,30,10.053191489361703,25.0,17.0,9.165214213213766,7.9411764705882355,10.090909090909092
673513,Yuki Matsui,BB9,30,4.73936170212766,25.0,16.0,4.3967305407007515,3.630264945652174,5.01155586494953
673513,Yuki Matsui,HR9,30,1.0053191489361704,,,0.8983218911074138,0.8983218911074138,0.8983218911074138
673513,Yuki Matsui,FIP,30,4.041489361702128,25.0,17.0,4.064007662596357,3.835483870967742,4.340343347639485
673540,Kodai Senga,K9,33,11.187845303867404,25.0,14.0,9.654686151402,8.733590273363001,10.65173825912695
673540,Kodai Senga,BB9,33,6.116022099447513,25.0,10.0,5.156828874085383,4.251899813895782,5.631494057724957
673540,Kodai Senga,HR9,33,2.0883977900552484,,,0.779963159661902,0.779963159661902,0.779963159661902
673540,Kodai Senga,FIP,33,5.867955801104973,25.0,5.0,4.445690218397215,4.090099009900991,4.688983050847458
674444,Steven Cruz,K9,27,10.144508670520231,25.0,15.0,9.668900969165106,8.451332775170856,10.642622950819671
674444,Steven Cruz,BB9,27,2.809248554913295,25.0,19.0,3.175043619887363,2.5285022459292534,3.773066783831283
674444,Steven Cruz,HR9,27,2.184971098265896,,,0.9946809820879434,0.9946809820879434,0.9946809820879434
674444,Steven Cruz,FIP,27,5.0942196531791915,25.0,12.0,4.650866768275574,4.34976071683128,4.842322883677899
674841,Andrew Alvarez,K9,27,9.384146341463415,25.0,14.0,8.630381504271776,7.276020193204731,9.989835164835164
674841,Andrew Alvarez,BB9,27,4.198170731707317,25.0,16.0,4.009247275681027,3.412074092985385,4.5150578493647915
674841,Andrew Alvarez,HR9,27,0.576219512195122,,,0.7679580686216345,0.7679580686216345,0.7679580686216345
674841,Andrew Alvarez,FIP,27,3.328658536585366,25.0,18.0,3.5534775968201044,3.2228339694656487,3.806108597285068
675512,Troy Melton,K9,25,7.531157270029674,25.0,17.0,7.548060303312254,6.931914893617021,8.023584905660377
675512,Troy Melton,BB9,25,2.964391691394659,25.0,21.0,2.9950858511524125,2.8255813953488373,3.260377358490566
675512,Troy Melton,HR9,25,1.0415430267062316,,,0.9702733036668636,0.9702733036668636,0.9702733036668636
675512,Troy Melton,FIP,25,4.10593471810089,25.0,19.0,4.040459729123152,3.715874909915764,4.357166812481773
675848,Juan Mejia,K9,25,8.954773869346734,25.0,14.0,9.256872834934923,8.460338345864661,9.820038705137227
675848,Juan Mejia,BB9,25,5.020100502512563,25.0,10.0,4.458391035867768,3.303073770491803,5.609016790442364
675848,Juan Mejia,HR9,25,0.814070351758794,,,0.8664303569753908,0.8664303569753908,0.8664303569753908
675848,Juan Mejia,FIP,25,4.094974874371859,25.0,20.0,4.272659047055604,3.7233949264015034,4.508139274518585
676083,Janson Junk,K9,30,6.675,25.0,20.0,6.415988721427974,5.754880239520958,7.306722972972973
676083,Janson Junk,BB9,30,2.475,25.0,18.0,2.6234489595523725,1.9778846153846152,3.0197234784207843
676083,Janson Junk,HR9,30,1.125,,,1.074256839749143,1.074256839749143,1.074256839749143
676083,Janson Junk,FIP,30,4.166666666666667,25.0,19.0,4.314629657312271,4.065135396518375,4.612708787218591
676106,Emerson Hancock,K9,27,8.317848410757946,25.0,18.0,7.460800397635357,6.299302325581396,8.243360782295419
676106,Emerson Hancock,BB9,27,2.046454767726161,25.0,19.0,2.3240627926433306,1.7251755289604982,2.7442733715323553
676106,Emerson Hancock,HR9,27,1.3202933985330072,,,1.0767324527345137,1.0767324527345137,1.0767324527345137
676106,Emerson Hancock,FIP,27,3.9948655256723717,25.0,18.0,4.037158781664721,3.5490476190476192,4.394526627218935
676263,Jack Dreyer,K9,27,10.540106951871657,25.0,18.0,9.643497463677853,8.814655095841253,10.820449722975361
676263,Jack Dreyer,BB9,27,2.7433155080213902,25.0,18.0,2.606694680509128,2.3625970664365834,2.801255980861244
676263,Jack Dreyer,HR9,27,1.0106951871657754,,,0.9334523563490073,0.9334523563490073,0.9334523563490073
676263,Jack Dreyer,FIP,27,3.228342245989305,25.0,19.0,3.8057590372694534,3.1493667892800845,4.4043176293552495
676282,Joey Cantillo,K9,26,9.993506493506494,25.0,14.0,9.412047279728865,8.550509049773757,9.840087363392449
676282,Joey Cantillo,BB9,26,4.733766233766234,25.0,13.0,4.326745798765069,3.6133828996282524,4.8
676282,Joey Cantillo,HR9,26,0.9935064935064936,,,0.9288891439781193,0.9288891439781193,0.9288891439781193
676282,Joey Cantillo,FIP,26,4.009090909090909,25.0,20.0,4.094501497830018,3.7912686652228427,4.333254077728742
676440,Tanner Bibee,K9,27,7.265454545454545,25.0,19.0,7.432509734017189,6.41494255373523,8.345309105273554
676440,Tanner Bibee,BB9,27,2.6999999999999997,25.0,17.0,2.7440252558527276,2.3255474452554745,3.0759493670886076
676440,Tanner Bibee,HR9,27,1.4236363636363636,,,1.1751436710660883,1.1751436710660883,1.1751436710660883
676440,Tanner Bibee,FIP,27,4.556363636363637,25.0,18.0,4.429991744097115,3.9500291056019723,5.0150610520451275
676477,Garrett Whitlock,K9,30,10.384615384615385,25.0,15.0,9.92611260816547,8.976538596799719,10.798129222241467
676477,Garrett Whitlock,BB9,30,1.9038461538461537,25.0,17.0,2.01160377406997,1.7458646616541353,2.1455108359133126
676477,Garrett Whitlock,HR9,30,0.6923076923076923,,,0.8034192683333865,0.8034192683333865,0.8034192683333865
676477,Garrett Whitlock,FIP,30,2.426923076923077,25.0,18.0,2.9681058391214004,2.3234022535585415,3.401630434782609
676534,Calvin Faucher,K9,30,9.805970149253731,25.0,18.0,9.047461676514793,8.233516483516484,10.245407931459727
676534,Calvin Faucher,BB9,30,4.835820895522388,25.0,12.0,4.390442049891914,3.877720401381377,4.77626329787234
676534,Calvin Faucher,HR9,30,0.13432835820895522,,,0.47741142066069575,0.47741142066069575,0.47741142066069575
676534,Calvin Faucher,FIP,30,2.9059701492537315,25.0,20.0,3.4612212290737423,3.010142317020973,3.779056795131846
676617,Riley O'Brien,K9,31,9.290322580645162,25.0,13.0,8.87278733642594,7.88659793814433,9.984375
676617,Riley O'Brien,BB9,31,3.629032258064516,25.0,12.0,3.542624851242626,3.05755230125523,3.926602491264949
676617,Riley O'Brien,HR9,31,0.7258064516129032,,,0.8530097329906069,0.8530097329906069,0.8530097329906069
676617,Riley O'Brien,FIP,31,3.7774193548387096,25.0,16.0,3.910408741569193,3.464244839566728,4.30427942486766
676760,Ron Marinaccio,K9,30,7.578947368421052,25.0,17.0,7.3271641258877205,6.786885245901639,7.9714285714285715
676760,Ron Marinaccio,BB9,30,4.2631578947368425,25.0,12.0,3.762172637652301,3.34073790070845,4.403154127140398
676760,Ron Marinaccio,HR9,30,1.736842105263158,,,1.0920551110543377,1.0920551110543377,1.0920551110543377
676760,Ron Marinaccio,FIP,30,5.7140350877192985,25.0,17.0,4.75463432379061,4.162080536912752,5.1723684210526315
676879,Aaron Ashby,K9,28,11.787313432835822,25.0,16.0,10.990683263292858,10.112946428571428,12.034337901536313
676879,Aaron Ashby,BB9,28,4.029850746268657,25.0,14.0,3.5437637652961205,3.2320390365448506,4.1852442947622395
676879,Aaron Ashby,HR9,28,0.8059701492537313,,,0.8184632452528937,0.8184632452528937,0.8184632452528937
676879,Aaron Ashby,FIP,28,3.055223880597015,25.0,21.0,3.5840310049582227,3.1873015873015875,3.86027397260274
676917,Cade Cavalli,K9,27,10.887096774193548,25.0,21.0,9.552822253633204,8.539534883720929,10.416506717850288
676917,Cade Cavalli,BB9,27,2.6129032258064515,25.0,16.0,2.8423227068506787,2.371482933579336,3.1237323131110704
676917,Cade Cavalli,HR9,27,0.9798387096774193,,,0.9733294421955886,0.9733294421955886,0.9733294421955886
676917,Cade Cavalli,FIP,27,3.257258064516129,25.0,24.0,3.6856713285505243,3.273304579241993,3.9694231467938628
676962,Ben Brown,K9,26,8.863636363636363,25.0,18.0,8.257917504637682,7.657711903659101,9.291891891891892
676962,Ben Brown,BB9,26,2.590909090909091,25.0,18.0,2.8734661807593205,2.471308954203691,3.385905161121299
676962,Ben Brown,HR9,26,0.2727272727272727,,,0.5735634964528722,0.5735634964528722,0.5735634964528722
676962,Ben Brown,FIP,26,2.478787878787879,25.0,18.0,2.901587881328222,2.5891315789473683,3.344948377581121
676974,Max Meyer,K9,27,10.083333333333334,25.0,14.0,9.468907204855169,9.158998871886842,9.77844771099074
676974,Max Meyer,BB9,27,3.4166666666666665,25.0,19.0,3.254338182770322,2.7412053341775158,3.6256419868791
676974,Max Meyer,HR9,27,0.9166666666666666,,,0.8779959196551587,0.8779959196551587,0.8779959196551587
676974,Max Meyer,FIP,27,3.5166666666666666,25.0,19.0,3.5945383951944443,3.363694664790174,3.8709299816592946
677865,Justin Bruihl,K9,29,6.388392857142857,25.0,16.0,6.3335532096766105,5.546067452414379,6.767045454545455
677865,Justin Bruihl,BB9,29,3.133928571428571,25.0,19.0,3.718180123990522,3.1908509882826372,3.9201425835284107
677865,Justin Bruihl,HR9,29,0.4821428571428571,,,0.743267936426344,0.743267936426344,0.743267936426344
677865,Justin Bruihl,FIP,29,3.9035714285714285,25.0,19.0,3.9594997970448036,3.4232007886953664,4.456207255248936
677944,Slade Cecconi,K9,27,7.659025787965616,25.0,17.0,7.187475762373123,6.511764705882353,8.127090301003344
677944,Slade Cecconi,BB9,27,2.9398280802292263,25.0,19.0,3.661803604847151,3.192637768208047,4.047858366647629
677944,Slade Cecconi,HR9,27,1.4699140401146131,,,1.1236025810681332,1.1236025810681332,1.1236025810681332
677944,Slade Cecconi,FIP,27,4.578510028653295,25.0,14.0,4.529100437250638,4.1831971232428895,4.964702831340005
677952,Braxton Ashcraft,K9,26,9.650826446280991,25.0,19.0,9.712915041586337,8.811682650392328,10.22715212264151
677952,Braxton Ashcraft,BB9,26,1.952479338842975,25.0,20.0,2.456694600736515,2.105414611982329,2.9088486140724945
677952,Braxton Ashcraft,HR9,26,1.2272727272727273,,,1.1075324493022713,1.1075324493022713,1.1075324493022713
677952,Braxton Ashcraft,FIP,26,3.5090909090909093,25.0,21.0,3.851080416637186,3.4272727272727272,4.211111111111111
677958,Kumar Rocker,K9,26,8.565517241379311,25.0,15.0,8.418834047656043,7.9052029255336045,8.687325917568664
677958,Kumar Rocker,BB9,26,3.7241379310344827,25.0,14.0,3.7062563393075325,2.9765973254086178,4.579002425712553
677958,Kumar Rocker,HR9,26,1.2413793103448276,,,1.0759307166471028,1.0759307166471028,1.0759307166471028
677958,Kumar Rocker,FIP,26,4.313793103448276,25.0,17.0,4.348874040441644,3.9949152542372883,4.614705882352942
677960,Ryan Weathers,K9,26,9.486486486486488,25.0,17.0,9.33405967969593,8.391120507399577,10.186161449752882
677960,Ryan Weathers,BB9,26,2.520884520884521,25.0,19.0,3.0475898107702584,2.6178387538291075,3.5210852321677906
677960,Ryan Weathers,HR9,26,1.194103194103194,,,1.0760032720110388,1.0760032720110388,1.0760032720110388
677960,Ryan Weathers,FIP,26,3.6233415233415234,25.0,18.0,3.870648055944263,3.6406061420804208,3.9910789473684214
677976,Randy Dobnak,K9,31,6.211267605633803,25.0,18.0,6.088020597346908,5.180906817527969,7.014317457655542
677976,Randy Dobnak,BB9,31,3.295774647887324,25.0,15.0,3.5139179813600503,2.8968216844333927,4.142626661529571
677976,Randy Dobnak,HR9,31,0.8873239436619719,,,0.8896734949006216,0.8896734949006216,0.8896734949006216
677976,Randy Dobnak,FIP,31,4.269014084507043,25.0,18.0,4.102254818131687,3.3444474539544964,4.507894736842106
678022,Jack Perkins,K9,26,10.617977528089888,25.0,13.0,9.777200650409732,8.595155709342562,10.771019677996422
678022,Jack Perkins,BB9,26,3.7162921348314604,25.0,19.0,3.4721778787995263,3.102568503838712,4.009056091917338
678022,Jack Perkins,HR9,26,1.74438202247191,,,1.0279853120777664,1.0279853120777664,1.0279853120777664
678022,Jack Perkins,FIP,26,4.751685393258427,25.0,13.0,4.2940894932744476,4.103824091778202,4.528351309707242
678394,Brayan Bello,K9,27,7.370919881305638,25.0,20.0,6.765265296835514,6.135102623862868,7.331516736401674
678394,Brayan Bello,BB9,27,2.8041543026706233,25.0,20.0,3.3228315592608224,2.797388980263158,3.8125
678394,Brayan Bello,HR9,27,1.0415430267062316,,,0.9702733036668636,0.9702733036668636,0.9702733036668636
678394,Brayan Bello,FIP,27,4.08813056379822,25.0,17.0,4.096966295288643,3.8533432392273403,4.428502415458937
678606,José Ferrer,K9,26,7.673684210526315,25.0,16.0,7.2929167505858095,6.71409168081494,7.715644820295983
678606,José Ferrer,BB9,26,2.557894736842105,25.0,19.0,3.2344025968386108,2.511808911029471,3.732710651828299
678606,José Ferrer,HR9,26,0.9947368421052631,,,0.9386291148130225,0.9386291148130225,0.9386291148130225
678606,José Ferrer,FIP,26,4.015789473684211,25.0,21.0,3.8883508921248287,3.600802568218299,4.176923076923077
678906,Kai-Wei Teng,K9,27,9.082949308755762,25.0,15.0,7.915115129679146,6.7705737337516805,8.543747530003952
678906,Kai-Wei Teng,BB9,27,4.105990783410139,25.0,21.0,3.5350397080795077,2.80064829821718,4.432160804020101
678906,Kai-Wei Teng,HR9,27,1.2442396313364057,,,1.008489361384364,1.008489361384364,1.008489361384364
678906,Kai-Wei Teng,FIP,27,4.7866359447004605,25.0,20.0,4.417989745195165,4.037217823725708,4.73076728071658
679883,Luinder Avila,K9,24,8.360406091370558,25.0,19.0,7.484183989809791,6.861405919661734,8.484446445327967
679883,Luinder Avila,BB9,24,5.756345177664974,25.0,14.0,4.379683846204431,3.764458572600492,4.841555977229602
679883,Luinder Avila,HR9,24,0.9593908629441623,,,0.8951572673112553,0.8951572673112553,0.8951572673112553
679883,Luinder Avila,FIP,24,4.638071065989847,25.0,18.0,4.181908274559276,3.791816486648137,4.487692307692308
680570,Grayson Rodriguez,K9,26,8.024475524475525,25.0,16.0,7.719230710239778,6.755189736506034,8.785451841483685
680570,Grayson Rodriguez,BB9,26,3.870629370629371,25.0,19.0,3.9441323144534626,3.321156701309219,4.527305303392261
680570,Grayson Rodriguez,HR9,26,1.5104895104895106,,,1.0291837210441754,1.0291837210441754,1.0291837210441754
680570,Grayson Rodriguez,FIP,26,5.00909090909091,25.0,16.0,4.993570596248458,4.316535345975024,5.439192221391174
680573,Simeon Woods Richardson,K9,25,5.714285714285714,25.0,19.0,5.699387486206317,4.970337849884116,6.561695278969957
680573,Simeon Woods Richardson,BB9,25,5.285714285714286,25.0,14.0,4.6785145308108165,4.326854066985646,5.112439024390244
680573,Simeon Woods Richardson,HR9,25,1.5714285714285714,,,1.079169465203857,1.079169465203857,1.079169465203857
680573,Simeon Woods Richardson,FIP,25,5.957142857142857,25.0,16.0,5.123429031364054,4.59971947207316,5.798754055515501
680694,Kyle Bradish,K9,29,8.52,25.0,19.0,8.158871238359385,6.930064514477356,8.517307118083469
680694,Kyle Bradish,BB9,29,4.14,25.0,13.0,3.455232677503881,2.861751152073733,3.9295774647887325
680694,Kyle Bradish,HR9,29,1.2,,,1.1006419027240746,1.1006419027240746,1.1006419027240746
680694,Kyle Bradish,FIP,29,4.38,25.0,19.0,4.706367607667769,4.301337598763311,5.17900262805318
680732,Sean Burke,K9,26,10.118446601941748,25.0,15.0,9.64479954872511,8.864353924342945,9.869427074531012
680732,Sean Burke,BB9,26,3.250485436893204,25.0,17.0,3.516371612381809,2.8533123028391167,4.232432432432432
680732,Sean Burke,HR9,26,1.1533980582524272,,,1.012332036985754,1.012332036985754,1.012332036985754
680732,Sean Burke,FIP,26,3.758252427184466,25.0,17.0,3.8613928526618224,3.2636363636363637,4.216279069767442
680736,Justin Wrobleski,K9,25,7.695652173913044,25.0,18.0,7.736738326684837,6.8158005212138395,8.446641386782233
680736,Justin Wrobleski,BB9,25,1.9565217391304348,25.0,21.0,2.4907550310881743,2.183823529411765,2.9365558912386707
680736,Justin Wrobleski,HR9,25,1.3695652173913044,,,1.0931184178984177,1.0931184178984177,1.0931184178984177
680736,Justin Wrobleski,FIP,25,4.128985507246377,25.0,21.0,4.222854923450122,3.9863636363636363,4.506369426751593
680742,Jonathan Bowlan,K9,29,11.802395209580839,25.0,13.0,11.051892996413907,10.076785714285714,12.067039106145252
680742,Jonathan Bowlan,BB9,29,2.4251497005988023,25.0,22.0,2.751139540501436,2.273578987422483,3.378793166680469
680742,Jonathan Bowlan,HR9,29,1.4550898203592815,,,0.9153916866439139,0.9153916866439139,0.9153916866439139
680742,Jonathan Bowlan,FIP,29,3.65688622754491,25.0,19.0,4.039527052226266,3.5133244474549605,4.337916098638458
680755,Braydon Fisher,K9,25,9.380281690140846,25.0,19.0,8.418678149155996,7.431490384615385,9.451127819548873
680755,Braydon Fisher,BB9,25,4.943661971830986,25.0,15.0,4.3793783301551725,3.9383394281518638,4.9958163903659685
680755,Braydon Fisher,HR9,25,1.0140845070422535,,,0.9345798812878241,0.9345798812878241,0.9345798812878241
680755,Braydon Fisher,FIP,25,4.254929577464789,25.0,21.0,4.490543537821525,4.1125,4.926758147512865
680767,Victor Vodnik,K9,26,7.071428571428571,25.0,20.0,6.766492427987932,5.993058894230769,7.393183818822023
680767,Victor Vodnik,BB9,26,5.142857142857143,25.0,16.0,4.486054449527966,3.778461970474968,5.164777467325237
680767,Victor Vodnik,HR9,26,0.48214285714285715,,,0.7481076787887065,0.7481076787887065,0.7481076787887065
680767,Victor Vodnik,FIP,26,4.1,25.0,20.0,4.264324712253935,3.9815761305860318,4.690625
681035,Christian Scott,K9,27,11.166666666666666,25.0,19.0,9.763004037427278,9.029860650298605,10.489795498920975
681035,Christian Scott,BB9,27,3.9166666666666665,25.0,15.0,3.394126127647957,2.740906856721553,3.7465510033444813
681035,Christian Scott,HR9,27,1.0,,,0.8774271008594798,0.8774271008594798,0.8774271008594798
681035,Christian Scott,FIP,27,3.6185185185185187,25.0,21.0,3.9600740439919284,3.6259259259259258,4.349336870026525
681190,Randy Vásquez,K9,27,5.771498771498772,25.0,17.0,5.272107337871947,4.470198675496689,5.987903225806451
681190,Randy Vásquez,BB9,27,2.388206388206388,25.0,19.0,2.731934376880364,2.176005565393372,3.2744272602442726
681190,Randy Vásquez,HR9,27,1.0614250614250615,,,0.9797751390861967,0.9797751390861967,0.9797751390861967
681190,Randy Vásquez,FIP,27,4.257248157248157,25.0,22.0,4.431053868485768,4.013963393576608,4.920748882743492
681217,Chase Silseth,K9,26,11.417142857142856,25.0,19.0,10.649530202656052,9.45138604165749,11.955273274277118
681217,Chase Silseth,BB9,26,4.782857142857143,25.0,15.0,4.003230130748763,3.44578097750749,4.516981132075472
681217,Chase Silseth,HR9,26,0.9257142857142857,,,0.7573305198600495,0.7573305198600495,0.7573305198600495
681217,Chase Silseth,FIP,26,3.7514285714285713,25.0,19.0,3.9372273180348603,3.47062324929972,4.182380952380953
681293,Spencer Arrighetti,K9,26,8.94375,25.0,16.0,8.530967115591585,7.568149827963715,9.71036475363626
681293,Spencer Arrighetti,BB9,26,5.3999999999999995,25.0,14.0,5.3154795472906775,4.874135053110774,5.575355859573225
681293,Spencer Arrighetti,HR9,26,1.5187499999999998,,,1.0667996860362898,1.0667996860362898,1.0667996860362898
681293,Spencer Arrighetti,FIP,26,5.528125,25.0,14.0,5.102036639358826,4.594964794498117,5.633514074213777
681347,Mike Burrows,K9,26,7.180851063829787,25.0,19.0,7.484961299265177,6.832002934888487,8.181031933767002
681347,Mike Burrows,BB9,26,3.351063829787234,25.0,22.0,3.5801465162164203,3.1231927840835523,3.9180451127819547
681347,Mike Burrows,HR9,26,2.0106382978723403,,,1.203923688309703,1.203923688309703,1.203923688309703
681347,Mike Burrows,FIP,26,5.653191489361703,25.0,9.0,4.921706192287975,4.40188679245283,5.368115942028986
681517,Kyle Leahy,K9,29,8.671532846715328,25.0,18.0,8.341861542806761,7.613196560794448,8.996894689468947
681517,Kyle Leahy,BB9,29,2.6934306569343067,25.0,18.0,2.9883543721110026,2.4215939086294416,3.290590109937118
681517,Kyle Leahy,HR9,29,0.9854014598540146,,,0.96541412777611,0.96541412777611,0.96541412777611
681517,Kyle Leahy,FIP,29,3.6036496350364966,25.0,14.0,3.809012393990035,3.5034408875670175,3.982198471805784
681911,Alex Vesia,K9,30,11.637931034482758,25.0,18.0,10.489188969130765,9.640838602187287,11.138945189837283
681911,Alex Vesia,BB9,30,4.5,25.0,20.0,4.193926340869801,3.565524193548387,4.785510705510706
681911,Alex Vesia,HR9,30,0.6206896551724138,,,0.7996785431385618,0.7996785431385618,0.7996785431385618
681911,Alex Vesia,FIP,30,2.910344827586207,25.0,19.0,3.3980825600718836,2.972610215437295,3.708272058823529
681982,Grant Anderson,K9,29,8.210526315789474,25.0,15.0,8.141350919812716,7.242028404076065,9.155172413793103
681982,Grant Anderson,BB9,29,3.3157894736842106,25.0,21.0,3.1331762494248765,2.8436482084690553,3.6765957446808515
681982,Grant Anderson,HR9,29,1.263157894736842,,,0.9538476491238225,0.9538476491238225,0.9538476491238225
681982,Grant Anderson,FIP,29,4.257894736842106,25.0,18.0,4.211183653908092,3.9703583247746206,4.452987277679274
682052,Jacob Lopez,K9,28,8.49438202247191,25.0,18.0,8.144762636476909,7.164898901053416,8.862709980237154
682052,Jacob Lopez,BB9,28,4.3988764044943816,25.0,18.0,4.081737436577295,3.4501438977594225,4.536553899082569
682052,Jacob Lopez,HR9,28,1.74438202247191,,,1.073518595425262,1.073518595425262,1.073518595425262
682052,Jacob Lopez,FIP,28,5.299438202247191,25.0,10.0,4.615629688600522,4.086941858255749,4.947792440534376
682120,Tim Herrin,K9,29,9.166666666666666,25.0,17.0,9.303470263397237,8.658444022770398,9.379652605459057
682120,Tim Herrin,BB9,29,4.166666666666667,25.0,14.0,3.823069826068246,3.332355785729885,4.406430900259498
682120,Tim Herrin,HR9,29,0.8333333333333334,,,0.8775810928763863,0.8775810928763863,0.8775810928763863
682120,Tim Herrin,FIP,29,3.9333333333333336,25.0,17.0,4.084663724838797,3.7886035313001605,4.269354838709678
682227,Brandon Williamson,K9,28,6.311688311688312,25.0,23.0,6.513819215458373,5.898829431438127,6.920526315789473
682227,Brandon Williamson,BB9,28,5.084415584415584,25.0,15.0,3.792498380303619,3.3679979253112036,4.336163863266414
682227,Brandon Williamson,HR9,28,1.577922077922078,,,1.1260619545938124,1.1260619545938124,1.1260619545938124
682227,Brandon Williamson,FIP,28,5.905194805194805,25.0,6.0,4.942928395398231,4.494156871609403,5.52713567839196
682243,Bryce Miller,K9,27,9.232758620689655,25.0,17.0,9.313811332913993,8.663101604278074,10.492890995260664
682243,Bryce Miller,BB9,27,2.8706896551724137,25.0,24.0,3.4326302763517,2.78198578649501,3.7499462234523113
682243,Bryce Miller,HR9,27,1.6293103448275863,,,1.0925637812490625,1.0925637812490625,1.0925637812490625
682243,Bryce Miller,FIP,27,4.410344827586207,25.0,19.0,4.472040392203262,4.068926236006545,4.796359255789051
682254,Mason Montgomery,K9,26,13.829268292682928,25.0,18.0,12.540437748934448,11.944280453588965,13.559948698146513
682254,Mason Montgomery,BB9,26,3.1609756097560977,25.0,15.0,3.4242339417057486,2.8335605701876134,3.9302399928626657
682254,Mason Montgomery,HR9,26,0.7902439024390244,,,0.7969543084244997,0.7969543084244997,0.7969543084244997
682254,Mason Montgomery,FIP,26,2.265853658536585,25.0,20.0,2.7003693890479594,2.3049491804779785,3.1354330708661418
682842,Abner Uribe,K9,26,9.565714285714286,25.0,17.0,9.178827291333185,8.385093167701864,9.671641791044776
682842,Abner Uribe,BB9,26,2.6228571428571428,25.0,20.0,2.651076551126005,2.1619081272084806,3.3979434859248974
682842,Abner Uribe,HR9,26,0.46285714285714286,,,0.7382483731687653,0.7382483731687653,0.7382483731687653
682842,Abner Uribe,FIP,26,2.62,25.0,24.0,3.169695562412555,2.6542503269300677,3.5457142857142854
683003,Jared Jones,K9,24,11.07,25.0,17.0,10.900120208916233,10.158415841584159,12.223880597014926
683003,Jared Jones,BB9,24,2.79,25.0,20.0,2.8986545948194613,2.4357659628729817,3.3126412776412777
683003,Jared Jones,HR9,24,1.08,,,0.8736973273774566,0.8736973273774566,0.8736973273774566
683003,Jared Jones,FIP,24,3.22,25.0,22.0,3.4697443999718556,3.1415398931866,3.847370809845734
683004,Jack Leiter,K9,26,9.455696202531646,25.0,14.0,9.576041932638441,8.495971959497052,10.410483367374816
683004,Jack Leiter,BB9,26,3.9873417721518987,25.0,19.0,3.740489221620816,3.328375391416467,4.334715520143643
683004,Jack Leiter,HR9,26,1.5949367088607596,,,1.001536279097406,1.001536279097406,1.001536279097406
683004,Jack Leiter,FIP,26,4.783544303797468,25.0,21.0,4.509527426640794,4.340223463687151,4.888819875776398
683618,Edgardo Henriquez,K9,24,10.892045454545455,25.0,15.0,11.195196862883865,9.928325630463178,12.864061172472386
683618,Edgardo Henriquez,BB9,24,3.835227272727273,25.0,14.0,3.88399789897388,3.2666867112057307,4.653264556246468
683618,Edgardo Henriquez,HR9,24,0.1534090909090909,,,0.4392966188140639,0.4392966188140639,0.4392966188140639
683618,Edgardo Henriquez,FIP,24,2.4863636363636363,25.0,19.0,2.8100591799594485,2.6381345291479823,3.035174959311788
683769,Hunter Gaddis,K9,28,8.646067415730336,25.0,17.0,8.120262427028743,7.164804469273744,8.810526315789474
683769,Hunter Gaddis,BB9,28,3.337078651685393,25.0,18.0,3.739724963026513,3.124202674691274,4.317444219066937
683769,Hunter Gaddis,HR9,28,1.0617977528089888,,,0.9276706874705029,0.9276706874705029,0.9276706874705029
683769,Hunter Gaddis,FIP,28,3.9764044943820225,25.0,19.0,3.929137684020469,3.462674689440994,4.338117212736503
684007,Shota Imanaga,K9,32,9.12233009708738,25.0,17.0,8.943755243063366,8.112676056338028,9.051136363636363
684007,Shota Imanaga,BB9,32,1.9398058252427186,25.0,19.0,2.3164926508376813,1.9352409638554215,2.6664662173426374
684007,Shota Imanaga,HR9,32,1.8349514563106797,,,1.2070149099982372,1.2070149099982372,1.2070149099982372
684007,Shota Imanaga,FIP,32,4.4922330097087375,25.0,16.0,4.769899343661427,4.145674754812072,5.142827868852459
685299,Tanner Gordon,K9,28,7.599337748344371,25.0,17.0,7.8162255113211145,6.252969121140142,9.04639175257732
685299,Tanner Gordon,BB9,28,1.9668874172185429,25.0,21.0,2.70100868891687,2.3033175355450237,3.1868852459016392
685299,Tanner Gordon,HR9,28,1.8774834437086092,,,1.1544688693105778,1.1544688693105778,1.1544688693105778
685299,Tanner Gordon,FIP,28,4.83841059602649,25.0,20.0,4.7384508513006605,4.34806395899493,4.9998651771956855
686218,Emmet Sheehan,K9,26,10.865853658536587,25.0,18.0,9.997697837567515,8.904830034423409,10.618415492957746
686218,Emmet Sheehan,BB9,26,2.6341463414634148,25.0,20.0,2.7681575267430305,2.43371576492368,3.162272727272727
686218,Emmet Sheehan,HR9,26,1.728658536585366,,,0.9775916295277725,0.9775916295277725,0.9775916295277725
686218,Emmet Sheehan,FIP,26,4.279878048780488,25.0,17.0,4.301405085158072,3.9384279475982535,4.708510638297873
686613,Hunter Brown,K9,27,10.834394904458598,25.0,20.0,9.914294897983542,8.614883720930234,10.824700539686718
686613,Hunter Brown,BB9,27,4.8152866242038215,25.0,9.0,4.330652770040595,3.5859375,4.952662721893491
686613,Hunter Brown,HR9,27,0.945859872611465,,,0.862012754805365,0.862012754805365,0.862012754805365
686613,Hunter Brown,FIP,27,3.778343949044586,25.0,18.0,4.091929909453366,3.7335707990599296,4.466967871485943
686790,Trevor McDonald,K9,25,7.399038461538462,25.0,21.0,6.963629390770884,6.3995485327313775,7.511278195488721
686790,Trevor McDonald,BB9,25,2.9855769230769234,25.0,21.0,3.3677356816388646,2.8159509202453985,3.8955223880597014
686790,Trevor McDonald,HR9,25,0.9086538461538463,,,0.8747434616522725,0.8747434616522725,0.8747434616522725
686790,Trevor McDonald,FIP,25,4.282692307692308,25.0,20.0,4.404805843006903,4.052640434288127,4.793392878268071
686799,Jack Kochanowicz,K9,25,6.75,25.0,19.0,6.736952658384898,6.063159811754911,7.3550591546608155
686799,Jack Kochanowicz,BB9,25,5.026595744680852,25.0,11.0,4.469003110622849,3.6773660283785645,5.533823054568938
686799,Jack Kochanowicz,HR9,25,1.0053191489361704,,,0.9195023131266341,0.9195023131266341,0.9195023131266341
686799,Jack Kochanowicz,FIP,25,4.967021276595744,25.0,13.0,4.67724967475725,4.153824362606232,5.109302325581395
686973,Louis Varland,K9,28,11.436681222707424,25.0,14.0,10.547094329698725,10.00624613098923,11.450688559322034
686973,Louis Varland,BB9,28,2.593886462882096,25.0,16.0,2.702356580020788,2.234154929577465,3.2905546288573815
686973,Louis Varland,HR9,28,0.23580786026200876,,,0.5382395541699561,0.5382395541699561,0.5382395541699561
686973,Louis Varland,FIP,28,1.763755458515284,25.0,14.0,2.913188531158931,2.40289094963008,3.3353676470588236
687064,Brandon Young,K9,27,7.892307692307693,25.0,19.0,6.761269148394715,5.651406533575318,7.4828610429990645
687064,Brandon Young,BB9,27,3.61978021978022,25.0,17.0,3.6250031486180037,3.162988115449915,4.0592255125284735
687064,Brandon Young,HR9,27,1.3054945054945055,,,1.0483342073504303,1.0483342073504303,1.0483342073504303
687064,Brandon Young,FIP,27,4.5175824175824175,25.0,19.0,4.557890372692755,4.055685819462228,5.030937597712958
687075,Brandon Sproat,K9,25,9.84476534296029,25.0,20.0,9.059015162525661,8.21716792224521,9.531101376720901
687075,Brandon Sproat,BB9,25,5.068592057761733,25.0,14.0,4.290311773187995,3.726273022751896,4.598168136211615
687075,Brandon Sproat,HR9,25,1.6570397111913358,,,1.0170339818233924,1.0170339818233924,1.0170339818233924
687075,Brandon Sproat,FIP,25,5.320216606498195,25.0,16.0,4.594251400750206,4.266283812180026,4.966582173123487
687330,Kevin Kelly,K9,28,7.985915492957746,25.0,19.0,7.760227580397432,6.903031144529415,8.722227149677229
687330,Kevin Kelly,BB9,28,1.0140845070422535,25.0,21.0,1.7721538020445042,1.2767732962447844,2.240663900414938
687330,Kevin Kelly,HR9,28,0.7605633802816901,,,0.8656322093216142,0.8656322093216142,0.8656322093216142
687330,Kevin Kelly,FIP,28,2.888732394366197,25.0,17.0,3.233131882176034,3.0673913043478263,3.5757281553398057
687396,Brent Headrick,K9,28,11.405172413793105,25.0,15.0,10.440153845216878,10.007416119846479,10.91382042253521
687396,Brent Headrick,BB9,28,3.142241379310345,25.0,18.0,3.353035833239694,3.028122823310889,3.617246723967874
687396,Brent Headrick,HR9,28,0.581896551724138,,,0.807281350892574,0.807281350892574,0.807281350892574
687396,Brent Headrick,FIP,28,2.453448275862069,25.0,19.0,2.855015954827084,2.5641494132239293,3.246739130434783
687473,Ryan Gusto,K9,27,7.744186046511628,25.0,14.0,7.575516563073222,6.541938030392737,8.559659090909092
687473,Ryan Gusto,BB9,27,2.9302325581395348,25.0,21.0,2.993520528074888,2.655737704918033,3.247216035634744
687473,Ryan Gusto,HR9,27,1.1511627906976745,,,0.9820705928058153,0.9820705928058153,0.9820705928058153
687473,Ryan Gusto,FIP,27,4.193023255813953,25.0,19.0,3.9420298758601016,3.3890382165605093,4.272450037917652
687911,Bryan King,K9,29,7.8876404494382015,25.0,17.0,6.552244743240188,5.5285714285714285,6.893617021276596
687911,Bryan King,BB9,29,3.185393258426966,25.0,15.0,3.511160622482466,3.0826384142173615,3.635220696937698
687911,Bryan King,HR9,29,1.3651685393258426,,,1.0067351418502415,1.0067351418502415,1.0067351418502415
687911,Bryan King,FIP,29,4.734831460674157,25.0,15.0,4.899662012868559,4.545985955177945,5.185449360993347
688107,Robert Gasser,K9,27,8.583333333333334,25.0,16.0,8.334468819531269,7.621729278526871,8.805924017471574
688107,Robert Gasser,BB9,27,2.8333333333333335,25.0,17.0,2.8436368569029464,2.223529411764706,3.3626373626373627
688107,Robert Gasser,HR9,27,1.25,,,0.9859180416973052,0.9859180416973052,0.9859180416973052
688107,Robert Gasser,FIP,27,4.220370370370371,25.0,18.0,4.095918748999118,3.7290816326530614,4.692168333928784
688642,Zach Agnos,K9,25,6.0,25.0,20.0,6.183651825109699,5.27294645826405,6.917218265605362
688642,Zach Agnos,BB9,25,3.413793103448276,25.0,20.0,3.305247183064511,2.545038742315574,3.8690486257928116
688642,Zach Agnos,HR9,25,1.0344827586206897,,,0.9020712446329682,0.9020712446329682,0.9020712446329682
688642,Zach Agnos,FIP,25,4.571264367816092,25.0,18.0,4.443985855592885,4.247956813933308,4.738603147120232
689147,Orion Kerkering,K9,25,9.947368421052632,25.0,16.0,9.480004354936726,8.98125,9.893668152688772
689147,Orion Kerkering,BB9,25,5.2105263157894735,25.0,11.0,4.515742825527937,4.037923132144238,5.158617511520737
689147,Orion Kerkering,HR9,25,0.7894736842105263,,,0.808994291252802,0.808994291252802,0.808994291252802
689147,Orion Kerkering,FIP,25,4.135087719298246,25.0,22.0,3.9396000968418705,3.555625,4.500020614306329
689254,Mason Fluharty,K9,24,9.696132596685082,25.0,17.0,9.126822754893702,8.731914893617022,9.51923076923077
689254,Mason Fluharty,BB9,24,3.878453038674033,25.0,14.0,3.485304326782838,3.2303615125999645,3.912757858546169
689254,Mason Fluharty,HR9,24,0.8950276243093922,,,0.8971480657789132,0.8971480657789132,0.8971480657789132
689254,Mason Fluharty,FIP,24,3.5806629834254142,25.0,18.0,4.0265152632502526,3.698684292205696,4.170437765679768
689266,Dylan Dodd,K9,28,9.740506329113925,25.0,14.0,8.660105807708474,7.673254535459044,9.338890485771774
689266,Dylan Dodd,BB9,28,2.2215189873417724,25.0,18.0,2.490906656818489,2.013820948382682,2.897197705207414
689266,Dylan Dodd,HR9,28,1.1962025316455698,,,1.0171685503136543,1.0171685503136543,1.0171685503136543
689266,Dylan Dodd,FIP,28,3.5746835443037974,25.0,22.0,4.108967267065902,3.6313334159548507,4.41462273652243
690928,Hunter Dobbins,K9,26,8.720496894409939,25.0,19.0,8.42610479223043,7.245292207792208,9.483726598449351
690928,Hunter Dobbins,BB9,26,4.024844720496895,25.0,21.0,3.4439262947066993,2.8421052631578947,3.819935691318328
690928,Hunter Dobbins,HR9,26,1.173913043478261,,,0.9579376510885241,0.9579376510885241,0.9579376510885241
690928,Hunter Dobbins,FIP,26,4.311180124223602,25.0,16.0,4.358861200371695,3.9768400157843757,4.615776247207744
690986,Kyle Harrison,K9,24,11.164222873900293,25.0,19.0,11.029659208363972,9.60581222056632,12.29418328916167
690986,Kyle Harrison,BB9,24,2.850439882697947,25.0,17.0,3.1123708533893675,2.537704918032787,3.627906976744186
690986,Kyle Harrison,HR9,24,1.5835777126099706,,,0.9441287702163296,0.9441287702163296,0.9441287702163296
690986,Kyle Harrison,FIP,24,4.041348973607038,25.0,22.0,4.206446181280082,4.0079907990799075,4.521802435961095
690997,Nolan McLean,K9,24,10.111969111969113,25.0,19.0,8.991127742996062,8.18758389261745,9.83398361295357
690997,Nolan McLean,BB9,24,3.6486486486486487,25.0,21.0,3.5659648175215493,2.8636363636363638,4.272151898734178
690997,Nolan McLean,HR9,24,0.8861003861003861,,,0.9063169475825518,0.9063169475825518,0.9063169475825518
690997,Nolan McLean,FIP,24,3.6096525096525096,25.0,22.0,3.821955129198443,3.408932738874125,4.256354184944727
691587,Eury Pérez,K9,23,9.828693790149893,25.0,19.0,8.615254088968092,7.642668596730245,9.49049599049599
691587,Eury Pérez,BB9,23,3.9314775160599575,25.0,19.0,3.7716912384008374,3.276530142659917,4.229493912073613
691587,Eury Pérez,HR9,23,1.1563169164882228,,,1.0516585941600753,1.0516585941600753,1.0516585941600753
691587,Eury Pérez,FIP,23,4.089293361884368,25.0,19.0,4.369405862884825,3.821548628428928,5.031168025522865
691799,Grant Taylor,K9,24,11.831460674157304,25.0,17.0,11.327302546760858,10.125,12.128342245989304
691799,Grant Taylor,BB9,24,3.134831460674157,25.0,19.0,3.001363865624848,2.5633481646273637,3.5329924528301886
691799,Grant Taylor,HR9,24,0.7078651685393258,,,0.786131604275276,0.786131604275276,0.786131604275276
691799,Grant Taylor,FIP,24,2.571910112359551,25.0,21.0,3.2554015526211253,2.891633780584057,3.5923664122137406
693433,Bryan Woo,K9,26,9.228515625,25.0,19.0,9.103754404489615,8.17592166306619,10.307073954983924
693433,Bryan Woo,BB9,26,2.00390625,25.0,17.0,2.5646908151037593,1.9943181818181819,3.230769230769231
693433,Bryan Woo,HR9,26,0.94921875,,,0.9566953272058042,0.9566953272058042,0.9566953272058042
693433,Bryan Woo,FIP,26,3.22890625,25.0,22.0,3.758348383513605,3.2780351437699684,4.2658291457286435
693645,Cam Schlittler,K9,25,11.356418918918918,25.0,18.0,11.273569721315235,9.343270217978388,13.16554054054054
693645,Cam Schlittler,BB9,25,2.2804054054054053,25.0,18.0,2.7525557693636196,2.221237868371089,2.828248737295005
693645,Cam Schlittler,HR9,25,0.7297297297297297,,,0.7836522672366671,0.7836522672366671,0.7836522672366671
693645,Cam Schlittler,FIP,25,2.4817567567567567,25.0,17.0,2.76926522475176,2.586842105263158,3.283333333333333
693821,Bryce Elder,K9,27,7.510344827586207,25.0,19.0,7.453195842963982,6.414835164835164,8.385273507202534
693821,Bryce Elder,BB9,27,3.0413793103448277,25.0,23.0,3.3527407742349737,2.8163855678669742,3.872727272727273
693821,Bryce Elder,HR9,27,1.4896551724137932,,,1.1203969526178816,1.1203969526178816,1.1203969526178816
693821,Bryce Elder,FIP,27,4.658620689655173,25.0,20.0,4.2111140637496,3.8566423715318185,4.7130414585994655
693855,Ian Seymour,K9,27,10.966580976863755,25.0,21.0,10.036731967127672,9.286624203821656,10.914893617021276
693855,Ian Seymour,BB9,27,2.2210796915167097,25.0,18.0,2.6731466907212393,2.2647337126991505,2.9464442815249265
693855,Ian Seymour,HR9,27,1.7352185089974295,,,1.0400206791108058,1.0400206791108058,1.0400206791108058
693855,Ian Seymour,FIP,27,4.0254498714652955,25.0,18.0,4.241531210495154,3.706011102035373,4.480427131658934
694297,Brandon Pfaadt,K9,27,6.282178217821783,25.0,17.0,6.247735630128826,5.556900726392252,6.886639676113361
694297,Brandon Pfaadt,BB9,27,2.071782178217822,25.0,20.0,2.610372172973864,2.0059279312920086,3.07273643667439
694297,Brandon Pfaadt,HR9,27,0.9356435643564357,,,0.9474266983406744,0.9474266983406744,0.9474266983406744
694297,Brandon Pfaadt,FIP,27,3.87970297029703,25.0,22.0,4.179051385466798,3.7596894767107534,4.645714285714286
694477,Chad Patrick,K9,27,8.1,25.0,16.0,7.896460204295589,7.03204575596817,8.601965944272447
694477,Chad Patrick,BB9,27,4.006451612903226,25.0,15.0,4.217797107847425,3.6050835836489488,4.922591729895529
694477,Chad Patrick,HR9,27,0.9580645161290323,,,0.9296468914008628,0.9296468914008628,0.9296468914008628
694477,Chad Patrick,FIP,27,4.164516129032258,25.0,20.0,4.138109450713079,3.778444431051109,4.445030021996314
694738,Landen Roupp,K9,27,8.485714285714286,25.0,20.0,8.065697534737007,7.312850521888145,8.69173565405183
694738,Landen Roupp,BB9,27,4.450549450549451,25.0,16.0,3.9879509810811076,3.1917253822455502,4.386506556061012
694738,Landen Roupp,HR9,27,0.6527472527472528,,,0.8431594498024209,0.8431594498024209,0.8431594498024209
694738,Landen Roupp,FIP,27,3.7395604395604396,25.0,20.0,4.239669902462105,3.75975935828877,4.5197826856110686
694819,Jacob Misiorowski,K9,24,13.069418386491558,25.0,15.0,12.09135625667952,11.154824736874499,13.09113390730903
694819,Jacob Misiorowski,BB9,24,2.279549718574109,25.0,22.0,2.5943269051497713,2.204684064959932,2.731553964023984
694819,Jacob Misiorowski,HR9,24,0.7091932457786116,,,0.7889818286706082,0.7889818286706082,0.7889818286706082
694819,Jacob Misiorowski,FIP,24,2.1318949343339586,25.0,17.0,2.6713787089643177,2.191891891891892,2.9810572687224672
694918,Blade Tidwell,K9,25,7.437125748502995,25.0,14.0,7.090947888317667,6.2615899581589956,8.043072059612182
694918,Blade Tidwell,BB9,25,3.3952095808383236,25.0,18.0,3.1113641866800137,2.569860117111255,3.440134402092918
694918,Blade Tidwell,HR9,25,1.2934131736526946,,,0.9894136069804571,0.9894136069804571,0.9894136069804571
694918,Blade Tidwell,FIP,25,4.770658682634731,25.0,9.0,4.273106993944746,4.003157894736842,4.519117647058824
694973,Paul Skenes,K9,24,10.650887573964496,25.0,18.0,9.504512883313808,8.764686248331108,10.260458989908733
694973,Paul Skenes,BB9,24,2.6094674556213016,25.0,19.0,2.800921548938775,2.355818025873776,3.1411960132890364
694973,Paul Skenes,HR9,24,1.0650887573964498,,,0.985316565638224,0.985316565638224,0.985316565638224
694973,Paul Skenes,FIP,24,3.3366863905325443,25.0,19.0,3.6535013672018275,3.2577456081603215,3.935632763840078
695076,Rhett Lowder,K9,24,7.005037783375315,25.0,19.0,7.046307257892242,6.018191742755063,8.411128993320993
695076,Rhett Lowder,BB9,24,3.7405541561712843,25.0,17.0,3.5953295345244145,2.9771863117870723,3.967557251908397
695076,Rhett Lowder,HR9,24,1.2241813602015112,,,1.0794772037242475,1.0794772037242475,1.0794772037242475
695076,Rhett Lowder,FIP,24,4.694458438287153,25.0,15.0,4.395259973573234,3.8147920205929076,4.654465668559629
695243,Mason Miller,K9,27,16.6056338028169,25.0,15.0,13.682737380965198,12.566088516746412,14.763214285714286
695243,Mason Miller,BB9,27,3.1690140845070425,25.0,21.0,3.2158152773638373,2.655737704918033,3.537117903930131
695243,Mason Miller,HR9,27,0.38028169014084506,,,0.6961523570770839,0.6961523570770839,0.6961523570770839
695243,Mason Miller,FIP,27,1.1,25.0,19.0,2.4365785115114034,1.945428373552058,3.0695190947666195
695418,Brad Lord,K9,26,8.555555555555555,25.0,17.0,8.432083688604244,7.789655172413793,8.713147410358566
695418,Brad Lord,BB9,26,3.3333333333333335,25.0,20.0,3.455612301869332,3.0586676658005114,3.8765878275053525
695418,Brad Lord,HR9,26,1.1111111111111112,,,0.9658228474256,0.9658228474256,0.9658228474256
695418,Brad Lord,FIP,26,4.211111111111111,25.0,15.0,4.288021248764016,4.017364063548892,4.688878069890729
695505,Chase Burns,K9,23,11.075388026607538,25.0,19.0,11.13946280083953,9.60581222056632,12.272592836017088
695505,Chase Burns,BB9,23,3.352549889135255,25.0,19.0,3.4180734098741055,2.849153824986241,3.756349095689586
695505,Chase Burns,HR9,23,1.0177383592017737,,,0.8859860184953192,0.8859860184953192,0.8859860184953192
695505,Chase Burns,FIP,23,3.2463414634146344,25.0,20.0,3.698661038366498,3.3427742718446605,3.8908028708945173
696149,Bubba Chandler,K9,23,8.307692307692308,25.0,13.0,7.457607904223641,6.873929008567932,7.644844517184943
696149,Bubba Chandler,BB9,23,4.687912087912088,25.0,13.0,4.073624211998235,3.3750000000000004,4.8375
696149,Bubba Chandler,HR9,23,0.8901098901098902,,,0.9059974889602636,0.9059974889602636,0.9059974889602636
696149,Bubba Chandler,FIP,23,4.240659340659341,25.0,17.0,4.227611807700608,3.799152542372881,4.593706293706294
696270,Ryan Johnson,K9,23,7.279863481228668,25.0,20.0,6.6809133975785855,6.072643511722934,7.322926829268293
696270,Ryan Johnson,BB9,23,3.8703071672354947,25.0,15.0,3.6342155514637633,3.1766371051517837,3.9339078374455734
696270,Ryan Johnson,HR9,23,1.658703071672355,,,1.1496295695552938,1.1496295695552938,1.1496295695552938
696270,Ryan Johnson,FIP,23,5.352559726962458,25.0,13.0,4.79787618938783,4.1158730158730155,5.18092485549133
699134,Bradgley Rodriguez,K9,22,10.06578947368421,25.0,18.0,9.518685554468982,8.182490495802314,10.6138128622446
699134,Bradgley Rodriguez,BB9,22,2.486842105263158,25.0,22.0,2.7767959482628926,2.459983031674208,3.1723325062034737
699134,Bradgley Rodriguez,HR9,22,0.7105263157894737,,,0.8040808801763965,0.8040808801763965,0.8040808801763965
699134,Bradgley Rodriguez,FIP,22,2.7578947368421054,25.0,23.0,3.251749459639898,2.8917882889196287,3.5485185891325073
700241,Michael McGreevy,K9,25,6.285425101214575,25.0,21.0,5.768625043664893,5.052930056710775,6.324717285945073
700241,Michael McGreevy,BB9,25,2.6234817813765186,25.0,19.0,2.7009862283182726,2.308762652607771,3.282516891891892
700241,Michael McGreevy,HR9,25,1.1477732793522268,,,1.089855985768414,1.089855985768414,1.089855985768414
700241,Michael McGreevy,FIP,25,4.253846153846154,25.0,21.0,4.402365227329947,4.103154574132493,4.738376383763837
700669,Gordon Graceffo,K9,26,7.238297872340426,25.0,15.0,7.2115249329219075,6.211968839302333,8.491827424341071
700669,Gordon Graceffo,BB9,26,3.7914893617021277,25.0,19.0,3.471733478655176,2.8710094344117785,3.8130623938879458
700669,Gordon Graceffo,HR9,26,0.574468085106383,,,0.7795877902257701,0.7795877902257701,0.7795877902257701
700669,Gordon Graceffo,FIP,26,3.7,25.0,18.0,3.9798318987764123,3.500595544189796,4.550606302643044
701519,Travis Adams,K9,26,9.676300578034683,25.0,18.0,9.652736703541262,8.753814298169136,10.246388561320755
701519,Travis Adams,BB9,26,3.901734104046243,25.0,14.0,3.5801076743348053,2.737932127483359,3.998100224382947
701519,Travis Adams,HR9,26,1.2485549132947977,,,1.0145507483130578,1.0145507483130578,1.0145507483130578
701519,Travis Adams,FIP,26,4.053757225433526,25.0,20.0,4.177235583520655,3.829619565217391,4.499956160985415
701542,Will Warren,K9,27,9.272138228941683,25.0,20.0,8.876801143704593,8.126315086782375,9.53595076400679
701542,Will Warren,BB9,27,3.0907127429805614,25.0,17.0,3.3624970621005534,2.8083209509658245,3.998533724340176
701542,Will Warren,HR9,27,1.2829373650107991,,,1.074631216265547,1.074631216265547,1.074631216265547
701542,Will Warren,FIP,27,4.000647948164147,25.0,17.0,4.333835076379285,3.9140243902439025,4.573928157589803
701656,Logan Henderson,K9,24,10.241379310344827,25.0,20.0,9.391063441538046,8.573946867499792,10.357078167323658
701656,Logan Henderson,BB9,24,1.7689655172413792,25.0,20.0,2.251617035039491,1.6049686571395572,2.3261372937578084
701656,Logan Henderson,HR9,24,1.303448275862069,,,1.0146061410645264,1.0146061410645264,1.0146061410645264
701656,Logan Henderson,FIP,24,3.3275862068965516,25.0,16.0,3.586310976349439,3.392445835414586,3.789908100385936
702056,Trey Yesavage,K9,22,9.254416961130742,25.0,20.0,8.941747030377993,7.961996495774853,10.102813351572008
702056,Trey Yesavage,BB9,22,4.4840989399293285,25.0,12.0,3.8914628269392444,3.1034955387537178,4.218892597600135
702056,Trey Yesavage,HR9,22,1.1448763250883394,,,0.992575934258412,0.992575934258412,0.992575934258412
702056,Trey Yesavage,FIP,22,4.25547703180212,25.0,15.0,4.298508150853711,3.998271049452152,4.608536004428938
702070,Noah Cameron,K9,26,8.283495145631068,25.0,16.0,8.056882968748177,7.016567937800815,8.46436053651841
702070,Noah Cameron,BB9,26,2.988349514563107,25.0,22.0,3.225967025600754,2.6715990660937385,3.436737804878049
702070,Noah Cameron,HR9,26,1.100970873786408,,,1.0063735879665616,1.0063735879665616,1.0063735879665616
702070,Noah Cameron,FIP,26,3.933009708737864,25.0,21.0,4.221855485810823,3.8226890756302523,4.516083916083916
800048,Parker Messick,K9,25,9.594642857142858,25.0,18.0,8.722833934089563,7.841537398249116,9.562522169584511
800048,Parker Messick,BB9,25,2.3625000000000003,25.0,20.0,3.0003643917237253,2.333172921757573,3.116217831591187
800048,Parker Messick,HR9,25,0.8678571428571429,,,0.9072960114789644,0.9072960114789644,0.9072960114789644
800048,Parker Messick,FIP,25,3.0732142857142857,25.0,19.0,3.651137665655953,3.2107318492379306,3.946709524128879
800311,Didier Fuentes,K9,21,11.536363636363637,25.0,18.0,9.988221222084825,8.91119923857868,10.796673775311607
800311,Didier Fuentes,BB9,21,2.331818181818182,25.0,17.0,2.86422648325688,2.211206896551724,3.321086261980831
800311,Didier Fuentes,HR9,21,0.8590909090909091,,,0.8286975258512054,0.8286975258512054,0.8286975258512054
800311,Didier Fuentes,FIP,21,2.6363636363636362,25.0,22.0,3.2764003206009282,2.901886156081362,3.4658897132921025
801139,Payton Tolle,K9,23,10.546875,25.0,16.0,9.393671297153036,8.811915887850468,10.174344827586207
801139,Payton Tolle,BB9,23,2.4107142857142856,25.0,17.0,2.4260086682280106,2.00796812749004,2.8839009287925697
801139,Payton Tolle,HR9,23,0.9040178571428571,,,0.8875339011874107,0.8875339011874107,0.8875339011874107
801139,Payton Tolle,FIP,23,2.9861607142857145,25.0,20.0,3.4876927305585896,3.1886448229190165,3.6905515832482125
805123,AJ Blubaugh,K9,25,9.126760563380282,25.0,19.0,8.578968173769486,7.5740289221456205,9.647382439674033
805123,AJ Blubaugh,BB9,25,4.278169014084507,25.0,14.0,3.749395138442469,3.0520927165101015,4.4169874355436125
805123,AJ Blubaugh,HR9,25,1.2359154929577465,,,1.029100882662089,1.029100882662089,1.029100882662089
805123,AJ Blubaugh,FIP,25,4.3781690140845075,25.0,20.0,4.1933338023764515,3.801892563288867,4.515736981300753
805299,Brandyn Garcia,K9,26,10.657894736842106,25.0,16.0,10.065019859606636,8.554410946044776,11.188785958069236
805299,Brandyn Garcia,BB9,26,1.7763157894736843,25.0,18.0,2.233948745022111,1.865500415282392,2.4708280051150897
805299,Brandyn Garcia,HR9,26,0.5328947368421053,,,0.6868769282424405,0.6868769282424405,0.6868769282424405
805299,Brandyn Garcia,FIP,26,2.5078947368421054,25.0,18.0,2.8457177118472927,2.593842531040855,3.1955600989100557
805673,Zebby Matthews,K9,26,8.177545691906005,25.0,19.0,7.8526103348885625,7.076681332495285,8.429997879456398
805673,Zebby Matthews,BB9,26,2.7493472584856398,25.0,20.0,2.9179858260779366,2.494329482864137,2.891721228392187
805673,Zebby Matthews,HR9,26,1.6919060052219321,,,1.1025168373308787,1.1025168373308787,1.1025168373308787
805673,Zebby Matthews,FIP,26,4.7370757180156655,25.0,17.0,4.543416997025526,4.201449275362319,5.131201248049923
808963,Roki Sasaki,K9,24,9.225,25.0,22.0,9.066139898716514,8.200614041131283,10.414890444953159
808963,Roki Sasaki,BB9,24,3.6,25.0,12.0,3.825476952470435,3.280585674037394,4.320664206642067
808963,Roki Sasaki,HR9,24,1.65,,,1.0935452172512812,1.0935452172512812,1.0935452172512812
808963,Roki Sasaki,FIP,24,4.758333333333334,25.0,15.0,4.731571491363027,4.56448748361321,5.180077987980264
808967,Yoshinobu Yamamoto,K9,27,9.033088235294118,25.0,15.0,8.626298516379183,8.145331695331695,9.556903510418621
808967,Yoshinobu Yamamoto,BB9,27,2.034926470588235,25.0,17.0,2.5061054792916613,2.1259842519685037,2.6703296703296706
808967,Yoshinobu Yamamoto,HR9,27,0.9926470588235293,,,0.9733294421955886,0.9733294421955886,0.9733294421955886
808967,Yoshinobu Yamamoto,FIP,27,3.320588235294118,25.0,20.0,3.707011259476599,3.4068640795372165,3.9013375181071948
813349,Connelly Early,K9,24,9.03202846975089,25.0,17.0,8.324879270348196,7.892307692307693,9.468401486988848
813349,Connelly Early,BB9,24,3.2669039145907472,25.0,18.0,3.133304667711508,2.5544910179640716,3.5747550763505007
813349,Connelly Early,HR9,24,1.4412811387900355,,,1.0413507226476122,1.0413507226476122,1.0413507226476122
813349,Connelly Early,FIP,24,4.551957295373666,25.0,20.0,4.541748021446739,3.8791657090324065,5.043073475485536
815083,Mitch Farris,K9,25,9.719999999999999,25.0,17.0,9.159329730144723,8.448979591836734,9.543103448275861
815083,Mitch Farris,BB9,25,4.319999999999999,25.0,17.0,3.743364792535549,3.26953125,4.22608695652174
815083,Mitch Farris,HR9,25,1.5428571428571427,,,1.027298807136943,1.027298807136943,1.027298807136943
815083,Mitch Farris,FIP,25,4.66,25.0,17.0,4.323493254565296,3.986247877758913,4.911320754716981
820862,José Fermin,K9,24,10.528301886792454,25.0,18.0,9.43389957960416,8.947236988767898,10.0515
820862,José Fermin,BB9,24,3.9056603773584904,25.0,14.0,4.080509156637276,3.2661830357142856,4.82477858785536
820862,José Fermin,HR9,24,1.0188679245283019,,,0.8887950224187164,0.8887950224187164,0.8887950224187164
820862,José Fermin,FIP,24,3.760377358490566,25.0,16.0,3.7226084603618883,3.425547241456332,4.098344988344989
