key_mlbam,name_first,name_last,team,at_bats,Throws,PAVE,PAVE_PLUS,Power_A_PLUS,Expected_Hits,Expected_Bases,Expected_HRs,Fastball_Rate,Breaking_Rate,Offspeed_Rate
676979,Garrett,Crochet,BOS,141,L,0.6107142857142858,2.5249073719215267,1.856173831990811,13.235106382978724,14.358510638297874,0.23404255319148937,0.855196629213483,0.13019662921348316,0.014606741573033707
697812,Joe,Rock,ATH,56,L,0.5828048780487805,2.4095200773895544,0.6673278816863925,5.044285714285714,5.162142857142857,0.0,0.4871001184834124,0.29794727488151657,0.00995260663507109
675920,Seth,Lonsway,SF,14,L,0.5783333333333334,2.391033140895668,1.6447888631316563,12.723333333333334,12.723333333333334,0.0,0.5998214285714286,0.30742857142857144,0.09275
680880,Grant,Holman,PHI,7,R,0.53,2.1912061637026583,1.6149944168666117,9.994285714285715,12.492857142857142,0.0,0.39749999999999996,0.046764705882352944,0.35073529411764703
529017,Alexander,Cornielle,NYY,7,R,0.49999999999999994,2.067175626134583,2.844015325299693,9.428571428571429,21.999999999999996,3.142857142857143,0.735294117647059,0.2647058823529411,0.0
642585,Félix,Bautista,BAL,10,R,0.4444444444444444,1.8374894454529627,2.275212260239755,8.8,17.6,2.2,0.35135135135135137,0.16216216216216217,0.4864864864864865
660844,Leo,Rivas,SEA,12,R,0.43363636363636365,1.7928050430294475,1.6329387992762405,8.745,12.631666666666666,0.9716666666666665,0.0,0.0,0.53
685299,Tanner,Gordon,COL,464,R,0.42760035610912805,1.7678500677505151,1.8946621921795936,8.527873481441945,14.656238965083173,1.1104920240634963,0.4952835869365525,0.272135138790943,0.23258127427250452
548384,Brooks,Raley,PHI,218,L,0.40875250100040017,1.6899264143791581,1.4358896319498284,7.4564357798165135,11.107384556574923,0.9373513761467891,0.6111746020408728,0.2671640037318184,0.1216613942273087
605397,Joe,Musgrove,SD,6,R,0.3999999999999999,1.6537405009076662,0.9480051084332313,7.333333333333334,7.333333333333334,0.0,0.7272727272727272,0.2727272727272727,0.0
663765,Jake,Woodford,TB,130,R,0.39916627634660423,1.6502935944772033,2.318170813405121,7.900576923076923,17.932307692307692,2.006346153846154,0.7470532646048109,0.07360211094747178,0.17934462444771723
669060,Bryse,Wilson,MIL,151,R,0.3979109589041096,1.6451036712368303,2.66771493072186,8.671028270312611,20.63622089297159,3.828435519475895,0.9053920122887864,0.053567741935483866,0.04104024577572965
657376,Clarke,Schmidt,NYY,4,R,0.39749999999999996,1.6434046227769934,1.130496091806628,8.745,8.745,0.0,0.39749999999999996,0.39749999999999996,0.0
655316,Andruw,Monasterio,BOS,7,R,0.39749999999999996,1.6434046227769934,1.9379933002399343,4.997142857142857,14.991428571428573,3.331428571428571,0.0,0.53,0.0
640902,Jhonny,Pereda,SEA,4,R,0.39749999999999996,1.6434046227769934,2.260992183613256,8.745,17.49,2.915,0.1325,0.0,0.39749999999999996
691769,Philip,Abner,SF,85,L,0.39485735735735733,1.632479009858084,2.403082540358139,7.370525342212357,18.589145922519954,3.598245335870197,0.5523193948253624,0.3492206650654508,0.09845994010918675
664076,Garrett,Cleavinger,TB,174,L,0.3944414101290963,1.630759337914045,1.8142155889146987,6.33424192665572,14.033940886699508,2.411871921182266,0.3608302250508221,0.4341697749491779,0.0
687911,Bryan,King,HOU,278,L,0.39276978776529337,1.6238482639009353,1.4907749176616358,7.704590123819311,11.531951989428867,0.8190942348162287,0.7637015008436284,0.2326456909256413,0.0036528082307303086
702566,Owen,Murphy,ATL,56,R,0.39240842490842487,1.6223542629211174,2.1102518475223055,8.239232804232804,16.3239417989418,2.245396825396825,0.47891621258946,0.31927611824983737,0.20180766916070267
669438,Mason,Englert,TB,173,R,0.38633470760116884,1.5972433821659346,2.4357118996767704,8.12537058445729,18.84155170199101,3.1630648683365448,0.4885684194102044,0.28642989328233914,0.22500168730745645
663542,Bryan,Hudson,CWS,269,L,0.38041821920888186,1.572782540972247,1.4761016452075193,7.996784570112862,11.418446274069705,0.7323351464307035,0.6445608253234524,0.3554391746765475,0.0
687060,Blake,Adams,COL,9,R,0.37857142857142856,1.5651472597876128,1.5073281224088377,6.477777777777778,11.66,1.2955555555555556,0.44405405405405407,0.08594594594594596,0.0
814305,Yunior,Tur,ATH,78,R,0.372469696969697,1.5399205580989836,1.879116279677716,7.021901709401711,14.535982905982905,1.9724786324786323,0.6941226886556721,0.003605442176870748,0.3022718691674571
663903,Brady,Singer,CIN,715,R,0.37225716812533327,1.5390418892051452,1.520646253469254,6.982355263988884,11.763022962191066,1.1720904856637615,0.6161042643020094,0.3838957356979905,0.0
669620,Brady,Basso,ATH,195,L,0.37025280333549127,1.5307551411262577,1.4867646177307678,7.450235460445987,11.500930145877515,0.5286107576633893,0.6487291993709376,0.2805783517871443,0.07069244884191808
702752,Jonathan,Pintaro,NYM,128,R,0.36521634944543346,1.5099326716789012,1.232401013244703,6.086588361210674,9.533289799880526,0.5708152877339706,0.8862604532960521,0.023808434152324295,0.08993111255162359
703615,Jose,Cabrera,AZ,128,R,0.364766081871345,1.5080711073701125,1.8887848295273864,7.140248226950353,14.610774379432623,2.020187056737589,0.6187497600191985,0.18015655747540196,0.2010936825053996
607536,Kyle,Freeland,COL,610,L,0.3589484280305847,1.4840188829282965,1.805228713119423,7.50378323247796,13.964422531528468,1.3029118088898122,0.5515360819888542,0.32083055941142885,0.12763335859971692
671111,Sammy,Peralta,LAA,111,L,0.3580295766142113,1.4802200284243638,1.3233041448079907,7.146136088011088,10.236474792099791,0.6299701143451143,0.3838469015507775,0.4222708477904031,0.19388225065881937
596117,Garrett,Stubbs,PHI,24,R,0.35659090909090907,1.4742720715478004,1.8699400763845484,7.039999999999999,14.465,1.485,0.0721304347826087,0.0,0.7228695652173913
689147,Orion,Kerkering,PHI,265,R,0.34898869246695335,1.4428418377285275,1.250337004878601,6.232408018867924,9.672034416491963,0.8887736722571628,0.5659144376425215,0.36441475084127695,0.06967081151620161
683155,Joey,Estes,ATH,33,R,0.3471290322580645,1.435153349215113,2.2455601686379087,7.164375000000001,17.370625,2.841875,0.47813333333333335,0.261,0.05586666666666667
676661,Max,Lazar,PHI,45,R,0.34558928571428577,1.428787496163664,1.3035070240956927,7.301555555555556,10.083333333333332,0.44,0.6946263736263736,0.12856593406593406,0.1768076923076923
687792,DJ,Herz,WSH,35,L,0.34375,1.421183242967526,1.9501819373483613,6.914285714285715,15.085714285714285,1.8857142857142857,0.484375,0.21875,0.296875
607625,Seth,Lugo,KC,740,R,0.3418108380231326,1.4131660662201115,1.334083631841258,6.851344829800082,10.319859966793564,0.6698835640058265,0.5419721667155749,0.3682208260183558,0.08980700726606936
656638,Alex,Lange,KC,274,R,0.3414126314502323,1.4115197403767794,1.895072192159929,6.261377191340695,14.659410537151414,2.560053216045917,0.5121619475617888,0.26743698132031,0.22040107111790108
690986,Kyle,Harrison,MIL,503,L,0.33823013942579155,1.398362200490196,1.2930350145829912,6.450031078958349,10.002326663914223,0.678878269185592,0.5861965981259893,0.3509985363542405,0.06280486551977013
677976,Randy,Dobnak,KC,316,R,0.33776850619260257,1.3964536465544721,1.2286180569116212,6.553463924050633,9.504026582278481,0.5688803094233473,0.4673451395062944,0.28610048027369966,0.24655438022000592
666126,Carlos,Cortes,ATH,48,L,0.33699999999999997,1.393276372014709,1.1396375696379486,5.414880952380953,8.815714285714286,0.9716666666666665,0.7799056603773584,0.0,0.01509433962264151
694680,Trevor,Martin,LAA,73,R,0.33666666666666667,1.3918982549306194,1.269044807286962,6.360399629210011,9.81674940776599,0.3616438356164383,0.7133345048711308,0.12193155752867185,0.16473393760019733
676604,Tyler,Zuber,MIA,173,R,0.33407145782145775,1.38116874999153,1.6739242012119353,6.853217142652619,12.94871096476315,1.591934115295038,0.5512505365335912,0.4487494634664087,0.0
681973,Josh,Hendrickson,HOU,17,L,0.33333333333333337,1.3781170840897223,0.8364750956763805,6.470588235294118,6.470588235294118,0.0,0.7916666666666666,0.20833333333333331,0.0
664062,Tony,Gonsolin,KC,15,R,0.33333333333333337,1.3781170840897223,1.5168081734931698,5.866666666666666,11.733333333333333,1.4666666666666666,0.5873015873015873,0.15873015873015872,0.25396825396825395
664199,Taylor,Clarke,AZ,280,R,0.33271785718074665,1.3755724894875336,1.348325945205731,6.9543958458681026,10.430031980014126,0.6456089544039554,0.45491573334824736,0.2755604503054584,0.2695238163462943
696147,Sam,Bachman,LAA,216,R,0.33182766479663395,1.3718921214895168,1.241823816227333,6.049568535159036,9.60618028811867,0.8815140493510198,0.3185194773025367,0.5365608541344346,0.14491966856302865
645302,Víctor,Robles,SEA,9,R,0.33125000000000004,1.3695038523141616,0.8374045124493542,6.477777777777778,6.477777777777778,0.0,0.22423076923076923,0.22423076923076923,0.08153846153846155
684516,Hancel,Rincon,STL,14,R,0.33125,1.3695038523141614,1.6149944168666117,6.246428571428571,12.492857142857142,1.2492857142857143,0.37331567796610177,0.3072669491525424,0.31941737288135597
694350,Zach,Brzykcy,MIA,11,R,0.33,1.3643359132488249,0.9643797421243507,6.86,7.460000000000001,0.0,0.22041666666666665,0.18916666666666665,0.12041666666666667
642215,Weston,Wilson,SEA,20,R,0.3292857142857143,1.3613828052114898,1.1924549971078,7.244285714285715,9.224285714285713,0.6599999999999999,0.1610080285459411,0.0,0.3689919714540589
686475,Tyler,Tolbert,KC,33,R,0.3291954022988506,1.3610094237355048,1.5486956180495604,6.16,11.98,1.7200000000000002,0.0,0.0,0.53
656986,Bennett,Sousa,HOU,143,L,0.327355604719764,1.3534030543104865,1.2134043947112938,6.44868376068376,9.386340659340659,0.8641355311355313,0.37763516090133886,0.6223648390986611,0.0
691384,Luis,Perales,WSH,60,R,0.3241640876853643,1.3402082018626778,1.7927505835171196,5.696025641025642,13.867897435897437,2.2634615384615384,0.5285554366270722,0.1601083252839055,0.31133623808902233
820862,José,Fermin,LAA,235,R,0.3239127239206377,1.3391689757672052,1.2750225676290905,6.471841404319502,9.862990623963714,0.29825422804146207,0.35952036296760587,0.615147508242535,0.025332128789859232
665795,Edward,Cabrera,CHC,345,R,0.31985749185667756,1.3224032220053294,1.1268253153915626,5.59742132505176,8.716604554865423,0.8367060041407868,0.3578320100436372,0.3166365722038291,0.32553141775253364
641401,Connor,Brogdon,CLE,67,R,0.3189285714285714,1.3185627386701304,0.8894976289799266,5.107611940298508,6.880746268656717,0.4925373134328358,0.4193861209964413,0.009608540925266904,0.36600533807829183
622491,Luis,Castillo,CWS,580,R,0.31886240209389183,1.3182891713984362,1.526847171163117,6.301553639846743,11.810990421455939,1.332704980842912,0.670542738776203,0.18983333935254215,0.1396239218712549
687941,Alec,Gamboa,BOS,135,L,0.31874933685759543,1.317821719997166,1.1045412883306602,6.217836003051107,8.544225527587084,0.04888888888888889,0.6369537970657471,0.3488527880661185,0.014193414868134455
683734,Andrew,Vaughn,MIL,26,R,0.31800000000000006,1.314723698221595,1.3913798053004656,5.381538461538462,10.763076923076923,1.793846153846154,0.03831325301204819,0.006385542168674699,0.4853012048192771
644433,Chadwick,Tromp,BAL,6,R,0.318,1.3147236982215948,1.758549476143644,5.83,13.603333333333335,1.943333333333333,0.06625,0.0,0.46375
688297,Chris,Roycroft,ATH,186,R,0.317960371398195,1.3145598596620967,1.2922493028195505,5.978609002740882,9.996248757567542,1.2002518749435256,0.9102156274419024,0.07673946081587348,0.013044911742224096
808825,Andrew,Sears,DET,92,L,0.31784615384615383,1.3140876441827842,1.294024939247541,5.68608123569794,10.009984267734552,0.7997733123569793,0.5710167050691244,0.30582114793808346,0.12316214699279215
690440,Bradley,Hanner,NYY,34,R,0.31625000000000003,1.307488583530124,2.027981589773905,6.7217279411764705,15.687536764705884,2.100514705882353,0.7296576206140352,0.2703423793859649,0.0
656492,Foster,Griffin,CLE,716,L,0.3160722865731065,1.3067538538011017,1.1081911128746889,6.511493748337324,8.572458898643257,0.32321996439314876,0.584585539914854,0.25765498946606663,0.15775947061907944
663992,Richard,Lovelady,WSH,164,L,0.315934065934066,1.306182401128995,1.2539667525512066,5.760376470588235,9.700112482065999,0.9021136298421808,0.5323515069376655,0.46764849306233436,0.0
663554,Casey,Mize,SD,539,R,0.3154054532305467,1.3039969305362347,1.5436916598712815,6.015280553119977,11.941291671341281,1.335567104731831,0.44988304028475534,0.3069544932034336,0.24316246651181103
663158,Robert,Suarez,ATL,131,R,0.3145454545454546,1.3004413938955743,1.8502875554951164,6.859541984732825,14.31297709923664,0.05038167938931297,0.6860692771084338,0.0,0.3139307228915663
624431,Jose,Trevino,CIN,49,R,0.3139639934533552,1.2980374295013073,1.8105907895412066,6.781111459968604,14.005901098901099,2.0600047095761385,0.06460365185636031,0.0,0.7303963481436397
660787,Yerry,De los Santos,NYY,91,R,0.313546218487395,1.296310201047623,1.9125858373216074,6.710993894993896,14.794888074888075,2.6392210012210016,0.6476199283143165,0.08187187776240806,0.27050819392327546
672578,Carlos,Hernández,CLE,14,R,0.3098461538461539,1.281012834164631,1.2202180038547734,6.107619047619047,9.43904761904762,0.8328571428571427,0.39290346907993967,0.16527526395173456,0.23682126696832578
701474,Duncan,Davitt,SF,36,R,0.30971802391157227,1.2804831000091403,1.7213064183123383,6.320952380952381,13.315238095238096,1.7485714285714284,0.5024570644089925,0.4054405429580149,0.09210239263299257
695034,Kade,Morris,ATH,87,R,0.30891268677559,1.2771535534124931,1.3650853263607203,5.948290640394088,10.559674876847291,0.9403103448275862,0.4667678762696077,0.1849902323584509,0.14324189137194138
684974,Craig,Yoho,CLE,162,R,0.30785934415441985,1.27279866502759,1.243892268330999,5.796079695767195,9.622180886243386,0.42515873015873007,0.39794938022692816,0.006535776152980878,0.595514843620091
656557,Tanner,Houck,BOS,13,R,0.3076923076923077,1.272108077621282,2.1877040963843797,6.76923076923077,16.923076923076923,3.384615384615385,0.52,0.26,0.22
687924,Julian,Aguiar,CIN,14,R,0.30769230769230765,1.2721080776212819,0.8125758072284839,6.285714285714286,6.285714285714286,0.0,0.49999999999999994,0.2592592592592592,0.24074074074074073
700187,Troy,Taylor,SEA,15,R,0.30769230769230765,1.2721080776212819,1.5168081734931698,5.866666666666666,11.733333333333333,1.4666666666666666,0.6274509803921569,0.37254901960784315,0.0
669684,Chris,Murphy,CWS,148,L,0.3067516339869281,1.2682190021094693,1.589933429222133,6.2657329093799685,12.298996820349762,1.0245875287051756,0.3773814989612976,0.5977095502753318,0.024908950763370574
669203,Corbin,Burnes,AZ,46,R,0.305989010989011,1.2650660507630214,2.0678670559800434,6.065942028985507,15.996072463768117,2.8030869565217396,0.6225,0.2736363636363636,0.10386363636363637
671106,Logan,Allen,CLE,80,L,0.30499999999999994,1.2609771319420955,1.028641046462025,5.889186182669789,7.957096018735363,0.49635245901639347,0.4929169862395669,0.16453546746508624,0.13754754629534688
671936,Adam,Macko,TEX,140,L,0.30400838574423483,1.256877450302005,1.3125908615841277,6.050327504259707,10.153601739754283,0.9248542731593579,0.38015952982913903,0.4613661234708968,0.15847434669996424
670032,Nicky,Lopez,TEX,7,R,0.3028571428571428,1.2521178078300903,0.8613303556621928,6.662857142857142,6.662857142857142,0.0,0.4195833333333333,0.0,0.11041666666666666
621237,José,Alvarado,PHI,268,L,0.3026810372388021,1.2513897253463715,0.8784158661757548,5.542466856892011,6.795022827041265,0.21513432835820895,0.9839493943429157,0.01605060565708421,0.0
681517,Kyle,Leahy,STL,592,R,0.3025069119286511,1.250669830152297,1.290920769407631,6.169217113040643,9.985971831560066,0.7152802576331988,0.38176637227555804,0.45907800213364397,0.15915562559079804
640448,Kyle,Finnegan,DET,267,R,0.30148361004682844,1.2464391407357343,1.1957868856633689,6.183707247808371,9.250059678149567,0.9047062737512176,0.39714019621228375,0.18789756067432534,0.20996224311339093
675848,Juan,Mejia,COL,314,R,0.30145707912006964,1.2463294525654651,1.0745237691793155,5.997136115151211,8.31202374742966,0.3157996890516074,0.5716193898451292,0.42172187882480416,0.006658731330066709
681217,Chase,Silseth,TEX,263,R,0.30094568331622007,1.2442151626834144,1.226158728251773,5.729542573269736,9.485002342136259,0.680077776468855,0.5453704965266208,0.288045391336549,0.16658411213683005
669923,George,Kirby,SEA,736,R,0.2998217991449399,1.2395686307524767,1.28810452468527,5.955117012223425,9.96418665222549,0.7770275671772654,0.5396881064776126,0.36773035357546724,0.09258153994692031
800600,Jackson,Kent,WSH,170,L,0.29953205995041693,1.2383707471507692,1.0538611212727946,5.73188627954391,8.15218696669939,0.20827403156384505,0.4217927620832169,0.37719238750773665,0.20101485040904643
700249,Cade,Povich,BAL,160,L,0.29920833333333335,1.237032347606037,1.1785648123688515,5.884529914529914,9.116837606837606,0.951688034188034,0.5615486597916934,0.3347007294731996,0.10375061073510694
676440,Tanner,Bibee,CLE,774,R,0.2991845094779485,1.2369338514196926,1.279141240191643,6.1137700447741254,9.894850788559209,0.6305751837743919,0.6596774815583969,0.1701118071630907,0.17021071127851245
642701,Dennis,Santana,AZ,247,R,0.29913474934508216,1.2367281255520637,1.2300616180430954,5.973339240847585,9.515193310041836,0.8768142980967114,0.5140697912681962,0.3749668432636079,0.1109633654681959
676254,Ryan,Walker,SF,146,R,0.2987050739957716,1.2349516967335723,0.8592832183326017,5.113860203723217,6.647021426062523,0.4206427818756586,0.600026841952752,0.19497315804724796,0.0
687473,Ryan,Gusto,MIA,390,R,0.29817215595915786,1.2327484263815414,1.1786657978726824,5.986591968297678,9.11761878444397,0.5247016336583431,0.5117614009271843,0.3811619813908683,0.10707661768194743
668834,Easton,McGee,KC,52,R,0.29805276283999693,1.2322548132898261,1.4899827542160757,5.999835164835165,11.525824175824177,1.1271978021978022,0.43351256038647346,0.32953612453032743,0.03195131508319914
606965,Chris,Devenski,NYM,38,R,0.2975595238095238,1.2302155898865215,1.3182356459726667,6.004992408906882,10.197267206477733,1.2746584008097166,0.33400739185865325,0.090623504565181,0.37036910357616576
680736,Justin,Wrobleski,LAD,573,L,0.2971356573281353,1.228463176968398,1.1735072658448138,6.302200008799332,9.077714743279511,0.7343705310396409,0.6166727173851463,0.3518929920771332,0.03143429053772051
622608,Antonio,Senzatela,MIL,310,R,0.29704536394636166,1.2280898724123905,1.075052436337093,5.890493476511894,8.316113274433134,0.4054727717208048,0.907138963480129,0.07776168098818474,0.01509935553168636
692030,Jose,Corniell,TEX,26,R,0.29681159420289854,1.227123386180761,1.5351432173485817,5.6837362637362645,11.875164835164835,0.5076923076923077,0.23911538461538462,0.1407142857142857,0.15017032967032967
664353,José,Urquidy,PHI,163,R,0.29655144855144855,1.2260478526809166,1.1384847722501867,6.304694781250504,8.806796773102748,0.3914907492391672,0.43917342147125044,0.2675429452540576,0.293283633274692
678606,José,Ferrer,SEA,290,L,0.2958536743960501,1.223163009227744,1.084197574774202,5.841894261298119,8.386855876917245,0.6934033361239673,0.649542066650231,0.12814624791342083,0.22231168543634813
676477,Garrett,Whitlock,BOS,203,R,0.29532896978646067,1.2209936960680166,1.0300742745814215,5.754469764675379,7.968182815049795,0.6284937546706523,0.5954855487104463,0.1836036185934311,0.22091083269612255
681867,Cooper,Criswell,SEA,165,R,0.29490306893060464,1.2192328723312655,0.9230717802972555,5.549890350877192,7.140460526315789,0.12,0.5821454531436463,0.15126054400181166,0.266594002854542
656240,Scott,Blewett,ATH,155,R,0.294840848806366,1.2189756324827032,1.3828221339169857,6.1949402025790175,10.696878696660294,1.20358292315828,0.6773676397409558,0.27035450803648226,0.052277852222561864
672629,Gerardo,Carrillo,AZ,79,R,0.29444444444444445,1.217336757612588,0.9654532024542681,4.398329113924051,7.468303797468355,0.0,0.4873241912798876,0.1129324894514768,0.1947433192686357
702352,Spencer,Bivens,KC,41,R,0.29389010989010983,1.2150449438536985,0.8719595845698872,5.44827432467873,6.7450799895095725,0.3242014162077105,0.6669395130417028,0.20151083952543808,0.13154964743285913
676510,Nolan,Hoffman,KC,64,R,0.29332729582729583,1.2127180728283087,0.9068602503558524,5.541918650793651,7.015055555555554,0.0,0.7235941496407646,0.15609600459037615,0.12030984576885918
663776,Patrick,Sandoval,BOS,316,L,0.2933204486823743,1.2126897643261279,1.0785365729891407,5.827227080235548,8.34306495984185,0.4132443025704811,0.4359125607902293,0.24111500709789252,0.3229724321118782
680570,Grayson,Rodriguez,LAA,435,R,0.29272247243554717,1.2102175204812309,1.1874543236595958,5.7129994722595585,9.185602794794448,0.8758677997807276,0.465951097811227,0.24842328886522108,0.28562561332355196
680723,Drew,Rom,ATH,79,L,0.29126620365935435,1.2041967938427376,1.1154962207683288,6.194513145082765,8.628967867575463,0.08354430379746836,0.6839688035990795,0.09993444124762027,0.21609675515330024
623474,Jimmy,Herget,COL,228,R,0.29080894140409064,1.2023063110650727,1.3343937178970755,5.76674361533679,10.322258650502224,1.2993627115268793,0.53405105392024,0.3593245443937381,0.10662440168602194
688642,Zach,Agnos,COL,396,R,0.2901533160800669,1.1995957256856757,1.2900872115217679,5.727571428571428,9.979523809523808,0.6710952380952381,0.5579672550972125,0.3376063110909361,0.10442643381185154
669194,Ryne,Nelson,AZ,370,R,0.289360165118679,1.1963165610152233,0.9337648041017165,5.903176861071598,7.2231768610715985,0.3210810810810811,0.6924658110554904,0.30753418894450957,0.0
605135,Chris,Bassitt,BAL,456,R,0.28837195090515955,1.1922309363440489,1.0881688038637922,5.817885189163385,8.417575486334885,0.3064488602458527,0.6557478767156162,0.2927090243646902,0.05154309891969375
700241,Michael,McGreevy,STL,696,R,0.28800398293744045,1.1907096275159146,1.1748848843903952,5.84065429573349,9.088371369400047,0.5022278352349249,0.4887688280060883,0.2848223979971952,0.22640877399671647
674003,Cody,Bradford,TEX,191,L,0.28798611111111116,1.1906357391083497,1.2676319521293995,6.056398120211791,9.805820207353506,0.93974317449049,0.5343517158155697,0.1592372823270178,0.3064110018574124
660825,Eduard,Bazardo,SEA,288,R,0.28752427232201394,1.1887263353322992,1.3941376230680504,5.518523425499232,10.784410138248848,1.6228224526369686,0.6796961370614283,0.30979075953711877,0.010513103401452917
686930,Mason,Barnett,ATH,227,R,0.2873445720839629,1.1879833914280797,1.246805156676989,5.445969162995595,9.644713656387665,1.2070484581497798,0.5130445459348,0.39020302766937626,0.09675242639582375
592662,Robbie,Ray,SD,706,L,0.2872926533008252,1.1877687409419981,1.0662843036010372,5.5272929646960725,8.24828701538409,0.6979352451296605,0.5181231698534946,0.31264198179282215,0.1692348483536833
595014,Blake,Treinen,LAD,126,R,0.2871949103528051,1.1873646372624507,1.2057644284330942,5.525407772304324,9.327241379310346,0.5326600985221674,0.6379977705438231,0.36078765455739137,0.0012145748987854252
571948,Hoby,Milner,SEA,170,L,0.2871195627157652,1.1870531236648993,1.095356864091736,6.061380877434585,8.473179028132993,0.38873303167420814,0.5072987521564029,0.21507094184827794,0.2776303059953191
664129,Geoff,Hartlieb,ATH,120,R,0.28703873814972214,1.186718966519065,0.889256186343674,5.428316950811649,6.878878579003182,0.055,0.6278127615988924,0.37218723840110757,0.0
702885,Cesar,Perdomo,SF,102,L,0.28697061028639975,1.1864373020020238,1.2110518026216102,5.875936926494736,9.368142084419974,0.8730512894813097,0.46027508675078865,0.22258657728706624,0.31713833596214513
543309,Kyle,Higashioka,TEX,16,R,0.28642857142857137,1.1841963229713823,1.4540028350594683,5.468571428571428,11.247499999999999,1.1353571428571427,0.056203208556149735,0.0,0.4737967914438503
641927,Bailey,Ober,MIN,559,R,0.2861134400578845,1.1828934591943538,1.3011630136501913,5.913001158825137,10.065201142081655,0.8618083816299534,0.34363073018259394,0.37174786677994653,0.28462140303745953
669062,Erik,Miller,BOS,225,L,0.2860861118641005,1.1827804748421606,0.9314953230644587,5.082668200644271,7.2056211951876925,0.5697620581596652,0.6102622888836715,0.3790669794090115,0.010670731707317072
657612,Tim,Hill,NYY,237,L,0.2846059360730593,1.1766609082068908,1.2533960397812465,5.827845087402048,9.695697709463534,1.2338200723327306,0.903774519222155,0.096225480777845,0.0
543135,Nathan,Eovaldi,TEX,607,R,0.28446971289187784,1.1760977137271853,1.1510921386580295,5.628092262605207,8.904321585471092,0.4330643624830492,0.37126574283840175,0.21924538529964427,0.409488871861954
669461,Matthew,Liberatore,STL,667,L,0.28365477341289835,1.1727284676717429,1.2560801377035968,5.802693651378172,9.716460661676345,0.9002689232393233,0.38815271459552125,0.5236771487542718,0.08817013665020693
686751,Seth,Johnson,ATH,158,R,0.2834676470588235,1.171954821595441,1.2573148374279306,5.510626147254786,9.726011733252404,0.9406308658519928,0.5575171661902407,0.4308586204479156,0.011624213361843596
656288,Griffin,Canning,SD,387,R,0.2828391432273653,1.169356365992796,1.1347234518226448,5.513900276618299,8.777700920956734,0.7395627526005433,0.3734120552165911,0.3492928591408656,0.2772950856425433
592332,Kevin,Gausman,CHC,752,R,0.28269340181095504,1.1687538197853526,1.23864406171047,5.936825928643244,9.581583163500992,0.8692891905111275,0.49265029376758307,0.07242221995196432,0.43492748628045264
682052,Jacob,Lopez,ATH,543,L,0.2824289022973233,1.1676602858899447,1.4162644775449196,5.695081143601491,10.95557335040201,1.2458045267291664,0.5579513528410358,0.34644803643896915,0.09560061071999502
641835,Tim,Mayza,PHI,267,L,0.28235347222222223,1.1673484314644917,1.2218625330960933,5.67224429417313,9.451768944065524,0.7613940994444808,0.7603791256398554,0.23329640139955793,0.0063244729605866174
682825,Luis,Mey,CIN,161,R,0.2820768916540975,1.1662049502463119,0.874091536593872,5.2646649616368295,6.761571793934966,0.27298136645962734,0.6553389911345529,0.34466100886544715,0.0
676620,Blake,Weiman,LAA,73,L,0.28188511830635116,1.165412091865905,1.4705383226684257,6.201472602739726,11.375410958904109,1.3056066536203523,0.1896372026516029,0.7193557928843618,0.09100700446403537
695076,Rhett,Lowder,CIN,598,R,0.2815766030153388,1.164136581286164,1.126397797265015,5.486983324697348,8.713297470441377,0.47112970464930054,0.5146867671549964,0.3007513123420024,0.1845619205030012
683769,Hunter,Gaddis,CLE,254,R,0.2815717239381931,1.1641164094674565,1.207648588317291,5.5951257095536855,9.341816377230922,1.0073137515564565,0.31065820741560235,0.49100831003166245,0.19833348255273528
674444,Steven,Cruz,KC,242,R,0.2814883526059997,1.1637717230957996,1.4021005082481093,5.918171288171288,10.84600737100737,1.527285792285792,0.8926005001949798,0.10739949980502017,0.0
489446,Kirby,Yates,PIT,175,R,0.28112828100169873,1.1622830606076513,0.8811030336380858,5.841040293040293,6.815809523809523,0.16874725274725275,0.6514041413132323,0.032470801925347376,0.31612505676142044
579328,Yusei,Kikuchi,LAA,298,L,0.28111096948848086,1.1622114887313002,1.0748552999764365,5.548532724442817,8.314588317835375,0.2823291545312566,0.43681648832705244,0.4091095872774188,0.15407392439552878
805074,Yunior,Marte,SF,103,R,0.2807969208211144,1.1609131012301004,1.3812214175323598,5.592246145059966,10.684496287835524,1.2164605939463164,0.423164057546826,0.4283339725236301,0.14850196992954393
663795,Justin,Hagenman,NYM,33,R,0.2803366935483871,1.1590103600287716,1.344501545992456,5.8188515406162455,10.40044817927171,1.5271988795518205,0.6666412463505487,0.08638925802879291,0.2469694956206584
547179,Michael,Lorenzen,TOR,609,R,0.28023841546972544,1.1586040439311862,1.2271909188559507,5.540025918413342,9.492986895907787,0.9633367139959432,0.4460960238388322,0.20343565641917832,0.1454683197419895
696149,Bubba,Chandler,PIT,667,R,0.2798368473895583,1.1569438204360758,1.0672040989008706,5.351592020924621,8.255402130558164,0.5811994933085959,0.60192192546976,0.2840250167196876,0.11405305781055243
691594,Javier,Sanoja,MIA,26,R,0.27903846153846157,1.1536430128928001,1.411069142167925,5.906153846153846,10.915384615384616,1.2861538461538462,0.53,0.0,0.0
656794,Sean,Newcomb,CWS,371,L,0.2786740962190847,1.152136598678351,1.182610186825217,5.404913568705353,9.148130770854104,0.9017389417736682,0.6401102573807876,0.3393978515892535,0.020491891029958787
657514,Brennan,Bernardino,COL,258,L,0.27829995671620256,1.150589774556087,1.1754142464202917,5.643557133273703,9.092466271615981,0.46821947674418607,0.5576426743375896,0.3632654069094747,0.0790919187529357
641743,Anthony,Kay,CWS,705,L,0.27822465396627827,1.150278446537638,1.0613058714707104,5.411648739074202,8.209776144541419,0.5500316787041832,0.5191223348010189,0.332581536994395,0.14829612820458604
667297,Tommy,Nance,MIN,251,R,0.2781889964402698,1.150131025800332,1.0419664906279453,5.340759501675835,8.06017555176121,0.681501422879909,0.26223496026350124,0.7377650397364988,0.0
689981,River,Ryan,DET,21,R,0.27777777777777773,1.1484309034081015,1.2188637108427258,5.238095238095238,9.428571428571429,1.0476190476190474,0.5975609756097561,0.2804878048780488,0.12195121951219512
687312,Gabriel,Hughes,COL,277,R,0.2776280907372672,1.1478120446047184,1.2770831176474415,5.613695627477216,9.878930095175582,0.7628814092045139,0.5686137088256227,0.34105949146591846,0.09032679970845892
669947,Jesse,Scholtens,TB,205,R,0.27714253831275104,1.1458046003303777,1.913133996037226,5.57465399886557,14.79912837965589,2.580372471166572,0.3878991185053702,0.3609463190830049,0.25115456241162487
656529,Sam,Hentges,SF,169,L,0.2770507509612729,1.1454251191788516,0.9029446869504992,5.338703053758323,6.98476655037634,0.0,0.6732501327203471,0.32674986727965294,0.0
684665,Luke,Murphy,LAA,89,R,0.27663920454545454,1.143723641739246,1.3602400859219237,5.483037425644415,10.522194315928619,0.8868386483807006,0.6732586530215281,0.2590933556019109,0.06764799137656097
663878,Nate,Pearson,KC,199,R,0.2763405414780195,1.1424888637123896,0.9450642112809524,4.752900384274313,7.310583899891615,0.42964538378165334,0.6341794686210269,0.3543551588328153,0.011465372546157775
605488,Jeffrey,Springs,ATH,624,L,0.2758846648799209,1.1406041097281603,1.331767799525954,5.411582966950658,10.301945748651535,1.2423427618601661,0.5289510541106549,0.20087700214867515,0.27017194374067
434378,Justin,Verlander,DET,39,R,0.2758771929824561,1.1405732182795199,1.5981178424087894,5.711538461538462,12.362307692307693,2.0476923076923077,0.4091767881241565,0.4161943319838056,0.1746288798920378
642376,Jefry,Yan,NYM,93,L,0.2757325131009342,1.1399750608301717,0.9935037934907628,5.09532688172043,7.685290322580646,0.8215290322580645,0.695600280090725,0.17705530421810542,0.12734441569116953
676755,Isaac,Mattson,PIT,175,R,0.2753522267206478,1.1384028233576136,1.1107911284813374,5.6780952380952385,8.592571428571429,0.11314285714285714,0.4946019055850517,0.19520465489566613,0.10519343951928223
666808,Camilo,Doval,SF,262,R,0.2749408877639215,1.136702203626765,0.846229633008011,5.32874164803985,6.54604486852209,0.22192146344818098,0.5942219939552558,0.39647582308306684,0.009302182961677475
663738,Daniel,Lynch,KC,354,L,0.27479276151151155,1.1360897976696203,1.3432145118097345,5.528692144603856,10.390492272294699,1.2772947670846735,0.4893176019382916,0.2731635945472152,0.23751880351449317
685126,Brandon,Eisert,PIT,184,L,0.2744487012335774,1.134667331628687,0.9496182159398735,5.471121463077985,7.345811594202899,0.2152173913043478,0.5060225794324871,0.34195621332469356,0.15202120724281934
664991,Grant,Wolfram,BAL,221,L,0.27386943694369437,1.1322724495864143,0.9140114039873242,5.525251263197585,7.070373604826544,0.19079276018099545,0.6182586277718993,0.3817413722281006,0.0
681892,Kody,Funderburk,MIN,216,L,0.2737688681920565,1.131856663042141,0.8419826985614366,5.5623802681992345,6.513192528735633,0.13766666666666666,0.7548688335817706,0.17032760738300498,0.07480355903522448
690279,Mason,Adams,COL,123,R,0.2730846979107849,1.1290280627830005,1.2183704764998378,5.496663381365272,9.424755993595742,0.8431334289813486,0.6284207341987514,0.32711572120408333,0.04446354459716528
666157,Nick,Lodolo,CIN,475,L,0.2726411400379029,1.127194238735797,1.2272689793178604,5.1658849329205365,9.493590735889498,0.8660960943081687,0.5409341750312517,0.24237911981393848,0.21668670515480967
621383,Tanner,Banks,PHI,173,L,0.2726230661040787,1.1271195147448576,1.014314582182064,5.383862647949353,7.84627305257363,0.6682023121387284,0.38103954237562854,0.5762264670142149,0.042733990610156675
660853,Enyel,De Los Santos,HOU,296,R,0.27262123197903015,1.1271119318276661,1.6344930482792124,5.581427492008137,12.64368962510898,1.6262138186573671,0.4524618335191839,0.28725897245281456,0.2602791940280015
681895,Evan,Sisk,PIT,193,L,0.27217740186510514,1.1252769822403657,0.8348785826817122,4.7410880829015545,6.458238341968912,0.06839378238341969,0.45128232543017205,0.46173219287715084,0.08698548169267707
641302,Tyler,Alexander,TEX,308,L,0.27093197480653,1.1201279493211354,0.9924365707061507,5.45517935341168,7.677034775905983,0.20479573484069888,0.5906960729253352,0.2120399519278727,0.19726397514679217
667755,José,Soriano,TOR,740,R,0.2704856991768979,1.1182828891129089,1.1095184167754293,5.423392178348075,8.582726313715366,0.7038138336117691,0.5029833915819414,0.30689013377901936,0.1901264746390392
690978,Dax,Fulton,MIA,121,L,0.27048057734005027,1.118261713640324,1.1102981796683127,5.373094326725907,8.58875820232399,0.43741575529733423,0.42042713836068346,0.5052971862562605,0.07427567538305606
694341,Brendan,Beck,NYY,58,R,0.2697857142857143,1.1153889057014743,1.5391416846444295,5.18875478927203,11.906095146871007,1.9192401021711367,0.5293928641088126,0.3516247394480882,0.11898239644309921
669276,Dylan,Lee,ATL,264,L,0.26895179034032435,1.1119411711935543,1.39974088237569,5.537508771929824,10.827754385964912,1.1370701754385966,0.3142008251373656,0.5249919335339812,0.16080724132865326
687562,Jake,Bennett,BOS,445,L,0.2677748099334629,1.1070751207745504,1.1016282733517178,5.59577548154093,8.521691777868282,0.7122779012242161,0.5962080035915788,0.09396728694811216,0.3098247094603091
694297,Brandon,Pfaadt,AZ,557,R,0.26770450489918474,1.1067844550680417,0.975229196678619,5.5596660588678715,7.543926411391173,0.31369213418970854,0.5574010685435944,0.29043663265534736,0.15216229880105822
702275,JR,Ritchie,ATL,322,R,0.26735615598244766,1.1053442582879032,1.2783649759238391,5.126847764905119,9.888845963711828,1.0774566465500786,0.5433862120929134,0.27508392597452563,0.18152986193256102
806188,Cade,Gibson,MIA,214,L,0.26719988697912234,1.1046981873383142,0.9971981877135281,5.456854592910667,7.713868464258652,0.40587124273806524,0.3246703360890186,0.5599981401005198,0.11533152381046151
657746,Joe,Ryan,MIN,609,R,0.26711474775814475,1.1043461918934483,1.172576047244357,5.259103802880814,9.070511262683677,0.9176301900738683,0.481673978155882,0.4095552283722934,0.1087707934718246
669160,Dustin,May,MIL,615,R,0.26696270881999007,1.1037176095190948,1.1540503572824317,5.243098063220014,8.927205009887937,0.9843880465831685,0.7398252663452218,0.2245010726837888,0.035673660970989444
663485,Cole,Sands,MIN,54,R,0.26625,1.1007710209166655,1.205546496224259,4.363333333333333,9.325555555555555,1.21,0.3685116199589884,0.06339883800410116,0.09808954203691045
686993,Justin,Sterner,ATH,180,R,0.2661428571428571,1.1003280547110652,1.1646919903608268,4.578095238095238,9.00952380952381,1.1261904761904762,0.4028236914600551,0.12717630853994488,0.0
642232,Ryan,Yarbrough,NYY,265,L,0.2660778813236972,1.100059421851754,0.8916380161463228,5.472992846942805,6.897303323480518,0.07471698113207546,0.5554380469644324,0.17480998085371569,0.2697519721818518
696270,Ryan,Johnson,LAA,431,R,0.2658673898843764,1.0991891763060062,1.007444112504919,5.29377924298691,7.793126245820305,0.534241084050328,0.5261381159483849,0.30165398999413057,0.17220789405748452
671162,Connor,Thomas,KC,115,L,0.2656685162663423,1.0983669629142436,0.9567874217293302,5.401830223635347,7.401269286700187,0.3844631765749778,0.6429898294883593,0.1724122235306593,0.18459794698098136
669467,Andre,Pallante,STL,673,R,0.26553077205795994,1.0977974799738253,1.0062404398244895,5.386429903744682,7.783815185245533,0.35508660727355457,0.5281436981405426,0.4376637102303729,0.034192591629084335
673540,Kodai,Senga,NYM,282,R,0.26550837234038394,1.0977048716734144,1.1456039879049573,4.5427069320521625,8.861867764813544,0.6179463128193395,0.5864277353500986,0.08363401541581875,0.32993824923408266
682842,Abner,Uribe,MIL,233,R,0.26541975131843565,1.097338481240345,0.8381713810098873,5.4794107548598845,6.483709921736935,0.08497854077253218,0.5955848442972627,0.40441515570273723,0.0
625643,Reynaldo,López,ATL,342,R,0.2653698351594117,1.097132110305776,1.0254136458586816,5.164761904761905,7.932130325814536,0.5464160401002507,0.4007389674489308,0.3396216137598409,0.054639418791228384
664774,LaMonte,Wade,HOU,6,L,0.265,1.0956030818513292,1.758549476143644,5.83,13.603333333333335,1.943333333333333,0.04818181818181819,0.0,0.4818181818181818
677588,José,Tena,WSH,5,R,0.265,1.0956030818513292,0.6029312489635351,4.664000000000001,4.664000000000001,0.0,0.53,0.0,0.0
682120,Tim,Herrin,CLE,232,L,0.2649753378275616,1.0955011197678248,0.927278803241992,5.186173174926104,7.173004129003461,0.19136759290257782,0.391362105339226,0.6074342838282765,0.0012036108324974925
645261,Sandy,Alcántara,MIA,889,R,0.2648257525775415,1.0948826818020831,1.1714219541441524,5.394710686164229,9.06158372703412,0.791872965879265,0.5671753351996267,0.21843388527959268,0.21439077952078073
672442,Yovanny,Cruz,WSH,70,R,0.26477584562330325,1.0946763489233313,1.0121588799572936,4.912994505494505,7.829597527472528,0.8786771978021978,0.4893284418432445,0.440412230861244,0.0702593272955115
676467,Colton,Gordon,MIL,68,L,0.2645559210526316,1.09376710349917,1.0874176243792946,5.5064705882352944,8.411764705882351,0.5823529411764706,0.49889705882352936,0.32919117647058815,0.17191176470588235
663436,Davis,Martin,CWS,613,R,0.2643171673560882,1.092780011854882,0.9286850873982994,5.150156284993483,7.183882499159748,0.5363386800437753,0.5336000780356919,0.2773431259908292,0.18905679597347888
805673,Zebby,Matthews,MIN,541,R,0.26358916862696796,1.0897702093974935,1.26444832195078,5.441263295260909,9.781193102391528,1.051402002930531,0.5272358580191304,0.3374436812020978,0.13532046077877175
593958,Eduardo,Rodríguez,AZ,784,L,0.2635782489224941,1.0897250635036275,1.1021254010743096,5.347443059280636,8.525537330246195,0.8180761363246041,0.6241889246896851,0.13143448460172785,0.24437659070858703
607259,Nick,Martínez,TB,716,R,0.2633034977139781,1.088589145500637,1.1856561279168019,5.565808862157556,9.171692776100263,0.7348079590278697,0.7236680783982659,0.05804976480023533,0.21828215680149876
668984,Casey,Legumina,TB,294,R,0.2628288099208403,1.0866266194286407,1.0600488624687647,5.373826485818208,8.200052498611385,0.6273652147426134,0.6733911057866744,0.17763093843594424,0.14897795577738143
621016,José,Cuas,KC,106,R,0.2620326086956522,1.083334843896226,0.6811311116597973,4.892725772761151,5.268918322349926,0.0,0.7549209709471559,0.24381053010992654,0.0012684989429175475
696062,Wilber,Dotel,PIT,178,R,0.2619998858557793,1.0831995561822199,0.9987178488385454,5.4056619914761725,7.725623866718327,0.46735319643549017,0.7693856004036423,0.1864939852496295,0.044120414346728275
643511,Tyler,Rogers,TOR,285,R,0.2607367683915672,1.0779773849122913,0.9748622832313568,5.448365705931495,7.54108813700919,0.6207602339181286,0.7106142058381237,0.2893857941618764,0.0
573204,Caleb,Thielbar,CHC,206,L,0.2606041898865776,1.0774292588041636,1.0965231413936023,5.479312218705423,8.482200815186252,0.7907706928095277,0.3733947432617484,0.6266052567382516,0.0
671096,Andrew,Abbott,CIN,719,L,0.2601046582917309,1.0753640197294612,1.263899779802609,5.239137231960352,9.7769498315651,1.1186009813034838,0.4994826026731143,0.29827699545805025,0.20224040186883552
675512,Troy,Melton,DET,467,R,0.2598807745103215,1.0744384055374285,0.9847216835821284,4.87290338276905,7.617355942526067,0.3850827969049976,0.644710999732707,0.24992051386645975,0.10536848640083327
500779,Jose,Quintana,COL,204,L,0.2597826086956522,1.0740325535786204,1.666537215619242,5.275686274509804,12.89156862745098,2.3768627450980393,0.46574327405380755,0.35964147286821707,0.1746152530779754
682608,Peyton,Gray,TEX,240,R,0.25961051641834226,1.0733210636564183,0.9588066211838643,4.988,7.416888888888889,0.5541666666666667,0.517907051572555,0.12507608235898365,0.3570168660684613
596001,Jakob,Junis,TEX,231,R,0.2595248353542192,1.0729668280416655,0.8947750988481159,4.822265917602996,6.92157035848047,0.3668031032637774,0.3850001694678055,0.3776286479311808,0.23737118260101375
650644,Aaron,Civale,CHC,491,R,0.25930438213329576,1.0720553969916737,1.1145834981431153,5.154496532046891,8.621907463372972,0.5654836113014288,0.59372349379373,0.29457157789333144,0.11170492831293855
573124,Taylor,Rogers,MIN,265,L,0.25928901752190237,1.0719918742913188,0.8966515913480184,5.071220581533133,6.936086045027801,0.3392674323215751,0.515560264016624,0.4844397359833759,0.0
680899,Erik,Tolman,WSH,65,L,0.2590441176470588,1.0709793721870788,0.9364467384573338,4.793904761904762,7.243923076923078,0.532956043956044,0.5135187058232041,0.21402975187058232,0.2724515423062136
699151,Jedixson,Paez,BOS,55,R,0.25901754385964915,1.0708695068158243,1.0789590868208943,5.4078333333333335,8.346333333333334,0.733,0.42864361860314576,0.1726079184953932,0.39874846290146104
665871,Javier,Assad,CHC,379,R,0.25890975472443256,1.0704238686696605,0.9074477369496947,5.110480624967665,7.019600082777175,0.5396083604945936,0.7200310131699237,0.1991602468756638,0.08080873995441244
805345,Trent,Harris,SF,94,R,0.25882616797770414,1.0700782916986507,1.0588872131752445,5.460711007807379,8.191066511711067,0.528146194648072,0.5056508288955354,0.49113043022322733,0.0032187408812372337
669020,Ryan,Rolison,CHC,257,L,0.25847940773282674,1.0686446630460047,0.9402089338666759,5.225709477142364,7.273025697527558,0.2413269824231853,0.6012358712713765,0.394609016756533,0.0041551119720906965
572955,Pierce,Johnson,CIN,208,R,0.2582355275443511,1.0676363766833767,1.0875480061249772,5.177904858299595,8.412773279352228,0.6706882591093117,0.3915752477292611,0.6084247522707389,0.0
800311,Didier,Fuentes,ATL,303,R,0.2581996322080309,1.0674879727547106,1.2528316711845153,5.423505150427563,9.69133201247954,0.942283667426338,0.656262374110528,0.2679981494842638,0.07573947640520826
663687,Hogan,Harris,ATH,307,L,0.25809859727462325,1.067070258851254,0.8829630741583159,4.855164795392809,6.830197945377099,0.5793496080466765,0.6925963471994362,0.2856113254544543,0.02179232734610957
662253,Andrés,Muñoz,SEA,238,R,0.2580716592236345,1.0669588874864149,1.332506148107017,4.9304452072606235,10.307657275111637,1.681337442138659,0.5735057801132142,0.31360481791406225,0.11288940197272353
669310,CJ,Van Eyk,TOR,54,R,0.25794736842105265,1.066445025651115,1.2993463350086805,5.306888888888889,10.05114814814815,0.948851851851852,0.5989428571428572,0.2826857142857143,0.11837142857142857
663372,Ryan,Feltner,COL,539,R,0.25777623152900314,1.0657374856271606,1.0152232161018657,5.056777364792071,7.853301828423678,0.47639036383784283,0.41647693603075664,0.3649385397610789,0.21858452420816452
656550,Grant,Holmes,ATL,643,R,0.25764383887628595,1.0651901278976081,1.0742238343148267,5.150559741204356,8.30970358868788,0.737600156996336,0.4807766256985181,0.4145581706809154,0.10466520362056655
527048,Martín,Pérez,ATL,587,L,0.2574736520618646,1.0644865158282857,0.9472978878028885,5.027589547187324,7.327862598443429,0.5727554628939011,0.6193720276304197,0.054953768321951035,0.32567420404762937
678022,Jack,Perkins,ATH,535,R,0.25740396158463386,1.0641983909164754,1.19763378982762,5.116958075307041,9.264346482883727,1.1012187178651467,0.517225775555692,0.2831982391774902,0.19957598526681775
695380,Alex,Hoppe,BAL,187,R,0.2571981171439003,1.063347357695156,0.897348484432936,4.688523109243698,6.941476890756303,0.4405966386554622,0.7216533427511286,0.257072660692236,0.021273996556635446
594798,Jacob,deGrom,TEX,660,R,0.25668742147591594,1.0612359624206964,0.9726972041313149,5.005233507198335,7.524340076695589,0.44513125182801994,0.49111675076767086,0.3542096892235676,0.1546735600087615
687273,Quinn,Mathews,STL,206,L,0.2566387036895622,1.061034545979677,1.0336100376887136,5.093172481552009,7.995533859071413,0.6708909889095072,0.4899857507398381,0.35417008530130634,0.1558441639588556
552640,Andrew,Kittredge,BAL,211,R,0.2565673300165838,1.0607394621454196,1.0319183641091607,5.502451796492081,7.9824478470450035,0.6088743063150646,0.5608317657142665,0.4391682342857335,0.0
700712,Walbert,Ureña,LAA,619,R,0.25650286605870415,1.0604729455004338,1.036826064772202,5.149124971534358,8.020411571651703,0.54430434928213,0.49003795181434495,0.13982238572330363,0.3701396624623514
666129,Braxton,Garrett,CHC,48,L,0.2563725490196078,1.0599341690866537,0.6458284801201388,4.445833333333334,4.995833333333334,0.0,0.385678391959799,0.41608040201005025,0.19824120603015075
693308,Nick,Frasso,COL,97,R,0.2556931818181818,1.0571254264466876,1.16065421770578,5.162719618655421,8.978289449560693,0.7673627427475426,0.6884404088096425,0.08096223496290214,0.23059735622745536
593974,Wandy,Peralta,SD,317,L,0.25527976817702847,1.0554162292416802,1.3016459705186831,5.33641283886025,10.068937075222488,0.7071586690945774,0.5277441393065199,0.10961333487150936,0.36264252582197076
669270,Joel,Kuhnel,SF,198,R,0.2549543562295569,1.054070861949148,0.9598298245584747,4.922009803921569,7.424803921568628,0.4808333333333334,0.8888237450405382,0.062440270829739526,0.04873598412972227
667652,Jack,Ralston,MIA,74,R,0.2548352320873741,1.0535783609027387,1.4641142182993085,4.773304483413179,11.325717029738769,1.6284732893428546,0.3053819698187664,0.2174924602014634,0.4771255699797701
663567,Peter,Lambert,HOU,668,R,0.2547459889200976,1.0532093983023527,1.0378684853302809,5.089968185140393,8.0284752596613,0.7176208863062052,0.5198856461502609,0.23747830287244504,0.2426360509772941
691725,Andrew,Painter,PHI,556,R,0.25460992846878483,1.0526468766050834,1.02574386171159,5.058815876495574,7.9346847244140655,0.7601469208919511,0.402046901078729,0.35505931999399964,0.2428937789272713
650911,Cristopher,Sánchez,PHI,878,L,0.25442815609669595,1.0518953657709098,1.0132120660196302,5.241261597950235,7.837744492492474,0.5436354388029143,0.4753293909989514,0.1822319851087676,0.34243862389228097
543238,Anthony,Gose,KC,49,L,0.2537042073268277,1.0489023072676262,1.1112197700630464,5.320726696083839,8.595887203530062,0.621026751241037,0.5744860956618465,0.3881091954022989,0.03740470893585465
663623,Jake,Irvin,WSH,466,R,0.25368707848098393,1.0488314906023621,1.2195242785862679,5.04039748654683,9.433681278096024,1.1898808169870088,0.634604056916149,0.2891111574691535,0.07628478561469768
669302,Logan,Gilbert,SEA,740,R,0.2536791117726408,1.0487985534317472,1.1683012755171358,5.149868971011828,9.037443586443587,1.013089691732549,0.42760997385480526,0.33054211423671304,0.24184791190848176
693433,Bryan,Woo,SEA,705,R,0.25305062089836655,1.0462001513986519,0.9565874983764615,5.108332496989161,7.399722771207115,0.31004909983633383,0.6682237779146092,0.26607575355743684,0.06570046852795383
699008,Antwone,Kelly,PIT,80,R,0.25244037422405746,1.043677177296529,1.373961040108799,4.873000000000001,10.628333333333334,1.2647777777777778,0.6170413487501462,0.24669570078495445,0.13626295046489945
689225,Beau,Brieske,DET,101,R,0.2523715521466153,1.0433926426544722,1.180477771535388,5.282786391926443,9.131635382816315,0.8669558342162941,0.5396545221196601,0.3076547612321684,0.15269071664817147
680916,Franco,Aleman,CLE,103,R,0.25199262307315096,1.0418260167650737,1.0189084421101529,4.635223600854669,7.8818090489935155,1.0166839099848808,0.5136730204156402,0.2403286835622668,0.040998296022092956
656464,Kevin,Ginkel,AZ,269,R,0.2519828227870914,1.0417854989401307,1.304650960199871,5.226412702951737,10.092182299113526,1.2317366472849742,0.5056119757982415,0.4943880242017585,0.0
573009,Joe,Mantiply,TOR,108,L,0.2515335595776772,1.0399280870276908,1.1647176398496915,5.356833333333333,9.009722222222223,0.6130000000000001,0.532505196126994,0.2214903704689452,0.24600443340406078
622761,Jorge,Mateo,ATL,12,R,0.2513636363636364,1.0392255647749316,0.6825636780719264,5.279999999999999,5.279999999999999,0.0,0.53,0.0,0.0
800048,Parker,Messick,CLE,757,L,0.25111293929019685,1.0381890950154165,1.049203510148177,5.1352900796271825,8.116157820221146,0.5491412893243309,0.6255326353984577,0.1270903219137033,0.247377042687839
686934,Alex,McFarlane,PHI,84,R,0.2507581420517467,1.0367222386083284,1.1444678813809182,5.128659340659341,8.853079365079365,0.7101916971916972,0.7339005701676327,0.2660994298323674,0.0
695611,Gage,Jump,ATH,430,L,0.25018253552729997,1.034342479053168,1.0158329985464432,4.960612403100775,7.8580188261351065,0.7480908084163899,0.4152298910674182,0.2982376738116527,0.08153243512092906
686730,Carson,Spiers,CIN,24,R,0.24999999999999997,1.0335878130672915,2.13301149397477,5.499999999999999,16.5,3.666666666666667,0.4470588235294118,0.43529411764705883,0.11764705882352941
701121,Logan,VanWey,HOU,45,R,0.24999999999999997,1.0335878130672915,0.9821332923368274,5.309333333333334,7.597333333333333,0.7626666666666666,0.6825849277625927,0.28271508525315636,0.03469998698425095
605400,Aaron,Nola,PHI,744,R,0.24991183953217885,1.0332233267267545,1.36133685856017,5.025956937007531,10.53067844673719,1.3867491358669628,0.49281439906156027,0.3323591956408874,0.17482640529755228
801139,Payton,Tolle,BOS,618,L,0.24954968287526427,1.0317260438987221,0.9450006885526246,5.087778614499282,7.310092517158624,0.2871475797752027,0.8793782879328161,0.10533436266130775,0.015287349405876064
663947,Tyler,Holton,DET,299,L,0.24930482534497134,1.030713716861728,0.7389934907563054,4.469346031487071,5.716515186121761,0.30000326290888324,0.7083203450719313,0.14996603088896798,0.14171362403910073
518876,Merrill,Kelly,AZ,691,R,0.24860619926793193,1.0278253512652522,0.9887086369115787,4.9661679258534095,7.648197187461575,0.5451705210786678,0.5286821506154733,0.20692308089970382,0.26439476848482285
670245,Ryan,Watson,LAA,301,R,0.24854547678554897,1.0275743031941713,0.835039532951547,5.1079148491107915,6.459483379541272,0.22924506962606914,0.40532236193065196,0.5920414342029158,0.0026362038664323375
669358,Shane,Baz,BAL,752,R,0.24839013718105107,1.0269320747057886,0.8994559252029511,4.935563591699326,6.95777908734712,0.47765082447001667,0.5460832164821987,0.34306817652683136,0.11084860699097002
608372,Tomoyuki,Sugano,COL,645,R,0.24772236707730386,1.0241712785411332,1.2859993701950705,5.135605941403852,9.94790214124821,1.2588270018693328,0.4766518018296513,0.31698329338589665,0.20636490478445205
694753,Khristian,Curtis,PIT,86,R,0.24754356537135402,1.0234320494842317,0.8597085871111825,4.727672201418999,6.650311884115097,0.2343949546708711,0.6684187668993906,0.16149927525996477,0.17008195784064464
807739,Kade,Anderson,SEA,144,L,0.24672056530214426,1.0200294781174768,0.9751691009633373,5.157072649572649,7.543461538461539,0.4360042735042735,0.43198539284498616,0.3921940538327969,0.1758205533222169
686560,Gavin,Collyer,TEX,112,R,0.24622377622377623,1.0179755775692123,1.3681745154209597,4.851785714285715,10.583571428571428,1.726607142857143,0.7261730392156862,0.27382696078431373,0.0
668933,Graham,Ashcraft,CIN,149,R,0.2458241758241758,1.016323489156717,0.6796252152741894,4.415820715338026,5.2572693976100835,0.08859060402684563,0.582796697626419,0.41720330237358094,0.0
701542,Will,Warren,NYY,673,R,0.24580380293863435,1.0162392604918664,1.041915642010151,4.969544437077027,8.059782210142576,0.6039724300539085,0.5044411610524012,0.32158277810126734,0.17397606084633144
675540,Xzavion,Curry,NYM,94,R,0.2457106690777577,1.0158542123975223,1.6560733557576084,4.93843085106383,12.810625,2.3514893617021277,0.4018188153062349,0.27947163056269575,0.11370955413106933
702193,Andrew,Morris,MIN,313,R,0.2453952802359882,1.0145502841446008,1.0110418066791045,4.902162080986061,7.820956360211038,0.6398900616975536,0.81947798369775,0.07974328951977036,0.1007787267824796
802408,Brycen,Mautz,STL,74,L,0.24535792349726773,1.014395838265091,0.8402587459764341,4.515822072072073,6.499856821106822,0.3470450450450451,0.5153081960026473,0.47981866743179513,0.004873136565557464
640455,Sean,Manaea,NYM,641,L,0.24526167861427584,1.013997928112569,1.258820715534923,4.940746517258698,9.737660516597249,0.9392649449781202,0.6758425134071138,0.27761903933409016,0.046538447258796245
670059,Colin,Holderman,CLE,218,R,0.24467094017094015,1.0115556078896006,0.6029627766563614,4.01496636085627,4.664243883792049,0.030275229357798167,0.5008708377378436,0.29412916226215646,0.0
804267,Zac,Thornton,NYM,335,L,0.2443969011441008,1.0104226342958167,1.2369337786745365,5.050274685245181,9.568353197243137,1.1689431680292572,0.7188293958314961,0.22775285783995575,0.053417746328548184
694494,Ty,Johnson,TB,32,R,0.24430555555555553,1.0100449795474253,1.093355496933471,4.775411184210526,8.457697368421053,0.7839309210526316,0.5426997215677876,0.4573002784322124,0.0
681035,Christian,Scott,NYM,472,R,0.2438642529235779,1.008220479458279,0.9627296013097193,4.933288602947588,7.447235266421054,0.46480189173887215,0.6713330185844439,0.233345250270839,0.09532173114471715
656457,Tyler,Gilbert,CWS,32,L,0.24357142857142855,1.0070098407312755,1.071127271890997,5.005,8.28575,0.4125,0.32158208955223877,0.19595149253731342,0.012466417910447761
621111,Walker,Buehler,SD,647,R,0.24349767277608275,1.0067049083664255,1.0611258879085834,4.825005063432073,8.20838387413712,0.9498998645043417,0.6853367066149951,0.22985570339816327,0.08480758998684174
621345,A. J.,Minter,MIN,184,L,0.24311313686313687,1.0051151018331952,1.4902301007947545,5.130850819763864,11.527737535672319,1.8162109003413351,0.814058329756588,0.0,0.1859416702434119
702070,Noah,Cameron,KC,735,L,0.24194042682401082,1.0002667066143858,1.1755121698633275,4.798630411561929,9.093223762522456,0.9625099694120313,0.5107279956021521,0.3253894379807823,0.16388256641706556
672782,Yoendrys,Gómez,MIN,292,R,0.24176069247878504,0.9995236216991258,0.9541300844319334,4.500505758656444,7.380713342425672,0.2050710299340436,0.6662958917546525,0.2555463506432497,0.0781577576020978
657097,Jacob,Webb,CHC,286,R,0.24166047162299065,0.9991092734784687,0.9687771203574774,4.836540012540012,7.494016104016104,0.7462544302544303,0.40641400493862834,0.18785771694005732,0.40572827812131435
675660,Shane,Drohan,MIL,523,L,0.24147405337278757,0.9983385549522958,1.041099322677287,4.733757820568174,8.053467537657077,0.7257935254024812,0.5990339947359428,0.3573134991842318,0.04365250607982546
680694,Kyle,Bradish,BAL,663,R,0.2413632558553745,0.9978804790974307,1.0868851656917589,4.628329017141448,8.407645849341188,0.8758717521841828,0.4484085615014102,0.34121896080925845,0.005372477689331324
664702,Myles,Straw,TOR,20,R,0.2413157894736842,0.9976842364028488,1.0416206128910128,5.17,8.057500000000001,0.9624999999999999,0.04694444444444444,0.13625,0.34680555555555553
476594,Robert,Stock,NYM,147,R,0.2410279605263158,0.996494250433857,0.7627527743729322,4.604149659863945,5.9003061224489795,0.15863945578231292,0.6136011904761904,0.12335119047619048,0.05804761904761904
671345,Jason,Foley,SF,114,R,0.2409246794871795,0.996067250340368,1.1017346449562755,4.808026315789474,8.52251461988304,0.5876169590643274,0.5954497502317437,0.279253852739726,0.12529639702853024
678868,Eddy,Yean,WSH,45,R,0.24075396825396828,0.9953614701395649,0.8832663385283829,5.153596491228071,6.832543859649123,0.2798245614035088,0.48417857142857146,0.08010714285714285,0.2307142857142857
700270,Yilber,Díaz,DET,34,R,0.24052681992337166,0.9944223591545119,1.184681089670998,4.679133986928105,9.164150326797385,0.5990686274509803,0.3418321802032102,0.4531678197967898,0.0
663941,Tristan,Beck,SF,81,R,0.24044736842105263,0.9940938787364045,0.9068694481725611,5.0123976608187135,7.015126705653021,0.3035185185185185,0.46427180215359126,0.4619201815815234,0.07380801626488527
680732,Sean,Burke,CWS,726,R,0.24034916170334425,0.9936878576700656,1.1319858730006223,4.787023788665771,8.75652426499826,0.8882572899580827,0.6214893483846479,0.3676923219682039,0.010818329647148132
669022,MacKenzie,Gore,TEX,741,L,0.24024615381680992,0.9932619868853788,0.9472185161468161,4.731951143024329,7.327248615664201,0.3587309923454502,0.5864173212537083,0.2589455603102987,0.15463711843599293
608032,Carlos,Estévez,KC,7,R,0.23999999999999996,0.9922443005445998,0.8532045975899081,3.771428571428571,6.6,0.9428571428571427,0.16666666666666666,0.06666666666666667,0.06666666666666667
687134,Bradley,Blalock,MIA,48,R,0.23975,0.9912107127315326,1.4750097664395228,4.828124999999999,11.409999999999998,2.0725000000000002,0.4260662790697674,0.4340290697674419,0.13990465116279072
700363,AJ,Smith-Shawver,ATL,156,R,0.23950643382352943,0.9902037246048311,1.357047199565364,4.633970846505093,10.497495609413418,1.7784000702493854,0.49370696428198535,0.15079881340182505,0.35549422231618955
677958,Kumar,Rocker,TEX,640,R,0.23931640374503016,0.9894180735118189,1.0533940714284018,4.788404681467181,8.148574083011583,0.5238175675675676,0.6291376406018043,0.35517720148057375,0.01568515791762195
670950,Trevor,Richards,CWS,335,R,0.23883525084491933,0.9874288184167127,1.1646716113088698,4.875783778347778,9.009366166511457,0.6940513410220635,0.6350291687199673,0.09782062898878698,0.2671502022912458
605483,Blake,Snell,LAD,170,L,0.23846133133446376,0.9858829038204129,0.8277995142078731,4.927194825298541,6.4034779104624295,0.0,0.5138188817746522,0.31262871446527124,0.17355240376007655
689818,David,Sandlin,CWS,172,R,0.23818489120559871,0.9847400032274621,1.0759929871903353,4.949583754634311,8.323388945062351,0.6199814627569936,0.5701353238729823,0.37943124345327306,0.0504334326737446
678391,Jorbit,Vivas,WSH,27,R,0.23818414322250636,0.9847369108026276,0.8798390268268418,4.375555555555555,6.8060317460317465,0.4853968253968254,0.0,0.0,0.53
678020,Seth,Halvorsen,LAD,139,R,0.23749771519963445,0.9818989762466744,1.1570048404570432,4.842251302406351,8.950059538576037,1.0319610518481765,0.5951825304459581,0.2944883454989326,0.11032912405510924
687396,Brent,Headrick,NYY,323,L,0.23732850328616456,0.9811993947603214,0.9920848499708176,4.472017676166282,7.674314025385233,0.6293929242412215,0.5477891855933621,0.27030289403345065,0.18190792037318732
688158,David,Morgan,SD,154,R,0.2373074074671802,0.9811121772346858,0.77046793502955,4.43305753070459,5.959987071751778,0.08571428571428572,0.6526708495349463,0.34732915046505375,0.0
676083,Janson,Junk,MIA,518,R,0.23726713947965583,0.980945695230038,0.9663463587488653,4.854316219280506,7.475212845498561,0.6390658362444076,0.426044957586133,0.4318016580903451,0.14215338432352195
694820,Braxton,Roxby,SF,24,R,0.2368831168831169,0.9793580109271376,0.5824762156623411,4.50576923076923,4.50576923076923,0.0,0.36810439560439556,0.6318956043956043,0.0
680742,Jonathan,Bowlan,PHI,232,R,0.23641122281562338,0.9774070350982574,1.494422121634223,4.558935852821649,11.56016508894459,2.1556809188912953,0.6627114086976613,0.21007081794365398,0.12721777335868478
702273,Noah,Schultz,CWS,319,L,0.23620542590057328,0.9765561983648069,1.1020732740702432,4.844118773946359,8.525134099616858,1.0799936143039592,0.7311876596811477,0.20119870690943634,0.06761363340941597
665660,Elvis,Alvarado,ATH,226,R,0.23590304554314345,0.9753060517554053,1.1003518348346923,4.763226938653068,8.511817834108294,0.9969421778911055,0.7650285960553072,0.14049544962754754,0.09447595431714532
543243,Sonny,Gray,BOS,697,R,0.23559459165379817,0.9740307950317234,0.9283079112016083,4.848573953678125,7.180964836848513,0.4849913272833542,0.580284805897198,0.352462009650093,0.06725318445270899
607481,Aaron,Bummer,KC,86,L,0.23529729729729731,0.9728016757366315,1.150172709464225,4.601860465116279,8.897209302325582,0.9972093023255815,0.278369918699187,0.251630081300813,0.0
678394,Brayan,Bello,BOS,496,R,0.23509178472281653,0.9719520145669698,0.8907365499388177,4.798596221545884,6.8903299937699884,0.5718321858108674,0.6124654654966539,0.17213677921262913,0.21539775529071692
808970,Woo Suk,Go,MIN,22,R,0.235,0.971572544283254,1.2631007923761086,4.735384615384616,9.77076923076923,0.9892307692307694,0.211583374567046,0.27374567046016823,0.044670954972785754
663558,Jovani,Morán,BOS,266,L,0.23443340597701706,0.9692300455748063,0.8962030934871585,4.52586757842883,6.932616670987814,0.3977910292973814,0.6142558136802914,0.03922391562518264,0.34652027069452596
607200,Erick,Fedde,CWS,604,R,0.2340533769505205,0.9676588720932117,0.8712518799357324,4.604503801815061,6.73960551058785,0.5072998119532335,0.4961728236105558,0.4418969899125612,0.06193018647688288
672335,Cionel,Pérez,NYM,197,L,0.23367502160760587,0.9660946182074298,0.7173839652241021,4.445474552497997,5.54935379374833,0.23451776649746195,0.5447784810126582,0.45522151898734176,0.0
695505,Chase,Burns,CIN,627,R,0.2331806421961497,0.96405068006858,1.0040479096287844,4.529474658869396,7.766854775828461,0.9035857699805068,0.5248289420961534,0.4260063503829492,0.04916470752089741
687330,Kevin,Kelly,TB,274,R,0.23301195318061665,0.9633532604259668,0.9573251477999973,5.05140441283507,7.405428889304801,0.38771643063613864,0.6402108262592532,0.037305194880492956,0.32248397886025376
815083,Mitch,Farris,LAA,257,L,0.23281474033922014,0.9625379132681756,1.028716283672187,4.5386757985702655,7.9576780193346,0.6368795904593852,0.5630557923514407,0.17936544036091728,0.25757876728764206
700669,Gordon,Graceffo,STL,315,R,0.23264197669626469,0.9618236476845761,0.8810291479120907,4.526304442945062,6.815237977672822,0.14169621133124782,0.5217968966775134,0.2910756275519701,0.1871274757705165
642528,Jonathan,Loáisiga,AZ,253,R,0.23264146511309677,0.9618215326200652,0.9037367671214463,4.92744099378882,6.990893719806764,0.16626086956521738,0.6513733341690118,0.10810682007768407,0.2405198457533041
681916,Dylan,Smith,SF,168,R,0.23230716902145476,0.9604394351549563,0.6705941985151109,4.366338159588159,5.187409588159588,0.16303571428571426,0.6772221389123083,0.2603600981878211,0.06241776289987066
681190,Randy,Vásquez,SD,579,R,0.23222453531598514,0.9600977983912684,0.8779802383102284,4.874207065949911,6.791653009390732,0.3415685717463643,0.7742285411636446,0.1277182834157119,0.09805317542064347
669713,Hayden,Wesneski,HOU,244,R,0.23143874473142767,0.956849064103982,0.8709871990021498,4.672390710382515,6.737558060109291,0.3236475409836066,0.5897521528455114,0.29423172176162665,0.11601612539286185
674841,Andrew,Alvarez,WSH,469,L,0.23118807215762613,0.9558126956345759,0.9587308013361678,4.539463141179559,7.416302381272532,0.5261908603699649,0.408446292873009,0.5227584478055289,0.06879525932146209
682989,Victor,Mederos,ATL,150,R,0.2308012499915632,0.9542134369279083,0.8726778224175437,4.265550274941084,6.75063594854674,0.583078309112333,0.8198057549653027,0.04028521666775436,0.13990902836694294
571510,Matt,Boyd,CHC,536,L,0.23073506454920023,0.9539398030613929,0.9945255307661477,4.648987979711763,7.69319401418825,0.7846530451039219,0.4567439226427571,0.23898079300020858,0.3042752843570342
605242,Michael,Fulmer,NYY,60,R,0.230400641025641,0.9525571787479775,1.059526467999437,4.3455057471264364,8.196011494252874,0.8903678160919541,0.5992898005884276,0.3016524760517896,0.09905772335978286
676617,Riley,O'Brien,STL,268,R,0.23006593710871712,0.9511733951899038,0.9044680396170988,4.4988411312708685,6.996550508910972,0.5994847326708774,0.5069530348217607,0.4805869962381889,0.01245996894005042
682243,Bryce,Miller,SEA,482,R,0.22979391254962894,0.9500487501133897,1.0894358350760787,4.5163128833803805,8.42737665949395,0.8910455165383805,0.5493811611147925,0.24430546203167086,0.20631337685353657
453286,Max,Scherzer,TOR,362,R,0.22975894538606403,0.9499041835769169,0.9296434383056588,4.587708760204405,7.191295862855207,0.6326191804593813,0.53754655337349,0.30520921776918536,0.15724422885732464
664285,Framber,Valdez,DET,752,L,0.22951659138856895,0.9489022070238806,0.7471976372371562,4.447339721591609,5.779978705805748,0.2915752424194429,0.45218269910951914,0.4001076255383191,0.1477096753521618
670036,Matt,Festa,CLE,286,R,0.22944716386531278,0.9486151692561645,0.9891001856112263,4.4560804065215835,7.651226028873087,0.7129269913093441,0.6099178863623319,0.3900821136376681,0.0
605280,Clay,Holmes,CHC,415,R,0.22904466183659267,0.9469510844896846,0.8125114453151083,4.296385593416035,6.285216411430112,0.2973093320332557,0.6016323506726802,0.2565046144661891,0.14186303486113072
669432,Trevor,Rogers,BAL,693,L,0.22892673349278667,0.9464635272937922,1.0348840880889691,4.850629706754906,8.005389329453827,0.5086350886201125,0.6505330398039406,0.1613352451059041,0.18813171509015533
668674,Lucas,Erceg,KC,223,R,0.22869747899159662,0.9455157086597088,0.7665082999201465,4.137252994842594,5.929357148054831,0.23522344209061385,0.6374908086733837,0.23613188768932386,0.12637730363729252
544150,Albert,Suárez,BAL,259,R,0.22854961752990552,0.9449043974404039,0.912812636334141,4.772402797670943,7.06110048729605,0.4404571060115415,0.7438640274992924,0.12995973771906938,0.12617623478163828
543037,Gerrit,Cole,NYY,538,R,0.2282013063261006,0.9434643565787737,1.2200107667470557,4.7795778714614565,9.43744452769673,1.2296414166827,0.5442241637962896,0.35418110462228636,0.10159473158142411
701519,Travis,Adams,MIN,244,R,0.22801753194867325,0.9427045687513219,0.8994650780907075,4.5511283235462034,6.9578498898947885,0.45113535804583643,0.5098238979802447,0.28830120550244387,0.20187489651731136
703725,Luis,Gastelum,STL,151,R,0.22781207775193177,0.9418551489357397,0.9071023074748461,4.589902776737929,7.016927998566143,0.5466726902300297,0.3808773758102945,0.2597210131911961,0.3594016109985093
677865,Justin,Bruihl,STL,334,L,0.22742290804055515,0.9402461846521646,0.7913664850091858,4.458070952840615,6.1216486828767245,0.2887938245646112,0.49874412013145686,0.4479862929636887,0.053269586904854484
676395,Robert,Garcia,TEX,71,L,0.22729608294930875,0.9397218451773509,0.9227522092902395,4.63685482262947,7.137988471368754,0.6020439755651025,0.44152315924457447,0.18815414777653214,0.3703226929788933
641816,Tyler,Mahle,ATL,634,R,0.2268369743464923,0.9378237289503693,0.9552380221782623,4.6885998323807145,7.389283841396757,0.6128270302582308,0.5706995035646786,0.048483552143683654,0.38081694429163776
606996,Kyle,Hart,SD,263,L,0.22663461538461538,0.9369871059229254,0.8799816550702291,3.960269193553629,6.80713505279898,0.3524628782232119,0.4381189073832357,0.3592878172429268,0.20259327537383748
676428,Brant,Hurter,DET,139,L,0.2265513582342954,0.9366428916192396,0.6321919068324564,4.510490932810486,4.890347047918399,0.04748201438848921,0.5393005071851227,0.35812110051121043,0.10257839230366704
670167,John,Schreiber,NYY,242,R,0.22633538320523783,0.9357499749873966,0.9177609017400647,4.65352457995974,7.099378002175071,0.24307403936269917,0.6914017574088658,0.27373140097263515,0.03486684161849914
682227,Brandon,Williamson,CIN,226,L,0.22619235641825008,0.9351586520115058,1.0486517522655099,4.413174991366914,8.111889673945457,0.9488311095927026,0.6094256377792753,0.21097898344420812,0.1795953787765167
642397,Gregory,Soto,PIT,280,L,0.22571055895718456,0.9331667320750094,0.8201776073352691,4.27063960749331,6.344518329722611,0.11785714285714284,0.5839946157619005,0.41574519343150806,0.0002601908065915004
693855,Ian,Seymour,TB,540,L,0.2254862720385748,0.9322394511721876,1.1495888018327225,4.650708333333333,8.89269246031746,1.1610019841269843,0.493488327719934,0.24954410575257685,0.2569675665274892
518886,Craig,Kimbrel,KC,191,R,0.22543672360248448,0.9320346005333896,0.6703550754974907,4.257637549370809,5.185559842013411,0.1382198952879581,0.5895451384677584,0.18101376591873863,0.024441095613503133
656945,Tanner,Scott,LAD,248,L,0.22537864976499072,0.9317945028906233,1.0378763376806839,4.645344292295405,8.02853600184765,0.584330843942335,0.5549989263609953,0.44500107363900476,0.0
681293,Spencer,Arrighetti,TOR,485,R,0.22533086940583885,0.9315969621029299,1.0818995528530186,4.089395298814045,8.36907943182699,1.1955405588714052,0.41196689770464906,0.4706141955090854,0.11741890678626554
628708,Yunior,Marte,CIN,5,R,0.22499999999999995,0.9302290317605623,0.6825636780719264,3.96,5.279999999999999,0.0,0.12857142857142856,0.1714285714285714,0.0
693686,Spencer,Miles,TOR,385,R,0.22450796609287377,0.9281947907604762,0.7573573902971515,4.634468101343101,5.858569902319903,0.12109890109890109,0.6092141247033067,0.39038640791986234,0.00039946737683089215
689149,Chad,Dallas,TOR,63,R,0.2238834498834499,0.9256128213879823,0.9752078096399261,4.3110550887021475,7.54376097105509,1.0426479925303456,0.46672480295153446,0.5332751970484655,0.0
687064,Brandon,Young,BAL,661,R,0.22388230421554534,0.9256080847944463,0.9783539532358612,4.321856650893497,7.568098096982244,0.8090666070433269,0.5298020335639557,0.2806070983498799,0.1895908680861643
670183,Garrett,Acton,MIN,49,R,0.22356015037593985,0.92427618766425,1.0146705540097878,4.012323390894819,7.849026687598116,0.8031554160125589,0.4938288497217068,0.2685807849785682,0.03259036529972491
668678,Zac,Gallen,AZ,467,R,0.2229152514152514,0.9216099488385406,1.0120848810079521,4.381456811311248,7.829025105491876,0.6088349839400428,0.2836853374843257,0.5932652916504518,0.12304937086522247
684007,Shota,Imanaga,CHC,704,L,0.2227032269477287,0.9207333652157266,1.0667356817554101,4.6582428257264406,8.251778670055518,0.8992152732713246,0.4103254846726727,0.19676924054832942,0.39290527477899784
686613,Hunter,Brown,HOU,458,R,0.22156448510404594,0.9160254064482855,0.7327434441726839,4.290655537269149,5.668167688266705,0.30672256675596,0.667756714413628,0.25558825842221017,0.07665502716416185
656849,David,Peterson,CHC,661,L,0.22034591059082337,0.9109873913835603,0.7909433458890024,4.377267075660819,6.118375472440331,0.41984848313225864,0.5718227920708401,0.31136842058056624,0.11680878734859355
623454,Drew,Anderson,DET,452,R,0.22000264534710312,0.9095682122933251,1.0808888761625077,4.429667689264332,8.361261299838233,1.0920161725898259,0.4297280506872772,0.24455966820070763,0.3257122811120151
695418,Brad,Lord,WSH,349,R,0.21970646355252466,0.9083436927200103,0.9325695924631804,4.249893616562898,7.213931251241763,0.5927942875335426,0.6809482171686886,0.29057223650313735,0.028479546328174035
694973,Paul,Skenes,PIT,703,R,0.21897540173517155,0.9053212263799503,1.0710341642167738,4.409827085204107,8.285029761675442,0.9583735950204869,0.5247063668413002,0.3082662357243174,0.16702739743438236
683175,Connor,Phillips,CIN,144,R,0.21828282828282825,0.9024578844599663,0.7287789271080464,3.6208333333333327,5.637499999999999,0.13749999999999998,0.5626194144838212,0.43738058551617875,0.0
672841,Carlos,Vargas,SEA,81,R,0.21821116718737482,0.9021616123202395,0.9873358670143917,4.26634713144517,7.637578068264342,0.7215286855482934,0.7637372455536855,0.2362627544463145,0.0
663969,Tyler,Phillips,MIA,535,R,0.217580890613447,0.899555827577545,0.8788454971914934,4.1906039452472035,6.798346255808391,0.6885224430696328,0.3568168110930656,0.4222328167849727,0.22095037212196167
571927,Steven,Matz,TB,338,L,0.21742663522703692,0.8989180816275714,1.0769680764591167,4.450879738159288,8.330931789055617,0.8679924281331409,0.5437219421353302,0.23521649227540026,0.22106156558926943
691587,Eury,Pérez,MIA,657,R,0.2169019831190739,0.8967489855280087,0.8950397250608905,4.24213629565335,6.9236173856639205,0.643592513002149,0.507567647042482,0.40951535848029247,0.08291699447722549
690997,Nolan,McLean,NYM,738,R,0.21682717137475163,0.8964396874991856,0.7625072352908843,4.309466776403872,5.898406744566941,0.38795425535584915,0.6677798752218245,0.2657987978094773,0.06642132696869829
669387,Carmen,Mlodzinski,PIT,533,R,0.21676598190633278,0.8961867087438024,0.8652342265021882,4.201104812848456,6.693055699705934,0.5434461864463163,0.5361658042581682,0.24119742375805303,0.22263677198377885
642100,Gabe,Speier,SEA,184,L,0.21606492376516778,0.8932882881399634,0.9721086057565146,4.495213765816036,7.519786949245672,0.48508676082063995,0.7831768447385482,0.2090393786696128,0.007783776591839036
815081,Mark,Manfredi,COL,75,L,0.21581351981351984,0.8922488958976423,0.9355726985826355,4.30152380952381,7.237161904761905,0.5090380952380953,0.5981608156943728,0.3452560008396353,0.056583183465991935
694918,Blade,Tidwell,SF,233,R,0.21575729428798052,0.8920164398257193,0.9821056917424069,4.270503361324401,7.597119827775943,0.9825876265100446,0.5470049907688018,0.4071795156966882,0.045815493534510046
804636,Jonah,Tong,NYM,130,R,0.21561503759398498,0.8914283006847552,0.7365921560237051,4.172747252747253,5.697939560439561,0.2311813186813187,0.66659766572713,0.10015852451120308,0.23324380976166692
605447,Jordan,Romano,COL,150,R,0.21554225757545858,0.8911274025240205,1.339136216087642,4.237444444444444,10.358944444444447,1.431833333333333,0.386882461992089,0.608918471133883,0.004199066874027994
642547,Freddy,Peralta,TB,723,R,0.21549546699937722,0.890933953847204,0.8140964081296849,4.266709894738069,6.297476957852101,0.3650542916646794,0.54819456326074,0.19366890960070487,0.25813652713855517
690925,Clayton,Beeter,WSH,200,R,0.21509304812834226,0.8892702128838039,0.9430927183258956,4.166333333333334,7.2953333333333354,0.9798333333333334,0.37382441497427965,0.42117558502572033,0.0
702021,Will,Dion,WSH,200,L,0.21482228009111512,0.8881507627100194,1.0136821228187385,4.211978779840849,7.841380636604774,0.8710716180371353,0.5410177468097144,0.20532013389786366,0.253662119292422
554430,Zack,Wheeler,PHI,659,R,0.21454906356868053,0.8870211896383513,0.9537456909537606,4.349786418027108,7.377739850530403,0.6925639109077267,0.612851404782078,0.19170258287865233,0.19544601233926975
663460,Kris,Bubic,LAD,226,L,0.21453463203463202,0.8869615246074857,0.6470459403368259,4.3627731718677225,5.005251047973917,0.1168141592920354,0.5666993352053714,0.18802125021189406,0.24527941458273447
594580,Sam,Moll,CIN,248,L,0.2144166880040968,0.8864739025571448,0.9878431664231051,3.988572964669739,7.6415023041474655,0.1933026113671275,0.37174908916830907,0.2846668785235207,0.13858403230817024
680686,Josiah,Gray,WSH,15,R,0.2142857142857143,0.8859324112005357,0.7584040867465849,4.4,5.866666666666666,0.0,0.20689655172413796,0.7758620689655171,0.017241379310344827
641941,Emilio,Pagán,CIN,169,R,0.21415931681975825,0.8854098396788767,0.9191102653251836,4.350843110735418,7.109816060862215,0.47577278106508875,0.8013757526401243,0.0,0.19862424735987577
608379,Michael,Wacha,KC,805,R,0.21396364825660907,0.8846008771097912,1.2313189392477248,4.3007003525851175,9.524919371028842,1.1433419199760808,0.5570496047964294,0.17625050957253735,0.2666998856310333
666171,Ryan,Zeferjahn,CHC,300,R,0.21386411199095026,0.8841893592252185,0.7307092401413364,4.217993421052632,5.652432017543859,0.2871578947368421,0.4254146812981817,0.5745853187018183,0.0
601713,Nick,Pivetta,SD,155,R,0.21367142857142857,0.8833927382884275,0.8014610237622991,4.3818912649510695,6.199735411380935,0.4118803914461761,0.6582276235340683,0.3417723764659317,0.0
656302,Dylan,Cease,TOR,680,R,0.21341327950211805,0.8823254593604514,0.7191999381091717,3.6691437042558968,5.563401328273245,0.3092255353754405,0.46061739703311594,0.44546025175862985,0.09392235120825423
677952,Braxton,Ashcraft,PIT,658,R,0.2132066267066267,0.8814710841166268,0.9502818970295175,4.538721020323022,7.3509455271470285,0.6967191131771857,0.3963329275524805,0.38041980926168617,0.018247263185833293
676263,Jack,Dreyer,LAD,254,L,0.2130482691295859,0.8808163782696818,0.7354872053647569,4.2948558124623695,5.689392168208368,0.22962561283613134,0.5074428744323013,0.4925571255676986,0.0
668909,Gavin,Williams,CLE,742,R,0.21303249953677972,0.8807511812339158,0.8649827090056653,4.151524505523709,6.691110075547625,0.6240425192665426,0.45276621626898655,0.5472337837310135,0.0
666661,Juan,Morillo,AZ,259,R,0.21292038079599657,0.8802876429775561,0.7432372389600365,4.188940368940369,5.749342878592879,0.26819787644787646,0.7368659013290322,0.060749531188910876,0.20238456748205694
669373,Tarik,Skubal,LAD,635,L,0.2126572109994313,0.8791996065995671,0.8739009803258231,4.417169308045231,6.760097737919943,0.4864024755218811,0.5590494597435159,0.20006506716466058,0.2408854730918235
641386,Ben,Bowden,ATH,8,L,0.21200000000000002,0.8764824654810633,0.565248045903314,2.915,4.3725,0.0,0.371,0.03975,0.11925000000000001
804668,Rafael,Flores,PIT,5,R,0.21200000000000002,0.8764824654810633,0.6029312489635351,4.664000000000001,4.664000000000001,0.0,0.0,0.53,0.0
596142,Gary,Sánchez,MIL,10,R,0.21200000000000002,0.8764824654810633,0.6029312489635351,4.664000000000001,4.664000000000001,0.0,0.17666666666666664,0.07066666666666667,0.2826666666666667
661527,Seth,Martinez,BOS,6,R,0.21199999999999997,0.8764824654810631,0.7536640612044189,3.886666666666666,5.83,0.0,0.265,0.21681818181818183,0.04818181818181819
689296,Anthony,Nunez,BAL,249,R,0.2119758672699849,0.8763826922985047,0.8408078451687812,4.293880845627834,6.504104400971872,0.1325301204819277,0.43904425536485747,0.3463745668118485,0.21458117782329406
808963,Roki,Sasaki,LAD,519,R,0.21196756033665906,0.8763483485183065,0.8287142322614437,4.394864042138386,6.410553750384787,0.3695912713342682,0.4220573640960809,0.23290286557100717,0.3450397703329119
685112,Zach,McCambley,CIN,59,R,0.21191287878787882,0.8761222757886309,0.937653340929579,4.290943170488535,7.253256801025495,0.8646711294687367,0.7984433213844979,0.20155667861550214,0.0
683627,Anthony,Molina,SF,136,R,0.2115549229378118,0.8746423605716492,0.945752962607448,4.405352941176471,7.3159117647058824,0.3064632352941177,0.5049143273306249,0.2835403269379595,0.2115453457314156
663574,Tony,Santillan,CIN,184,R,0.21153171390013495,0.8745464062576659,0.8327171884216931,3.6509712879409353,6.441518785890075,0.8187086136177194,0.479634473676594,0.315365526323406,0.0
805427,Drew,Sommers,DET,165,L,0.21134527972027972,0.8737756218727157,0.9113969649262842,4.285022474105921,7.050149501661131,0.8808686730506156,0.7854180841281632,0.17233874280225114,0.04224317306958576
687570,Connor,Prielipp,MIN,525,L,0.2111505807876891,0.8729706680969442,0.7926391199512329,4.257505519077568,6.131493203922716,0.37161752399704656,0.41120112162690814,0.5068822112411323,0.08191666713195951
674073,Jack,Weisenburger,NYM,49,R,0.21102900930487137,0.8724680488847165,0.636513424987447,4.25979344963792,4.923776333113891,0.0,0.6971628831872734,0.21807899553021504,0.08475812128251152
805123,AJ,Blubaugh,HOU,401,R,0.21077717838989013,0.8714268914260037,1.0346027765481174,3.917852795708171,8.003213232214236,0.856871650129404,0.5506152769088709,0.25258062569677503,0.1968040973943541
656730,Trevor,Megill,MIL,239,R,0.21033879804350225,0.8696144730919448,0.7888235377952117,4.4947727707393605,6.101977607897009,0.2326687684543097,0.7076785597039426,0.29232144029605756,0.0
665665,Reiver,Sanmartin,SF,91,L,0.20956802908957012,0.8664278435020453,0.7418887027833724,4.251525448235975,5.738911220358589,0.2175824175824176,0.37353492496480856,0.18715912073229893,0.23430595430289247
689266,Dylan,Dodd,ATL,205,L,0.20903764536117478,0.8642350508703708,1.145339073706604,4.353393135338287,8.859818509905553,1.0697562592568055,0.9785800877578019,0.021419912242198122,0.0
571882,Derek,Law,AZ,33,R,0.20758333333333334,0.8582224141168745,0.6661172258119863,4.122222222222222,5.152777777777778,0.0,0.47102642829382046,0.263558103381267,0.060415468324912555
664208,Phil,Maton,CHC,132,R,0.2068918918918919,0.8553637523275802,0.6300786679777594,3.7240000000000006,4.874,0.25,0.2675824175824176,0.2624175824175824,0.0
624133,Ranger,Suarez,BOS,607,L,0.20684609678339488,0.8551744192634179,0.8137307857426032,4.095674634400162,6.294648670520369,0.44319317861057156,0.6672289965923437,0.25188702004587926,0.08088398336177714
672456,Keider,Montero,DET,615,R,0.20677203758301316,0.8548682325155775,0.9071744664303661,4.1656602106968315,7.017486187197306,0.6157391196585831,0.5199669329648011,0.3503159318386472,0.12971713519655179
694335,Matt,Svanson,STL,203,R,0.20666666666666667,0.8544325921356277,0.6675030057827779,4.065177339901478,5.163497536945813,0.1625615763546798,0.36037266311749416,0.1696273368825059,0.0
663559,Bailey,Falter,ATL,69,L,0.2063095238095238,0.8529560381169601,0.8712888254736073,4.301956521739131,6.739891304347827,0.3826086956521739,0.438996138996139,0.3015973346618508,0.05440652634201022
805326,Tyler,Schweitzer,CWS,153,L,0.20605455893941504,0.8519019237869413,0.7614880527097683,4.188545035908119,5.890522814904153,0.26616852146263914,0.3468119604421305,0.3747371133497427,0.07345092620812681
693313,Carson,Seymour,SF,136,R,0.2056904365051806,0.8503965137449848,1.0977344403982139,4.063867066161183,8.491570869512046,1.2682326036443683,0.7444232487148364,0.23420619359303363,0.021370557692129834
596133,Luke,Weaver,PIT,234,R,0.20545833333333333,0.8494369177058024,0.9447995618614914,4.176328028293546,7.308536693191866,0.7041750663129974,0.6812761491315279,0.0003322259136212624,0.3183916249548508
650633,Mike,King,SD,779,R,0.20543584557518985,0.8493439454147612,0.7677578392154898,4.03938926940856,5.939023011755708,0.4146351760449775,0.49244367716354026,0.29799122367962133,0.20956509915683844
680767,Victor,Vodnik,MIA,259,R,0.20536530193472738,0.8490522932264756,0.6497610085247741,3.948057380771035,5.026253571977041,0.07644787644787644,0.4885501532827734,0.3803048356426886,0.131145011074538
656848,Michael,Petersen,MIA,267,R,0.20528456208435625,0.8487184863249857,0.8505610526807966,4.006275811803136,6.579550747324358,0.17178598180845372,0.64829428688272,0.2527395426844435,0.09896617043283658
664299,Cristian,Javier,HOU,275,R,0.2050170997360693,0.8476127030304107,0.8118906727387851,3.9827517006802724,6.280414399092971,0.5826587301587302,0.540925812823852,0.2918261980525546,0.1672479891235934
699823,Tyler,Davis,CWS,124,R,0.20443519225872167,0.8452068931227337,1.286009567724825,4.311506641366224,9.947981024667932,1.634618595825427,0.6225821323320305,0.3210935675674791,0.05632430010049055
592791,Jameson,Taillon,TOR,369,R,0.2043050193050193,0.8446687124085827,1.2270650584033962,4.197102311685768,9.492013297090804,1.6384238172201,0.4581778092441391,0.23033387321329338,0.10648831754256748
696519,Samy,Natera,LAA,129,L,0.20421103385271278,0.8442801435361442,0.6250246873501026,3.9318948281846584,4.834904720583131,0.05116279069767442,0.6219989030024448,0.16894524153870316,0.004055855458852044
681810,Austin,Warren,NYM,215,R,0.2033985263615683,0.840920952172653,0.7506923702657348,3.9407375602980643,5.8070123599301775,0.43189320282047916,0.5115509406086975,0.4503143428671167,0.038134716524185805
676917,Cade,Cavalli,WSH,701,R,0.20337377955460045,0.8408186401802757,0.7565146163427725,4.185713827804451,5.852050588998558,0.4431535012776097,0.5107751583253411,0.4121821448724766,0.07704269680218223
668941,JoJo,Romero,MIL,234,L,0.20318544338187353,0.8400399922887146,0.8788402357304568,4.238596153846155,6.798305555555556,0.6511623931623932,0.48451007061440676,0.37730050348214,0.13818942590345323
689017,Landon,Knack,LAD,49,R,0.2030451832907076,0.8394601078051593,1.0794216053014412,4.361581432573029,8.349911164465787,0.836422569027611,0.36940438216898175,0.2498410804527404,0.17575453737827787
676534,Calvin,Faucher,MIA,290,R,0.202831351981352,0.8385760540635506,0.596776759565948,3.8402838196286475,4.6163916887709995,0.06675862068965517,0.5913931473895064,0.40860685261049345,0.0
657044,Ryan,Thompson,AZ,181,R,0.2027857142857143,0.8383873717994402,0.7572407888234711,4.123352718813609,5.857667926722884,0.24255015993021228,0.3391111978658338,0.1908888021341662,0.0
666277,George,Soriano,STL,283,R,0.20276120401337794,0.838286037724313,0.7685311434831165,3.6383823853489874,5.945004939397394,0.48621554770318026,0.35477342482867724,0.28374638952600045,0.3614801856453223
670329,Rico,Garcia,BAL,260,R,0.20260271494636173,0.8376307882516235,0.8621551534168475,4.139476127320955,6.669237400530504,0.42307692307692313,0.31422715185472594,0.41266083812089316,0.27311201002438096
702056,Trey,Yesavage,TOR,393,R,0.20252823920265783,0.8373228793673777,1.3100001354204387,4.062809160305345,10.13356106870229,1.8676933842239185,0.49027177269919703,0.1982746780818469,0.31145354921895607
682982,Daniel,Espino,CLE,68,R,0.202463963963964,0.8370571429537939,0.9316324402215956,3.8626312370476645,7.206681870715766,1.0823306033795632,0.5938389848138133,0.4061610151861868,0.0
814490,Ethan,Pecko,HOU,140,R,0.20226153727427074,0.8362202399157679,0.8232656383510173,4.017092044134727,6.368405923344948,0.4875261324041812,0.6043958761826409,0.33555889208830386,0.060045231729055265
663423,Trent,Thornton,CHC,193,R,0.20224999999999999,0.8361725407714389,0.9381452691744445,3.9610053119693474,7.257062132625071,0.9281213480210737,0.5013927874496169,0.2912564869494082,0.0023507256009748533
663893,Brendon,Little,TOR,125,L,0.2021850213004164,0.8359038960034446,0.6937414387094178,3.778297615834458,5.36646603688709,0.3705263157894737,0.4864771461902839,0.5135228538097161,0.0
622088,Tejay,Antone,CIN,227,R,0.2020140931372549,0.8351972189380298,0.747038667598134,3.9370214206771603,5.778748989486227,0.3041929289506382,0.3827390430747821,0.6172609569252179,0.0
623352,Josh,Hader,HOU,177,L,0.2014175084175084,0.8327307281548613,0.5746081272545088,3.865146900279818,4.4449053024238125,0.03728813559322034,0.6700626140773099,0.3299373859226901,0.0
643377,Griffin,Jax,TB,448,R,0.20074909421526727,0.8299672690607911,0.7563104931421684,4.117331029381758,5.85047158540693,0.40334431060392595,0.47355743236039977,0.3146926840836964,0.21174988355590382
672282,Reid,Detmers,LAA,730,L,0.20062411738925773,0.8294505709636739,0.8714304595739798,4.158763874451314,6.740986920880015,0.5310904129494385,0.48837164498048796,0.4306900737870524,0.08093828123245968
607067,Colin,Rea,CHC,582,R,0.20006726395966903,0.8271483432897235,0.8284963072452339,4.090749334065354,6.408867982268855,0.6420634620468085,0.5815774841905605,0.21698932828339962,0.20143318752603986
682274,Yaramil,Hiraldo,BAL,47,R,0.20000000000000004,0.8268702504538334,0.5951496961171362,3.1912583586626138,4.603805471124621,0.2808510638297872,0.37847467484403086,0.18136146885470067,0.23516385630126846
671083,Buddy,Kennedy,SF,8,R,0.19999999999999998,0.8268702504538332,0.639903448192431,3.3,4.949999999999999,0.0,0.3,0.0,0.0
669199,Lake,Bachar,PIT,353,R,0.19960281731048507,0.8252281577040576,0.7420958292823147,3.930701581680831,5.7405134560906514,0.47919282341831915,0.3469311883050169,0.6242543265654583,0.028814485129524857
642121,Cole,Sulser,TB,228,R,0.19901168943029407,0.8227842274123387,0.9282675881351047,4.0917913703176865,7.180652916073969,0.4489710763394974,0.6140038384025798,0.029721215934610128,0.35627494566281026
519242,Chris,Sale,ATL,675,L,0.1989936633565167,0.8227097012916437,0.8095762534027096,4.054928104575164,6.2625111111111105,0.3373228758169935,0.4743380267128384,0.4383565503166289,0.08730542297053269
693713,Emiliano,Teodo,TEX,10,R,0.19874999999999998,0.8217023113884967,0.6029312489635351,3.498,4.664000000000001,0.0,0.3081395348837209,0.1848837209302326,0.03697674418604651
695549,Jackson,Jobe,DET,191,R,0.19858024691358026,0.8210004925030808,0.9512324318687707,3.9647905759162296,7.358298429319372,0.7285798429319371,0.4888015913832282,0.4150505908234266,0.09614781779334523
681168,Luis,Curvelo,TEX,52,R,0.19825,0.8196351357623622,0.9604020983127428,3.714615384615385,7.42923076923077,0.896923076923077,0.275924935630818,0.15051990493166964,0.10355515943751237
670970,Adrián,Morejón,SD,358,L,0.19816757940854327,0.8192943800868603,0.722772988992207,3.974744508820146,5.591040813450242,0.3864510951660314,0.6520818936522674,0.08331868861635648,0.26459941773137596
621242,Edwin,Díaz,LAD,93,R,0.19807870370370367,0.8189269367052604,0.7856469585300081,3.863560518866457,6.077405045571904,0.3788048651507139,0.5523259964824404,0.4476740035175597,0.0
622554,Seranthony,Domínguez,SEA,257,R,0.19764181752507226,0.8171206957855366,0.7404315132338193,4.052348317072488,5.727639069394779,0.4041198576607137,0.6274044168184697,0.2720821938432541,0.10051338933827626
663767,Chase,Shugart,PHI,216,R,0.19701794966691338,0.814541406924907,0.8172173823921147,3.9008912529550828,6.32161938534279,0.46704491725768316,0.7186776351197206,0.15315318733329625,0.12816917754698326
608331,Max,Fried,NYY,451,L,0.19642196528405648,0.8120773981453097,0.7908427429308559,4.030146509278685,6.117597254032175,0.3677539502491471,0.5698748798568,0.31874900620911367,0.11137611393408639
687606,Paxton,Schultz,WSH,149,R,0.19638280616382808,0.8119155005875556,0.7761298735391688,3.928697986577182,6.003785234899329,0.22147651006711408,0.4374105051856808,0.045108732017397124,0.047480762796922045
681544,Wyatt,Olds,BOS,73,R,0.19521467603434817,0.807086040323927,0.6709029987986753,3.264212328767123,5.189798325722984,0.481396499238965,0.689587615132831,0.2982423203733804,0.012170064493788687
666974,Yennier,Cano,BAL,202,R,0.19487131096457722,0.805666448517734,0.6687222634251769,3.7575580222618536,5.172929155648484,0.3845390812373163,0.6147640980598722,0.09696323767586394,0.2882726642642639
657277,Logan,Webb,SF,664,R,0.19481744421906694,0.8054437444709779,0.819726092832635,3.961124474443258,6.341025620323479,0.47690827306545674,0.44784672505327083,0.17119580998389117,0.1759574649628381
641312,Shaun,Anderson,LAA,92,R,0.19481481481481483,0.8054328735902154,0.7121785333071124,3.8174782608695654,5.509086956521739,0.5399565217391304,0.17465365480290854,0.25096058170685037,0.10438576349024109
592866,Trevor,Williams,TEX,117,R,0.19465217391304349,0.8047604589743069,0.8638736530570341,3.9105668016194337,6.682530926675663,0.7399701979307244,0.5421034501694489,0.31983685567549475,0.13805969415505626
655889,Manuel,Rodríguez,TB,33,R,0.19434285714285715,0.8034816347981392,0.7911533541288239,3.06,6.12,0.35333333333333333,0.5377432712215322,0.4622567287784679,0.0
663556,Shane,McClanahan,TB,484,L,0.1933360712706135,0.7993192283664617,0.8370454196052507,3.937181818181818,6.475,0.5811969696969698,0.32667032359391845,0.2556048752834467,0.21272480112263487
661395,Jhoan,Durán,PHI,247,R,0.19256416943146368,0.7961279150311438,0.842659496357128,3.9869937039822623,6.518427926510307,0.6189963745890521,0.33376201202018796,0.1926763005768088,0.4735616874030032
677020,Josh,Walker,BAL,123,L,0.19206739343677548,0.7940740685754074,0.5738864832024563,3.5929417103284695,4.439322994549475,0.1589497262319562,0.5488616073274872,0.33457659863834177,0.11656179403417107
621112,Paul,Blackburn,NYY,346,R,0.1919632628579997,0.7936435561866462,0.7109486914648767,3.7672755550518215,5.499573463296686,0.36524169783520344,0.5110910159432085,0.24483647836050715,0.2440725056962843
680755,Braydon,Fisher,TOR,297,R,0.1919264705882353,0.793491444020072,0.6398341945724968,3.1848809523809525,4.949464285714286,0.47634920634920636,0.2608348353338818,0.7391651646661181,0.0
696522,Hayden,Juenger,ATH,76,R,0.1917960199004975,0.7929521150558637,0.6423721339225615,3.745703063629222,4.969096622152396,0.0,0.3086365669555493,0.10697092535644395,0.11439250768800671
669711,Greg,Weissert,BOS,253,R,0.19167326902025178,0.7924446198004027,0.7914648727470595,3.840530624568668,6.1224097653554175,0.3109178743961353,0.6731495566215497,0.16897234448596257,0.15787809889248777
694795,Josh,Ekness,MIA,129,R,0.19137841018831483,0.7912255698193417,0.6135712428850266,3.6011224158431028,4.746306119868797,0.19690502064768528,0.6959013709778147,0.3040986290221854,0.0
691799,Grant,Taylor,CWS,358,R,0.1913081705074668,0.7909351743068685,0.7679912146870654,3.864741883676707,5.940828297518056,0.4559539830333127,0.524141830976094,0.4758581690239059,0.0
665622,Luis,Medina,ATH,307,R,0.1907844813115933,0.7887700592241091,0.6166936854819762,3.5458567437303037,4.770459905722836,0.27390323349487566,0.5257758013263751,0.30390479089177785,0.17031940778184712
656271,Brock,Burke,CIN,305,L,0.19052747065668413,0.7877074869011389,0.6884359269627615,3.8077200461240954,5.325425027934671,0.15071772971483677,0.5734041684879261,0.24526193391708315,0.18133389759499086
623211,Huascar,Brazobán,CWS,265,R,0.18945465164789319,0.7832720762886859,0.8606170095001868,3.8078975741239893,6.6573390236597785,0.24500449236298294,0.5610750700648099,0.0017045454545454545,0.4372203844806446
571578,Patrick,Corbin,TOR,356,L,0.18903296703296704,0.7815286839729033,0.7282741797507729,3.8868539325842697,5.633595505617977,0.45247191011235954,0.2713639702024971,0.18344122687371034,0.07519480292379253
677944,Slade,Cecconi,CLE,520,R,0.18895376187377066,0.7812012220237936,0.8992988599600916,3.853047008547009,6.956564102564102,0.8393205128205129,0.7455722613653577,0.24273359203727948,0.011694146597362839
683363,Matt,Wilkinson,SF,110,L,0.18891666666666668,0.7810478574078501,1.0692395225784754,3.9720054734537493,8.271147235905858,1.0556759715380406,0.6227646871577321,0.14892187138652535,0.22831344145574256
676282,Joey,Cantillo,CLE,682,L,0.18849863017307236,0.7793195477070641,0.7011537722652107,3.5918264878425905,5.423804454432451,0.3466299683179723,0.4117458774990056,0.3669835343285075,0.22127058817248693
656427,Jack,Flaherty,DET,389,R,0.18840385421030584,0.7789277105867154,0.7858355876308148,3.863435916268821,6.078864193903782,0.5914323907455012,0.5311951716408387,0.399983606258537,0.06882122210062414
701656,Logan,Henderson,MIL,370,R,0.1877430234239445,0.7761956039975844,0.9197161411785729,3.8305223711106064,7.114502838973427,0.6899345900522371,0.6044337572077749,0.030999862527208155,0.364566380265017
692064,José,Rodríguez,TOR,16,R,0.1875,0.7751908598004686,0.7110038313249233,4.125,5.499999999999999,0.0,0.5147058823529411,0.14705882352941177,0.3382352941176471
650556,Bryan,Abreu,HOU,279,R,0.18670119098508597,0.771888302749335,0.9625889139240565,3.6325169591374045,7.446146973240266,1.0290370036477021,0.5990608341500518,0.4006778418081362,0.0002613240418118467
681806,Andrew,Wantz,CHC,20,R,0.18625,0.7700229207351322,0.6746636355016495,3.336666666666667,5.218888888888889,0.32999999999999996,0.4111111111111111,0.09925925925925924,0.01962962962962963
628452,Raisel,Iglesias,ATL,245,R,0.18523343079922028,0.7658200665868703,0.7492017994185464,3.8637516829417557,5.7954819865364655,0.48264525627721755,0.5462062030620363,0.11222507371453506,0.3415687232234286
677955,Jaden,Hill,COL,177,R,0.1851747737556561,0.7655775577653564,0.6857986785549416,3.608372881355932,5.305024482109228,0.2055681104833647,0.5039993106394369,0.23912953267393314,0.25687115668662985
607192,Tyler,Glasnow,LAD,282,R,0.1848944343096695,0.7644185360257812,0.7656134138180452,3.650370806249748,5.922434719026023,0.4638401182481687,0.5695301768267964,0.4304698231732036,0.0
669165,Kyle,Hurt,LAD,196,R,0.18443491479618646,0.7625187209497705,0.7620301916294914,3.7870521541950115,5.894716553287982,0.3290022675736961,0.5110165140763088,0.11154612367639559,0.3774373622472956
695243,Mason,Miller,SD,274,R,0.1843781506248971,0.7622840379271163,0.7422340206869311,3.6433100878717477,5.741582441505223,0.4453529992865375,0.533197973434016,0.4589977835820427,0.007804242983941306
676051,Codi,Heuer,CLE,45,R,0.1843076923076923,0.7619927384951479,0.5650110446262059,3.7840000000000003,4.370666666666667,0.0,0.28349206349206346,0.13515873015873014,0.11134920634920634
671737,Taj,Bradley,MIN,744,R,0.1835709239837046,0.758946679452237,0.690402387913388,3.5756060444665376,5.340636669211332,0.45750986797332244,0.7252962633739348,0.10386229052711617,0.170841446098949
664954,Brett,Sullivan,COL,33,R,0.18311827956989246,0.7570752884531602,0.9273213606128697,3.886666666666666,7.173333333333333,0.19999999999999998,0.11170212765957446,0.0,0.41829787234042554
686973,Louis,Varland,TOR,302,R,0.18275457875457873,0.7555716215319166,0.5404621707693357,3.6084917674982155,4.180767821872562,0.0880945741838039,0.4399232650125854,0.39203941028407047,0.16803732470334415
685464,Cade,Winquest,STL,55,R,0.18255676328502413,0.7547537828976453,0.6411316248339675,3.331806609547124,4.959500611995104,0.3475813953488372,0.7349242543171115,0.2593971742543171,0.0056785714285714295
669854,Ronel,Blanco,HOU,142,R,0.18240833333333334,0.7541401213409982,0.9897413671366199,3.629380281690141,7.656185915492959,1.2054140845070422,0.38764950419527083,0.3655751334858886,0.24677536231884062
542888,Shawn,Armstrong,CLE,151,R,0.18221419483824064,0.753337484610698,0.6290892839588137,3.657924944812362,4.866346578366446,0.17483443708609273,0.6718880830080131,0.32811191699198683,0.0
676272,Bobby,Miller,LAD,32,R,0.18217032967032967,0.7531561305988144,0.7713404064554136,3.233923611111112,5.966736111111112,0.5465625,0.46368041582830316,0.4510479543930248,0.08527162977867203
670280,David,Bednar,NYY,278,R,0.18181321525636718,0.7516796941742452,0.7415698763562986,3.65694791464126,5.736444925140969,0.340531596344546,0.4216116382532526,0.16351367435578584,0.41487468739096156
694357,Ricky,Tiedemann,TOR,29,L,0.18160839160839162,0.750832881268743,0.38549483590340966,2.9820114942528737,2.9820114942528737,0.0,0.3242048780487805,0.3872878048780488,0.08350731707317073
608718,Brent,Suter,ATL,379,L,0.1815492476589936,0.7505883594074853,0.7537469267004835,3.802788791672889,5.830641009525232,0.4054821630075837,0.6949206271742119,0.09169490071456611,0.21338447211122202
622694,Elieser,Hernández,ATL,52,R,0.18146739130434783,0.7502499364851493,1.035252831324751,3.491593406593407,8.008241758241759,1.5055494505494507,0.37689708141321043,0.4568958013312852,0.16620711725550436
806960,Luis,Morales,ATH,89,R,0.18133445945945947,0.7497003495457687,0.8832143164718708,3.490482485128884,6.8321414408460015,0.8167481824190349,0.2978241739280476,0.19671512380295056,0.03546070226900181
668820,Max,Kranick,WSH,93,R,0.18113924050632912,0.7488932458224276,0.7779758051142388,3.3851612903225807,6.018064516129033,0.501505376344086,0.21355882352941177,0.3164411764705882,0.0
683000,Riley,Cornelio,WSH,154,R,0.18098432790837854,0.7482527827290982,0.5474757912943422,3.2807513013302487,4.235021978021979,0.13897744360902256,0.518782892892698,0.48121710710730203,0.0
681006,Josh,Simpson,SEA,38,L,0.1805,0.7462504010345845,0.9085880539246916,3.4505263157894737,7.028421052631579,1.134736842105263,0.2238328173374613,0.27987616099071205,0.026291021671826627
660604,Alan,Rangel,PHI,122,R,0.18035338785046728,0.7456442549105661,0.7242347400159499,3.4548870181657065,5.602348249889234,0.3531501993797076,0.1703873838685378,0.1438273861004938,0.2157852300309684
671131,Jackson,Rutledge,WSH,12,R,0.18,0.7441832254084499,0.639903448192431,3.3,4.949999999999999,0.0,0.21818181818181817,0.0,0.0818181818181818
661563,Luis,Gil,NYY,124,R,0.1796587613360157,0.7427724249106837,0.5519552965122084,3.1519314432940684,4.269673378777941,0.3193548387096774,0.5854965728535071,0.198230716683231,0.21627271046326185
687223,Carson,Palmquist,WSH,76,L,0.17906593406593407,0.7403214687442425,0.5505498088054568,3.229239766081872,4.258801169590644,0.08684210526315787,0.28699408605805177,0.2430059139419482,0.0
647336,Michael,Soroka,AZ,467,R,0.1789399056584551,0.7398004230399603,0.8828356009676435,3.605035028211668,6.829211871156667,0.8117551625631658,0.5464767753774237,0.3313017556875776,0.12222146893499874
695239,Robby,Ahlstrom,TEX,159,L,0.17885057471264368,0.7394310975322785,0.7275580811842075,3.3701158435072145,5.6280560950795415,0.5541077044025157,0.43856079156079153,0.23507284207284207,0.12136636636636636
683618,Edgardo,Henriquez,LAD,240,R,0.17800478468899522,0.7359343044888507,0.5424981020664875,3.460308988764045,4.196516853932584,0.0275,0.6208799456357597,0.1741200543642404,0.0
694477,Chad,Patrick,MIL,434,R,0.1779185197887625,0.7355776550905467,0.845861728109998,3.1167249103942654,6.543198924731182,0.6557533282130056,0.9371554010818682,0.053845916781076336,0.008998682137055437
592779,Brock,Stewart,LAD,104,R,0.1778883817795108,0.735453053974256,0.870164513156164,3.6554047619047623,6.731194139194138,0.47644505494505496,0.6330262925365774,0.2465883884048441,0.12038531905857856
665152,Dean,Kremer,MIN,360,R,0.17756535400083787,0.7341175436729819,0.8614825702992939,3.5734778530179114,6.664034605575586,0.8094272711283089,0.47302542313255164,0.3059630110938081,0.22101156577364017
699134,Bradgley,Rodriguez,SD,309,R,0.17740876473430747,0.73347014864281,0.8530787803485201,3.5775694193756773,6.599026735444809,0.5791069053635552,0.5761151611281597,0.023761017283672147,0.4001238215881681
663884,Nolan,Kingham,TEX,5,R,0.1766666666666667,0.7304020545675528,0.30146562448176756,2.3320000000000003,2.3320000000000003,0.0,0.3854545454545455,0.09636363636363637,0.04818181818181819
656716,Zach,McKinstry,DET,15,R,0.1766666666666667,0.7304020545675528,0.6029312489635351,2.3320000000000003,4.664000000000001,0.7773333333333333,0.3068421052631579,0.0,0.22315789473684208
679922,Carlos,Duran,KC,9,R,0.17666666666666664,0.7304020545675526,0.33496180497974165,2.591111111111111,2.591111111111111,0.0,0.39371428571428574,0.12114285714285714,0.015142857142857142
686628,Blake,Burkhalter,ATL,4,R,0.17666666666666664,0.7304020545675526,0.37683203060220943,2.915,2.915,0.0,0.3917391304347826,0.13826086956521738,0.0
646242,Jhonathan,Díaz,SEA,6,L,0.17666666666666664,0.7304020545675526,1.2561067686740313,3.886666666666666,9.716666666666667,1.943333333333333,0.318,0.1696,0.0424
668964,Tobias,Myers,NYM,224,R,0.17557508281192494,0.7258890634907444,0.6759702558430144,3.5275862068965522,5.22899630541872,0.26517857142857143,0.561271018455229,0.09400956937799043,0.3447194121667806
660761,José,Suarez,ATH,271,L,0.17550619834710743,0.7256042709173642,0.750455311754688,3.471996101093086,5.80517858386131,0.43254055559423515,0.23873996789727125,0.16581778933968008,0.12544224276304866
686894,Joey,Wiemer,WSH,15,R,0.17499999999999996,0.723511469147104,0.6256833715659325,3.0799999999999996,4.84,0.44,0.15348837209302327,0.11860465116279069,0.027906976744186046
624428,Adam,Frazier,LAA,14,R,0.17499999999999996,0.723511469147104,0.6703750409634992,3.3,5.185714285714286,0.47142857142857136,0.1733333333333333,0.02666666666666667,0.09999999999999999
664849,Danny,Young,ATL,62,L,0.1749264705882353,0.7232074727314961,0.6622784074721186,2.9461075268817205,5.123082437275985,0.5442437275985663,0.26093075277183425,0.26211631978214356,0.006952927446022174
702474,Mike,Paredes,MIN,150,R,0.17468792401628222,0.7222212374130174,0.6723252229008475,3.4055999999999997,5.2008,0.264,0.2503839800974734,0.11498134138134955,0.16463467852117702
694346,Trey,Gibson,BAL,184,R,0.1743006993006993,0.7206203144252376,0.5595291020426572,3.395652173913043,4.328260869565217,0.2510869565217391,0.64047422491286,0.35952577508713995,0.0
694361,Will,Klein,LAD,187,R,0.1740909090909091,0.7197529680086776,0.5637679195164842,3.17936974789916,4.361050420168068,0.28659663865546214,0.2763096245200755,0.2536903754799245,0.0
687209,Zach,Maxwell,CIN,66,R,0.17309523809523808,0.715636514380877,0.6474443979186045,3.486666666666666,5.008333333333334,0.3,0.4650515463917526,0.06494845360824743,0.0
688107,Robert,Gasser,MIL,459,L,0.17247929006057824,0.7130899688524485,0.7897691898367444,3.4091708847600124,6.109292738982502,0.5466188404272031,0.6104635272537734,0.2591746585446924,0.13036181420153417
808967,Yoshinobu,Yamamoto,LAD,703,R,0.17218102513542372,0.7118568368856278,0.7738298048149559,3.5122851219006312,5.985992956678272,0.6719496809815432,0.5269997865240956,0.2157211783424925,0.25727903513341194
663362,Matt,Waldron,WSH,190,R,0.17213255755122692,0.7116564548682094,0.7028139225310152,3.5702857142857143,5.436646616541353,0.38772932330827065,0.28863176574977817,0.07770896184560781,0.16365927240461403
621074,Michael,Rucker,SEA,185,R,0.171555817978282,0.7092720108925714,0.6860810466485454,3.359357026877376,5.307208752357009,0.5375247074316841,0.6660691867807665,0.3306643910735984,0.003266422145635152
670103,Raymond,Burgos,BOS,81,L,0.17151388888888888,0.7090986613093324,0.8746224907804365,3.742716049382716,6.765679012345679,0.6477777777777778,0.5320808704404735,0.4084534102210388,0.05946571933848769
694819,Jacob,Misiorowski,MIL,681,R,0.17121064785200724,0.7078449563487613,0.6079198148206366,3.499559915052528,4.702589260711761,0.23261768528364307,0.7795441179513343,0.21738458405963465,0.0030712979890310786
687309,Cooper,Hjerpe,STL,54,L,0.1688416815742397,0.6980508176516897,0.5084824174346307,2.994641577060931,3.9333870967741937,0.0,0.6295515003192169,0.21477867631410938,0.15566982336667373
641329,Bryan,Baker,TB,244,R,0.16844596267312162,0.6964147767173056,0.7690873910946436,3.348518930523029,5.9493078161592505,0.20457767369242782,0.5545568406182817,0.03475436190423707,0.4106887974774813
623465,Evan,Phillips,LAD,103,R,0.16837377603561315,0.6961163318021254,0.9286965009639405,3.496109659523064,7.183970789276145,0.7333417545324842,0.6123445457459025,0.3876554542540976,0.0
689254,Mason,Fluharty,TOR,256,L,0.1682500379679925,0.6956047551673046,0.5492724396556545,3.2244711021505372,4.24892002688172,0.20909610215053764,0.5247556740852792,0.35524253957536334,0.12000178633935737
673380,Dedniel,Núñez,NYM,72,R,0.16753888888888888,0.6926646150815624,0.8809495470967207,3.6858555555555554,6.814622222222223,0.8809777777777777,0.523927555074034,0.4573296496930299,0.01874279523293608
810938,Ben,Williamson,TB,21,R,0.167,0.6904366591289508,0.6273085231803895,3.595428571428571,4.852571428571429,0.3142857142857142,0.0,0.0,0.53
623437,Justin,Topa,NYY,106,R,0.16680124223602483,0.6896149247185618,0.5827213004372898,3.195188679245283,4.507665094339623,0.24905660377358488,0.3247291722715452,0.1532678683526141,0.05200295937584073
682254,Mason,Montgomery,PIT,275,L,0.1666854256854257,0.6891360984175587,0.8103785629997816,3.390247449870069,6.26871741069697,0.593870263351821,0.7939618639943292,0.20013565525289068,0.005902480752780154
620443,Luis,Torrens,NYM,11,R,0.1665909090909091,0.6887453336166589,1.1844677462753839,3.665,9.162500000000001,1.8325,0.10054545454545455,0.0,0.4294545454545455
571945,Miles,Mikolas,WSH,492,R,0.16630643765091804,0.687569228762497,0.856077340342736,3.473360433604336,6.622222222222222,0.7199728997289974,0.23977311402775975,0.2447993514891616,0.045427534483078694
621097,Jacob,Waguespack,DET,179,R,0.16626259814111788,0.6873879808302559,0.7743777895631153,3.208318765397828,5.9902319157135,0.5001486318419318,0.698000348606036,0.08632866531059302,0.21567098608337093
676105,Jeff,Criswell,COL,18,R,0.16625,0.687335895689749,1.1281260790355452,3.153333333333333,8.726666666666667,1.8577777777777775,0.22498312236286921,0.24017299578059073,0.06484388185654008
623149,Paul,Sewald,TOR,214,R,0.16615666789351,0.686950027978405,0.9714762728427961,3.3887720351812236,7.514895511433065,0.9826436378952987,0.5484181938544341,0.4515818061455659,0.0
669704,Kade,Strowd,AZ,14,R,0.16566666666666668,0.6849241907925919,0.32299888337332233,2.4985714285714287,2.4985714285714287,0.0,0.6891525423728813,0.10584745762711864,0.0
623168,Tyler,Heineman,LAA,26,R,0.1655,0.6842351322505471,0.9995073090356134,3.549615384615384,7.731730769230769,1.1401923076923077,0.25067500000000004,0.0,0.279325
676742,Cam,Sanders,BAL,129,R,0.16520570938495466,0.6830184314777032,0.4853849027369986,3.048930363453903,3.754715301714735,0.05116279069767442,0.46803257433286066,0.43465463462494736,0.09731279104219195
680744,Ty,Madden,DET,189,R,0.16467756901938416,0.680834913695933,0.8413291437989476,3.375444117060295,6.508136928420525,0.7225068162402999,0.7017950049669838,0.16277056540815885,0.1354344296248574
695378,Jack,Sinclair,WSH,45,R,0.16457393483709273,0.6804064535845985,0.5789425979588333,3.116347826086957,4.478434782608695,0.0,0.4263729120705957,0.526816892530728,0.046810195398676334
656786,Parker,Mushinski,COL,34,L,0.16448275862068967,0.6800294990801353,0.48766498077932985,3.086470588235294,3.7723529411764707,0.0,0.2707194244604317,0.24021582733812952,0.019064748201438848
664126,Pete,Fairbanks,MIA,181,R,0.164069332566168,0.678320250553903,0.5525153727885748,2.820739949268564,4.274005872337469,0.387184405295528,0.5089221600563637,0.28059481122300967,0.005483028720626632
801725,Luis,De Leon,BAL,35,L,0.1637157287157287,0.676858328032032,0.5745813819113412,3.4452698412698406,4.444698412698412,0.33314285714285713,0.6856846456846456,0.10178074178074178,0.21253461253461253
641755,Tyler,Kinley,DET,225,R,0.16349463036963038,0.6759442298079659,0.8534602837068921,3.2365508810452632,6.601977870696972,1.0252397081610565,0.13416545876875466,0.86294883782574,0.002885703405505386
669298,TJ,Shook,COL,36,R,0.16338235294117645,0.6754800354810357,0.8342444954212435,3.3244444444444436,6.453333333333333,0.5499999999999999,0.2964398595258999,0.11675592625109746,0.11680421422300263
804926,Austin,Peterson,CLE,27,R,0.1633764705882353,0.6754557157677872,1.1135733690376666,3.303216374269006,8.614093567251462,1.7702923976608187,0.6271467181467181,0.2853185328185328,0.08753474903474903
686563,Jonathan,Cannon,CWS,18,R,0.16307692307692306,0.6742172811392794,0.5460509424575412,2.816,4.224,0.0,0.3700378787878788,0.11280303030303031,0.047159090909090914
608344,Cole,Irvin,LAD,30,L,0.16307692307692306,0.6742172811392794,0.6531755197104964,3.1093333333333333,5.052666666666667,0.38866666666666666,0.37931372549019604,0.03637254901960785,0.11431372549019608
680573,Simeon,Woods Richardson,TOR,299,R,0.16302884615384616,0.6740185142521511,0.692034303090822,3.111380276597668,5.353260417608245,0.5163228780620086,0.22010134568274103,0.17749169435215947,0.1324069599650995
680604,Blas,Castano,COL,110,R,0.1629946524064171,0.673877145289648,0.6207958417324192,3.1760769230769235,4.802192307692307,0.24,0.5570303790412486,0.16173541434410998,0.07623420661464139
694738,Landen,Roupp,SF,652,R,0.16273131108657427,0.6727883997741816,0.5456467860143392,3.0747757917805916,4.220873630858685,0.19430051292366488,0.4427212142581832,0.1973524970019323,0.15492628873988445
595978,Austin,Hedges,CLE,20,R,0.1625,0.6718320784937396,0.4621524903612002,3.575,3.575,0.0,0.3651420454545454,0.0,0.16485795454545454
676879,Aaron,Ashby,MIL,385,L,0.16232621729171492,0.6711135997361184,0.6254788070270498,3.2474725274725276,4.838417582417582,0.45529670329670324,0.5413827018052445,0.3247122615383492,0.1339050366564062
687931,Carson,Whisenhunt,SF,162,L,0.16145714285714285,0.6675205407592303,0.6355629650331295,3.0662324393358875,4.9164240102171135,0.37818646232439335,0.2371741846193069,0.1087228525121556,0.1841029628685375
689546,Nick,Davila,SEA,117,R,0.16144444444444445,0.6674680410607887,0.6134426462647344,3.0405128205128205,4.745311355311356,0.3537728937728938,0.18445745810715128,0.3455425418928487,0.0
545121,Ildemaro,Vargas,AZ,16,R,0.16125,0.6666641394284031,0.47495055932504887,2.7555,3.6740000000000004,0.0,0.25875,0.07660714285714286,0.19464285714285712
666200,Jesús,Luzardo,PHI,743,L,0.1610881741658145,0.6659950945881887,0.6109359895172166,3.2013431587241277,4.725921006759146,0.24014501544935832,0.47818891386144735,0.3897684740041767,0.13204261213437588
681402,Gus,Varland,WSH,150,R,0.1605672268907563,0.6638413155691857,0.9108974799031304,3.3377142857142856,7.046285714285714,1.0308571428571427,0.4553960029607698,0.5378682457438935,0.006735751295336788
673513,Yuki,Matsui,SD,259,L,0.16046888505335022,0.6634347358705553,0.5949891702627632,3.073251055900621,4.602563716635891,0.386077508813161,0.4625526995095539,0.32398543389575835,0.21346186659468774
694360,Beck,Way,KC,103,R,0.15991847826086958,0.6611591608588056,0.5130425704134209,3.1356526429341964,3.9686623516720605,0.25631067961165044,0.4366148017859559,0.06822791232580165,0.025157285888242457
675627,Michael,Grove,TB,27,R,0.15895424836601307,0.6571726957855303,1.1528485651966471,3.4969934640522875,8.917908496732027,1.6262745098039217,0.29561593462717056,0.2343840653728294,0.0
682995,Hunter,Barco,PIT,86,L,0.15873239436619718,0.6562554734235705,0.6677189469166154,2.923479758828596,5.165167958656331,0.49438415159345395,0.2802535373123608,0.17842778136895782,0.07131868131868131
657571,Caleb,Ferguson,STL,146,L,0.1586780905752754,0.6560309624775701,0.673918192322778,3.01201450443191,5.213122481869459,0.5236744560838034,0.4481774994061683,0.08182250059383166,0.0
670062,Julian,Garcia,CIN,177,R,0.15808159894575005,0.6535648565620739,0.638714424836091,3.0341178369652946,4.940802259887006,0.44435028248587566,0.2487105037400341,0.5462894962599658,0.0
615698,Cal,Quantrill,TEX,439,R,0.15802735279700886,0.6533405839290949,0.6899078093506316,3.2705990667940332,5.336810835966395,0.4937334386557915,0.718048261918669,0.07722522117795907,0.20472651690337193
656577,Alex,Jackson,MIN,10,R,0.1575,0.6511603222323937,0.9314150190356497,3.2449999999999997,7.205,1.3199999999999998,0.03244755244755245,0.0,0.49755244755244754
686218,Emmet,Sheehan,LAD,466,R,0.1573295278883296,0.6504555306440322,0.7349474024076622,3.2055348116356703,5.685216499761564,0.6475915593705294,0.43157103968206656,0.44717705308846595,0.12125190722946741
668390,Cole,Winn,TEX,211,R,0.15727047146401985,0.6502113706422327,0.6484664159965116,3.1773348201839977,5.016239197100641,0.3677808753833287,0.3182292328462516,0.13185986141994915,0.07991090573379925
676680,Tom,Cosgrove,WSH,70,L,0.15691820276497692,0.6487549681052093,0.7796213439353287,3.0625396825396822,6.03079365079365,0.5238095238095237,0.18589520482692917,0.3441047951730708,0.0
683003,Jared,Jones,PIT,412,R,0.15665826493198906,0.6476802937998838,0.6595228706621353,3.19959395511191,5.101766866547392,0.32390587216226946,0.4878466271438696,0.415967261693747,0.0961861111623834
641793,Zack,Littell,AZ,531,R,0.15624133821776934,0.645956572316845,0.7266211836762146,3.145558878918799,5.620808685055943,0.6043846239060596,0.1950976391586139,0.1874110297386462,0.14749133110273988
687287,Patrick,Monteverde,MIA,18,L,0.15588235294117647,0.6444724010890172,0.9211449636942897,3.238888888888889,7.125555555555556,0.6477777777777778,0.23646153846153845,0.19569230769230772,0.09784615384615386
684442,Kohl,Drake,AZ,93,L,0.1551219512195122,0.6413286332788267,0.7779758051142388,3.0090322580645164,6.018064516129033,0.6268817204301076,0.2899738219895288,0.1387434554973822,0.10128272251308901
688497,Taylor,Rashi,ATH,26,R,0.15492753623188404,0.6405248534312664,0.5660187143918132,2.903076923076923,4.378461538461539,0.25384615384615383,0.24915961945031712,0.19226215644820296,0.08857822410147992
693645,Cam,Schlittler,NYY,773,R,0.15476663653028166,0.6398596375484569,0.6056373448442153,3.1209106329776883,4.684933118343409,0.2579586229090361,0.8535449026202665,0.14645509737973342,0.0
687849,Zak,Kent,WSH,76,R,0.15453781512605042,0.6389136094893274,0.5913493707637949,3.01125,4.574407894736843,0.26052631578947366,0.3168157262905162,0.4781842737094838,0.0
656756,Jordan,Montgomery,TEX,103,L,0.15413946162657505,0.6372666761999256,0.591870777734935,3.219994658319901,4.578441260261648,0.33961165048543696,0.5771378987683335,0.3099421160290725,0.1129199852025939
804619,John,Klein,TOR,34,R,0.15357142857142855,0.6349182280270504,0.773739463500652,2.8955882352941176,5.98529411764706,0.19411764705882353,0.5056101556101557,0.233005733005733,0.26138411138411133
681320,Nate,Lavender,NYM,79,L,0.15302549019607842,0.6326611270212599,0.8791538802777088,3.237805907172996,6.800731766124171,0.614833031946956,0.7832063329216783,0.123434493175655,0.09335917390266678
669724,Brenan,Hanifee,DET,91,R,0.15248847926267278,0.630440935196252,0.7797791869437258,3.120659340659341,6.032014652014652,0.8226373626373628,0.37094770989418396,0.12618367189310264,0.03286861821271337
686780,Pedro,Pagés,STL,7,R,0.1514285714285714,0.6260589039150452,1.0766629445777411,3.331428571428571,8.32857142857143,1.6657142857142855,0.0,0.496875,0.033125
695534,Chase,Petty,CIN,137,R,0.15106666666666668,0.6245626625094621,0.6758169263878214,3.0395417680454178,5.227810218978103,0.570162206001622,0.26186378278877126,0.14285626629851206,0.12527995091271668
592773,Ryne,Stanek,STL,264,R,0.15088411588411588,0.6238079334530204,0.5789775947320905,2.890938511326861,4.478705501618123,0.37237864077669897,0.607247831714246,0.22972337720932792,0.16302879107642607
656641,Jacob,Latz,TEX,261,L,0.1507967294338597,0.6234466471729725,0.9794976226691681,3.1729511534897337,7.576944999918711,1.0942830723959096,0.5591463236567744,0.18636983493334092,0.25448384140988467
664744,Jose,Espada,BAL,4,R,0.15,0.6201526878403749,0.42660229879495404,3.3,3.3,0.0,0.12,0.16,0.02
683766,Christian,Koss,SF,10,R,0.15,0.6201526878403749,0.5972432183129356,3.3,4.62,0.0,0.0,0.0,0.3
686747,Joe,La Sorsa,BOS,2,L,0.15,0.6201526878403749,1.7064091951798162,3.3,13.2,3.3,0.15,0.15,0.0
676130,José,Buttó,SF,16,R,0.15,0.6201526878403749,0.6932287355418003,2.4749999999999996,5.3625,0.825,0.19523809523809524,0.06666666666666667,0.03809523809523809
605156,Aaron,Brooks,TB,4,R,0.15,0.6201526878403749,0.8532045975899081,1.65,6.6,1.65,0.21176470588235294,0.07058823529411765,0.01764705882352941
660710,Rodolfo,Durán,SD,19,R,0.14999999999999997,0.6201526878403748,0.7633935873172861,3.126315789473684,5.905263157894737,0.694736842105263,0.23333333333333334,0.006666666666666667,0.06
608348,Carson,Kelly,CHC,13,R,0.1498076923076923,0.6193576202918617,0.8198421101200463,3.295769230769231,6.341923076923077,1.0153846153846153,0.53,0.0,0.0
700842,Eduardo,Rivera,BOS,44,L,0.1494078947368421,0.6177047167041629,0.611851115211066,2.718,4.7330000000000005,0.403,0.2745714285714286,0.1717142857142857,0.08371428571428571
594835,Marco,Gonzales,TEX,28,L,0.14839999999999998,0.6135377258367442,0.4844983250599836,2.915,3.747857142857143,0.0,0.28296610169491526,0.1347457627118644,0.11228813559322035
666745,Jhony,Brito,SD,35,R,0.14804290137107476,0.6120613546730637,0.7243685649964445,3.2181203007518797,5.603383458646617,0.6434586466165413,0.31019044979410837,0.22733370288248334,0.25747584732340834
607074,Carlos,Rodón,NYY,334,L,0.14766796564779758,0.6105112386960122,0.5957150644653655,2.9817269060541123,4.608178901728316,0.40660094526665735,0.5765463645611956,0.28422585289262287,0.13922778254618168
668670,Jake,Rogers,DET,12,R,0.1475,0.609816809709702,0.5024427074696124,2.493333333333333,3.886666666666666,0.0,0.19558139534883723,0.0,0.3344186046511628
656234,Jake,Bird,WSH,170,R,0.14678362573099416,0.6068550668535443,0.6243031876580666,2.8955882352941176,4.829323529411765,0.48594117647058827,0.2632300884955752,0.2559007585335019,0.010869152970922882
650960,Daniel,Duarte,NYM,112,R,0.14671306471306472,0.6065633428207063,0.6968423941896682,3.002424889543446,5.390453608247423,0.7219472263132056,0.5304314051776254,0.1915254284854717,0.07304316633690283
656876,Drew,Rasmussen,TB,692,R,0.14665771010688472,0.6063344874353273,0.5598383075420977,3.02494594336971,4.330652741693043,0.2153290922009836,0.7888949322744772,0.03465734361031256,0.1764477241152102
690829,Ben,Joyce,LAA,60,R,0.1462324929971989,0.6045764905454114,0.5426381240671815,2.720666666666667,4.1975999999999996,0.4275333333333333,0.8898586053586053,0.11014139464139465,0.0
678061,Ray,Kerr,ATL,76,L,0.14530503018108654,0.6007420334901842,0.6508746425028765,3.0025547528953105,5.034868134388258,0.588192867790391,0.6438394798739626,0.3561605201260374,0.0
621381,Matt,Strahm,KC,160,L,0.14457854406130266,0.5977384846910995,0.9590131940673408,2.9403289473684207,7.418486842105263,1.2939473684210525,0.3565688345800263,0.11991035230971278,0.05352081311026095
668716,Noah,Murdock,PIT,14,R,0.14454545454545453,0.5976016810098158,0.32299888337332233,2.4985714285714287,2.4985714285714287,0.0,0.33125000000000004,0.19874999999999998,0.0
656605,Mitch,Keller,PIT,501,R,0.14417320484393653,0.5960626699901881,0.5886260221775965,2.8063173652694613,4.55334131736527,0.36627145708582837,0.29676327013720116,0.1800250730128937,0.0532116568499051
676106,Emerson,Hancock,SEA,562,R,0.14322831367106176,0.5921561579863551,0.63683804941869,2.9628187507669654,4.926287479036283,0.46751912300077714,0.39837499432337925,0.10698269765993473,0.024642308016686022
681982,Grant,Anderson,MIL,232,R,0.14300425381070542,0.5912298158221077,0.6682128421201268,2.8072758620689653,5.1689885057471265,0.44758620689655176,0.41681693989071034,0.3112431693989071,0.06693989071038252
543510,James,McCann,AZ,22,R,0.14210526315789473,0.5875130726908815,0.5429483802844869,2.7,4.199999999999999,0.3,0.005263157894736842,0.005263157894736842,0.2894736842105263
641778,Eric,Lauer,LAD,458,L,0.14148175837320576,0.5849352849035069,0.7028759033885559,2.852424994502215,5.437126072068109,0.6658955106657033,0.348405706845882,0.11041755252096888,0.07117674063314908
805299,Brandyn,Garcia,AZ,190,L,0.14088281084345125,0.5824590254338228,0.7112645007457644,2.816591318038687,5.502016419253261,0.662672064777328,0.7042562259030136,0.29574377409698643,0.0
679883,Luinder,Avila,KC,305,R,0.140236646382691,0.5797875545863068,0.5176496418729227,2.6327267759562845,4.004300546448088,0.2358087431693989,0.2885048566597192,0.1850656730504542,0.056429470289826575
668881,Hunter,Greene,CIN,120,R,0.13992767415302626,0.578510154861676,0.6045428576478715,2.876866666666667,4.676466666666667,0.42240000000000005,0.3061304264310411,0.16170860545524396,0.062160968113714944
813349,Connelly,Early,WSH,397,L,0.13949152542372883,0.5767069628165296,0.4978101384258834,2.9032241813602018,3.850831234256927,0.24937027707808568,0.5769375611960533,0.2655758077879039,0.15748663101604277
592288,Kent,Emanuel,CIN,23,L,0.1394736842105263,0.5766332009743836,0.5898240478991104,2.534782608695652,4.562608695652174,0.0,0.1490625,0.25395833333333334,0.12697916666666667
663855,Jordan,Hicks,CWS,223,R,0.1394516556622649,0.5765421272182935,0.5005326708133923,2.6630454056406974,3.8718914978892562,0.2539213645099295,0.7066988922793441,0.26219540067486335,0.03110570704579246
608566,Germán,Márquez,SD,234,R,0.1391269230769231,0.5751995686474329,0.7149019222602992,2.7472820512820513,5.530153846153846,0.7628717948717947,0.28543595445050873,0.2267879522943198,0.01777609325517148
676760,Ron,Marinaccio,CIN,260,R,0.13847345132743363,0.5724978869016087,0.6043263586249998,2.543871374527112,4.674791929382093,0.4451324085750315,0.33658325235506226,0.07219484576650953,0.12122190187842818
547184,Michael,Kelly,ATH,32,R,0.13846153846153847,0.5724486349295769,0.5332528734936925,2.4749999999999996,4.125,0.20625,0.09421487603305785,0.20330578512396694,0.0024793388429752068
686753,Drey,Jameson,AZ,85,R,0.13836036036036037,0.572030329120269,0.4531934018364558,2.540557275541796,3.5056965944272442,0.0776470588235294,0.19787183165949307,0.21889526542324245,0.11323290291726447
670990,Yohan,Ramírez,PIT,353,R,0.13786469161469161,0.5699810604209027,0.429237136384727,2.6446886978380104,3.320381896841184,0.07478753541076487,0.3799730021117408,0.6185480056461514,0.0014789922421076889
686790,Trevor,McDonald,SF,306,R,0.1377170971709717,0.5693708531476813,0.565398464670519,2.553498452012384,4.373663570691434,0.41729618163054694,0.3291450399716458,0.125896113102036,0.07495884692631827
592155,Cam,Booser,TB,150,L,0.13745736434108527,0.5682970263971849,0.5886142172691287,2.9568333333333334,4.55325,0.335,0.8555842253147596,0.13721239168081018,0.007203383004430125
676664,JP,Sears,SD,141,L,0.13714375,0.5670004345533896,0.5646223075217806,2.74068085106383,4.367659574468085,0.4648510638297872,0.27484466780395594,0.15462713818064455,0.1005281940153995
691548,Rolddy,Muñoz,ATL,12,R,0.13636363636363638,0.5637751707639773,0.5688030650599387,2.75,4.3999999999999995,0.5499999999999999,0.11020408163265306,0.1714285714285714,0.01836734693877551
676910,Matt,Seelinger,NYM,15,R,0.13636363636363633,0.5637751707639771,0.6256833715659325,2.1999999999999997,4.84,0.44,0.2423076923076923,0.057692307692307696,0.0
678576,Wilkin,Ramos,SF,15,R,0.13636363636363633,0.5637751707639771,0.3412818390359632,2.1999999999999997,2.6399999999999997,0.0,0.25573770491803277,0.04426229508196721,0.0
667463,John,King,MIA,191,L,0.1362423500611995,0.5632737305876143,0.702150970674062,2.6353141361256545,5.43151832460733,0.5868848167539267,0.16999999999999998,0.2549159663865546,0.10508403361344539
642207,Devin,Williams,NYM,181,R,0.13588179936006023,0.5617830873448526,0.43705803943050736,2.724527229676401,3.3808808208366226,0.10939226519337016,0.5977549872325468,0.0,0.40224501276745317
676775,Keaton,Winn,SF,172,R,0.13566666666666666,0.5608936532245169,0.4982358504388339,2.5438348362600856,3.8541243474133844,0.2183815851922164,0.24234068837720052,0.055398922480354135,0.23226038914244534
678906,Kai-Wei,Teng,HOU,328,R,0.1355664174813111,0.5604791878795031,0.5087579244267059,2.442581300813008,3.935518292682927,0.20121951219512194,0.3582823535219775,0.37234189143666946,0.06437575504135304
695445,Chase,Lee,TOR,39,R,0.13545454545454547,0.5600166696255507,0.6172060181924431,2.618846153846154,4.774423076923077,0.7185256410256411,0.6014632700472643,0.3169216534486902,0.08161507650404551
687075,Brandon,Sproat,MIL,420,R,0.1353501596169194,0.5595851019070422,0.5318308658310427,2.4671428571428575,4.114,0.4117142857142857,0.6146343535197039,0.135587422251435,0.04477822422886117
646241,Enmanuel,De Jesus,DET,176,L,0.13494811320754718,0.557922900830984,0.5587843747094512,2.6900000000000004,4.3225,0.34249999999999997,0.37723570627802694,0.02790751121076233,0.12485678251121077
643410,Mark,Leiter,ATH,142,R,0.13484374999999998,0.5574914266731703,0.37339384306106066,2.3771361502347417,2.888403755868544,0.09295774647887323,0.25972601135764883,0.1272097652362274,0.14306422340612376
677961,Cole,Wilcox,SEA,121,R,0.13458672264497507,0.5564287853060557,0.4382455060630122,2.583458980044346,3.3900665188470063,0.2325055432372506,0.23301362886797944,0.22050223106023864,0.07648414007178193
664141,JT,Brubaker,SF,246,R,0.13434028356964134,0.5554099196063416,0.49201575232807626,2.5997135114208287,3.8060085172280296,0.21446380178087493,0.24726887159533073,0.19568910505836573,0.08704202334630351
694037,Daniel,Palencia,CHC,128,R,0.1338991513628537,0.5535861241147929,0.7496623805673768,2.6340934168047236,5.7990448313580565,0.8832835929867041,0.7201618945678352,0.22952326088464703,0.05031484454751781
680728,Adrian,Del Castillo,AZ,10,R,0.13333333333333333,0.5512468336358889,0.3412818390359632,2.6399999999999997,2.6399999999999997,0.0,0.15,0.0,0.15
682997,Tyler,Callihan,PIT,15,R,0.1325,0.5478015409256646,0.33417180072271396,2.585,2.585,0.0,0.18513477088948788,0.12397574123989218,0.22088948787061996
657265,Peter,Strzelecki,STL,60,R,0.1325,0.5478015409256646,0.5024427074696124,2.5263333333333335,3.886666666666666,0.19433333333333333,0.27027888446215137,0.20270916334661354,0.05701195219123506
668942,Josh,Rojas,KC,4,R,0.1325,0.5478015409256646,0.37683203060220943,2.915,2.915,0.0,0.1630769230769231,0.24461538461538462,0.12230769230769231
571771,Enrique,Hernández,LAD,4,R,0.1325,0.5478015409256646,0.37683203060220943,2.915,2.915,0.0,0.0,0.0,0.53
623381,Thomas,Pannone,MIL,14,L,0.13249999999999998,0.5478015409256645,0.6459977667466447,2.4985714285714287,4.997142857142857,0.8328571428571427,0.36910714285714286,0.10410714285714286,0.05678571428571429
694646,Chayce,McDermott,NYM,35,R,0.13218125960061444,0.5464837561563161,0.6498981306213414,2.5205714285714285,5.027314285714286,0.5795428571428571,0.41844827586206895,0.08610678531701892,0.025444938820912123
687239,Ben,Peoples,TEX,67,R,0.13125100240577386,0.5426377461578945,0.5320529014706756,2.4494890929965556,4.115717566016073,0.49013777267508607,0.30340425531914894,0.20282978723404255,0.02376595744680851
669084,DL,Hall,MIL,244,L,0.13125058320180272,0.5426360130214315,0.5029601443178938,2.447832753408079,3.8906693211393493,0.39936219331730577,0.49521811718979825,0.36058911453354126,0.14419276827666044
683352,Mitch,Bratt,AZ,191,L,0.13026293028887737,0.5385527089640713,0.5365143149593885,2.468702020364244,4.1502290174413,0.29694664825105194,0.2879625541766495,0.18647710447680838,0.055560341346542114
693821,Bryce,Elder,ATL,625,R,0.13015236190364138,0.5380955804221095,0.5717144080949802,2.6143183673469386,4.42252081632653,0.4857869387755102,0.35355664314723667,0.09414122887462334,0.08230212797814002
677960,Ryan,Weathers,NYY,567,L,0.12971495649067294,0.536287192805254,0.5090636955285113,2.6446560846560847,3.9378835978835975,0.27238095238095233,0.42513028797145763,0.43297942150866464,0.14189029051987767
519141,Drew,Pomeranz,CHC,129,L,0.1294782608695652,0.5353086099677207,0.45876282093279064,2.269709302325581,3.5487790697674417,0.3581395348837209,0.39294009592815593,0.13705990407184407,0.0
605288,Adrian,Houser,SF,462,R,0.12871142655616294,0.5321382475638231,0.5406318264480899,2.622406015037594,4.182080200501253,0.30305764411027564,0.3873802602049373,0.06793177806707185,0.0746879617279908
676596,Josh,Fleming,TOR,17,L,0.1285714285714286,0.5315594467203214,0.4516965516652454,2.3294117647058825,3.4941176470588236,0.38823529411764707,0.12857142857142856,0.10129870129870129,0.07012987012987013
500743,Miguel,Rojas,LAD,23,R,0.12857142857142856,0.5315594467203213,0.6306294851751494,2.582608695652174,4.878260869565216,0.5739130434782609,0.05660377358490566,0.0,0.24339622641509434
594027,Tyron,Guerrero,BOS,164,R,0.126929358922009,0.5247705540089304,0.41583401777233264,2.633548199767712,3.2167015098722413,0.08048780487804877,0.9072280189119408,0.05619770705231589,0.03657427403574323
683409,Angel,Chivilli,NYY,73,R,0.12677754677754677,0.5241429092793632,0.6303869719201703,2.4998997661209486,4.876384898095557,0.7318877380554628,0.10633603238866396,0.20404183535762482,0.21962213225371122
679775,Kyle,Backhus,PHI,93,L,0.1265686274509804,0.5232791633999504,0.46755278339091155,2.4641935483870965,3.6167741935483875,0.21290322580645157,0.30048371738716434,0.16973338411731098,0.059782898495524664
669169,Jonathan,Heasley,TB,19,R,0.1263157894736842,0.5222338423918946,0.718488082180975,2.778947368421052,5.557894736842104,0.694736842105263,0.1171875,0.1265625,0.056249999999999994
690928,Hunter,Dobbins,STL,230,R,0.12617647058823528,0.5216578491833742,0.5185175766995673,2.4555684380032208,4.011014492753623,0.35079549114331726,0.23533129189371654,0.23201732812525117,0.06265137998103229
696131,Mason,Black,KC,141,R,0.12523809523809523,0.5177782758794242,0.5375491519638261,2.331921985815603,4.158234042553191,0.5338510638297873,0.2920166467722683,0.21835355034358161,0.01962980288415008
671382,Cameron,Foster,BAL,49,R,0.12439024390243901,0.5142729606481158,0.3830714519791424,2.289795918367347,2.963265306122449,0.1346938775510204,0.2349206349206349,0.06507936507936507,0.0
687765,Mitch,Spence,KC,55,R,0.12391304347826086,0.5123000464768315,0.5119227585539449,2.2800000000000002,3.96,0.35999999999999993,0.165,0.1095,0.025500000000000002
668873,Caleb,Kilian,PHI,202,R,0.12384214680347276,0.5120069347206395,0.4925872088175839,2.4428992129982228,3.8104290429042904,0.3257831937039858,0.34766892847045516,0.1823310715295448,0.0
669372,J. T.,Ginn,ATH,571,R,0.12373066508978867,0.5115460301580645,0.5052460642309966,2.430170535703196,3.9083521506378016,0.3400434723205525,0.338843098712337,0.08435542554862593,0.10680147573903703
664192,Joey,Lucchesi,LAA,24,L,0.1235294117647059,0.5107139782214853,0.3910521072287078,1.9250000000000003,3.0249999999999995,0.27499999999999997,0.1972972972972973,0.08108108108108109,0.02162162162162162
676568,Ricky,Vanasco,DET,40,R,0.12352941176470587,0.5107139782214852,0.5119227585539449,2.31,3.96,0.32999999999999996,0.15352941176470586,0.0688235294117647,0.07764705882352942
669456,Shane,Bieber,TOR,241,R,0.1233418308984541,0.5099384530321954,0.5220121417933697,2.452933743809396,4.038046847811538,0.37179440503279343,0.2853167104601107,0.1496606473975513,0.09502264214233802
686580,Justin,Slaten,BOS,135,R,0.12326540064844833,0.5096224635323728,0.4621524903612002,2.554444444444444,3.575,0.19555555555555557,0.4128251014077786,0.11717489859222144,0.0
695684,Elmer,Rodriguez,NYY,123,R,0.12247058823529412,0.5063364298367297,0.4366108544693536,2.2384552845528454,3.377421602787456,0.22779326364692218,0.3484784685768241,0.14898587053044524,0.03253566089273069
681870,Erik,Sabrowski,CLE,203,L,0.12246519524617998,0.5063141333254322,0.44663920467780494,2.2607857286895396,3.4549963270244577,0.09753694581280786,0.6271708932112239,0.3728291067887761,0.0
547973,Aroldis,Chapman,BOS,214,L,0.12204669448010269,0.5045839041591249,0.5415013562894839,2.380120255920678,4.188806485110375,0.4172664947129825,0.6548152724468514,0.15444615034088716,0.1907385772122614
696146,Hagen,Smith,CWS,131,L,0.12123476304397357,0.5012270944094078,0.3978976342378472,2.293981589582398,3.0779538616973503,0.08900763358778624,0.6713161698006893,0.3102362275573132,0.01844760264199744
455119,Chris,Martin,TEX,65,R,0.12096774193548387,0.5001231353551411,0.5775538814454763,2.5384615384615388,4.467692307692308,0.4061538461538462,0.24072580645161287,0.030241935483870965,0.029032258064516127
670090,Wyatt,Mills,LAD,34,R,0.12000000000000002,0.49612215027230006,0.24440281431853517,1.8905882352941177,1.8905882352941177,0.0,0.2952893503862226,0.23471064961377738,0.0
681432,Luke,Little,CHC,5,L,0.12,0.49612215027229994,0.8532045975899081,2.6399999999999997,6.6,1.3199999999999998,0.23684210526315788,0.0631578947368421,0.0
676702,Hunter,Stratton,PIT,15,R,0.12,0.49612215027229994,0.39816214554195706,2.6399999999999997,3.0799999999999996,0.0,0.20357142857142857,0.09642857142857143,0.0
670912,Johan,Oviedo,BOS,17,R,0.12,0.49612215027229994,0.7026390803681596,2.3294117647058825,5.435294117647058,0.7764705882352941,0.16666666666666666,0.13333333333333333,0.0
676974,Max,Meyer,MIA,458,R,0.11969512195121951,0.49486167732953495,0.43337494664384824,2.2368908296943233,3.3523901018922855,0.15851528384279476,0.1819287537957186,0.30805938694423884,0.0400118592600426
608723,Austin,Voth,MIN,54,R,0.11875000000000001,0.49095421120696353,0.48980263935716944,2.3222222222222224,3.7888888888888888,0.36666666666666664,0.1850467289719626,0.10373831775700934,0.011214953271028037
518585,Fernando,Cruz,NYY,230,R,0.11861244019138756,0.4903854906399647,0.6077724450113442,2.249855072463768,4.701449275362319,0.5842028985507247,0.1781550847457627,0.08010408320493066,0.2717408320493066
668970,Gavin,Hollowell,CHC,64,R,0.11861111111111111,0.4903799957552595,0.4846676116864894,2.339136904761905,3.7491666666666665,0.20625,0.5365229515229516,0.39530834405834403,0.06816870441870443
696070,Kendry,Rojas,MIN,127,L,0.11809615384615385,0.4882509815420183,0.42749805165331617,2.185275590551181,3.3069291338582683,0.21393700787401576,0.3169245983417286,0.1471306643802917,0.06594473727797967
663465,Kolby,Allard,CLE,44,L,0.1170731707317073,0.484021610021756,0.5235573667028981,2.4,4.05,0.3,0.20338983050847456,0.04067796610169491,0.05593220338983051
656546,Jeff,Hoffman,MIN,282,R,0.11601149425287355,0.47963226654198493,0.4518392498444151,2.2095297326786687,3.4952214948172395,0.09361702127659574,0.3609146855060681,0.4953719543940127,0.1437133600999192
681676,Ryan,Fernandez,STL,99,R,0.1158838383838384,0.4791044923399799,0.521079626078584,2.2786666666666666,4.030833333333334,0.25983333333333336,0.24607577391036503,0.22084809281790646,0.06307613327172854
605335,Brandon,Leibrandt,CIN,28,L,0.11538461538461539,0.4770405291079808,0.5484886698792266,2.357142857142857,4.242857142857143,0.47142857142857136,0.11212121212121212,0.10606060606060606,0.0818181818181818
681751,Lazaro,Estrada,TOR,55,R,0.11525641025641026,0.4765104840756385,0.4215929536197103,2.066875,3.2612500000000004,0.398125,0.334417004048583,0.16123886639676116,0.03434412955465587
696136,Jordan,Wicks,CHC,50,L,0.1148936170212766,0.4750105694096489,0.4436663907467522,2.376,3.432,0.132,0.13999999999999999,0.075,0.08499999999999999
642048,Tayler,Saucedo,LAA,85,L,0.1142674180327869,0.47242164283741683,0.32845769812108055,2.152563025210084,2.5407983193277315,0.0776470588235294,0.2777804538439219,0.621444231276786,0.1007753148792919
691946,George,Klassen,LAA,124,R,0.11364705882352943,0.4698568599637665,0.37637331845296745,2.1041935483870966,2.9114516129032255,0.1614516129032258,0.24810990899779853,0.19865874763076416,0.08323134337143731
695049,Brett,Kerry,LAA,54,R,0.11319126819126818,0.46797246139250465,0.5914221343137842,2.4097076023391812,4.574970760233918,0.2553801169590643,0.2436434825502528,0.16873597237637195,0.11762054507337526
686678,Chase,Solesky,TB,17,R,0.11250000000000002,0.4651145158802813,0.5520735631464111,2.3294117647058825,4.270588235294118,0.38823529411764707,0.1913793103448276,0.07758620689655173,0.03103448275862069
621121,Lance,McCullers,MIL,195,R,0.112429718875502,0.464823949025202,0.4462916356624134,2.0476923076923077,3.4523076923076923,0.2369230769230769,0.2687190754150362,0.16210423681439398,0.0991766877705698
640454,Matt,Krook,WSH,46,L,0.11226890756302521,0.46415909857408455,0.37478051757111375,1.751304347826087,2.8991304347826086,0.28695652173913044,0.2756159952955013,0.25270802705086737,0.0016759776536312849
595345,Steven,Okert,HOU,255,L,0.11143570952698201,0.4607143652303811,0.5029306512754237,2.303205882352941,3.890441176470588,0.3076764705882353,0.1791210724759112,0.3496330121491412,0.001245915374947633
642152,Lou,Trivino,PHI,35,R,0.1111111111111111,0.45937236136324067,0.3900363874696722,1.8857142857142855,3.017142857142857,0.18857142857142856,0.19791666666666666,0.049999999999999996,0.05208333333333333
837227,Tatsuya,Imai,HOU,335,R,0.11085766742437489,0.4583245361396031,0.37909870357618064,2.0286648280337443,2.9325339439924125,0.1773134328358209,0.49844498371355156,0.4453128238073477,0.05624219247910072
682610,Roddery,Muñoz,HOU,25,R,0.1105263157894737,0.4569546120929079,0.6143073102647338,1.848,4.752,0.7919999999999999,0.16339285714285712,0.1232142857142857,0.013392857142857142
687377,Orlando,Ribalta,WSH,175,R,0.11014672429481347,0.45538524752160864,0.4397840841122161,2.1657777777777776,3.4019682539682536,0.3492063492063492,0.22196812749003983,0.20751713147410356,0.10051474103585657
624522,Keegan,Thompson,COL,54,R,0.1096153846153846,0.45318850265258165,0.48980263935716944,2.3222222222222224,3.7888888888888888,0.1222222222222222,0.22615384615384615,0.05384615384615384,0.02
682769,Eiberson,Castellano,COL,12,R,0.10909090909090909,0.45102013661118173,0.3555019156624617,2.1999999999999997,2.75,0.0,0.1714285714285714,0.11142857142857143,0.01714285714285714
657649,Jared,Koenig,MIL,38,L,0.10909090909090907,0.4510201366111817,0.42660229879495404,2.0842105263157893,3.3,0.17368421052631575,0.22732919254658385,0.014906832298136644,0.0577639751552795
681151,Jayden,Murray,CHC,78,R,0.10869565217391305,0.44938600568143117,0.44847933975879783,2.1153846153846154,3.4692307692307693,0.25384615384615383,0.20230263157894735,0.07401315789473684,0.023684210526315787
811315,Brody,Hopkins,TB,24,R,0.10696969696969696,0.4422503006215199,0.5099082476985242,1.7581666666666667,3.9444166666666662,0.72875,0.6092930825242718,0.3907069174757281,0.0
699044,Miguel,Ullola,HOU,72,R,0.10620449181461494,0.4390866737303637,0.6627041666343068,2.088752608121289,5.126375915157351,0.774387940294085,0.6415980213831368,0.35359957432311284,0.004802404293750444
671922,Cade,Smith,CLE,292,R,0.105992993848257,0.4382122668482994,0.37019095226281273,2.122559166423783,2.863627659574468,0.15701369863013698,0.657253306187913,0.05690237892234579,0.2858443148897412
592836,Taijuan,Walker,PHI,114,R,0.10588235294117646,0.43775483847555874,0.5014448073554724,2.0842105263157893,3.878947368421053,0.4631578947368421,0.15707547169811323,0.07358490566037736,0.06933962264150943
472610,Luis,García,MIN,73,R,0.10454545454545454,0.4322276309190492,0.4207584316881738,2.0794520547945203,3.2547945205479447,0.18082191780821916,0.1460377358490566,0.06,0.09396226415094339
669330,Tyler,Wells,TB,270,R,0.1038538702333523,0.42936837845225956,0.45561520513429604,2.117347222222222,3.5244305555555555,0.35368055555555555,0.5083950671808533,0.134339172470003,0.1522657603491437
807743,Sean,Sullivan,COL,113,L,0.10303030303030303,0.425963462355005,0.5058823720223349,1.9858407079646017,3.913274336283186,0.2920353982300885,0.20024271844660194,0.05242718446601942,0.04733009708737864
681911,Alex,Vesia,LAD,236,L,0.10182448910941047,0.42097820406115927,0.4563224817343129,2.0280614822200067,3.529901723401225,0.3046263115415658,0.610430519340068,0.2771201482681553,0.1124493323917767
606115,Orlando,Arcia,MIN,5,R,0.1,0.41343512522691667,0.1706409195179816,1.3199999999999998,1.3199999999999998,0.0,0.06428571428571428,0.0,0.2357142857142857
605154,John,Brebbia,COL,21,R,0.09999999999999999,0.4134351252269166,0.5688030650599387,2.1999999999999997,4.3999999999999995,0.6285714285714284,0.11808510638297873,0.15957446808510636,0.02234042553191489
701552,Andre,Granillo,WSH,48,R,0.09999999999999999,0.4134351252269166,0.3732770114455848,1.7874999999999996,2.8875,0.27499999999999997,0.11363636363636363,0.17878787878787877,0.007575757575757575
687985,Josh,White,MIA,8,R,0.09999999999999999,0.4134351252269166,0.42660229879495404,0.825,3.3,0.825,0.15348837209302327,0.13953488372093023,0.0069767441860465115
672582,Angel,Zerpa,MIL,54,L,0.09999999999999999,0.4134351252269166,0.39500212851384636,1.9555555555555553,3.055555555555556,0.2444444444444444,0.21944444444444444,0.0625,0.018055555555555554
694851,Andrew,Hoffmann,AZ,57,R,0.09999999999999999,0.4134351252269166,0.41911804793890217,1.8526315789473684,3.2421052631578946,0.3473684210526315,0.15458515283842794,0.06157205240174672,0.08384279475982533
621053,Tyler,Ferguson,CHC,78,R,0.09931778169014085,0.4106145951032295,0.6118279122888315,1.9720085470085473,4.7328205128205125,0.7888034188034188,0.33276705904204684,0.15846277077383855,0.038770170184114605
669093,Jeremiah,Estrada,SD,125,R,0.09741429261226461,0.4027449026504312,0.31687501660793677,1.861,2.4512,0.10559999999999999,0.31198478618421055,0.04807935855263158,0.1699358552631579
681252,Jack,Anderson,MIN,48,R,0.09733333333333333,0.40241018855419886,0.38927459765039557,2.0075,3.01125,0.13749999999999998,0.16160714285714284,0.24089285714285716,0.1275
684320,Yariel,Rodríguez,TOR,45,R,0.0972972972972973,0.4022612029234865,0.3602419412046278,1.76,2.786666666666666,0.29333333333333333,0.10813953488372093,0.11860465116279069,0.07325581395348836
592454,Tommy,Kahnle,BOS,43,R,0.0972972972972973,0.4022612029234865,0.43652328248786,1.841860465116279,3.376744186046512,0.3069767441860465,0.09107142857142857,0.019642857142857142,0.18928571428571428
702047,Alex,Cook,TB,24,R,0.09636363636363637,0.3984011206732106,0.5024427074696124,1.943333333333333,3.886666666666666,0.48583333333333323,0.6100156985871271,0.2158320251177394,0.17415227629513344
662144,Brian,Keller,PHI,11,R,0.09636363636363637,0.3984011206732106,0.6851491465494716,2.12,5.3,1.06,0.39410256410256417,0.1358974358974359,0.0
471911,Carlos,Carrasco,ATL,71,R,0.09545454545454544,0.394642619534784,0.3845429172236205,1.9521126760563379,2.9746478873239433,0.2788732394366197,0.16585365853658537,0.041463414634146344,0.09268292682926829
681343,Shane,Smith,CWS,48,R,0.09473684210526316,0.39167538179392103,0.3377268198793386,1.65,2.6125,0.13749999999999998,0.1413333333333333,0.104,0.05466666666666667
676508,Ben,Casparius,LAD,23,R,0.09473684210526315,0.391675381793921,0.3338626686221379,1.7217391304347824,2.582608695652174,0.28695652173913044,0.1636363636363636,0.1303030303030303,0.006060606060606061
680802,Ryan,Weiss,HOU,131,R,0.09459459459459459,0.39108728062005627,0.41031976830659705,1.7633587786259541,3.174045801526718,0.40305343511450376,0.14830188679245282,0.10698113207547169,0.04471698113207547
663978,Chris,Paddack,TEX,263,R,0.09421487603305784,0.3895173907096569,0.3795625015894268,1.9072243346007602,2.936121673003802,0.2258555133079848,0.16108374384236454,0.05733990147783251,0.08157635467980295
683742,Jose,Franco,CIN,91,R,0.09416666666666666,0.3893180762553465,0.37847280867449773,1.7672527472527475,2.927692307692308,0.2175824175824176,0.23376436781609194,0.20301005747126438,0.09322557471264367
605452,Joe,Ross,TEX,57,R,0.09411764705882353,0.3891154119782745,0.41911804793890217,1.8526315789473684,3.2421052631578946,0.3473684210526315,0.13317073170731708,0.10536585365853658,0.061463414634146334
688692,Jared,Simpson,WSH,20,L,0.09376923076923077,0.3876749366550857,0.13817174455414344,1.0688333333333333,1.0688333333333333,0.0,0.5908529250956807,0.08842992527792966,0.11571714962638965
685005,Christian,Roa,HOU,42,R,0.09375,0.3875954299002343,0.3250303228913935,1.5714285714285714,2.514285714285714,0.1571428571428571,0.17191011235955053,0.10449438202247191,0.023595505617977526
671212,Joe,Boyle,TB,80,R,0.09326291079812207,0.38558163204848356,0.36545596930101065,1.7471666666666665,2.827,0.08249999999999999,0.2213379991766159,0.23805338273637985,0.07060861808700425
686228,Juan,Burgos,AZ,15,R,0.09303571428571429,0.38464232186289926,0.3002016176705232,1.882222222222222,2.3222222222222224,0.0,0.4132875929102344,0.11671240708976557,0.0
656212,Charlie,Barnes,LAD,63,L,0.09272727272727273,0.3833671161195045,0.39274497349376714,1.7809523809523808,3.0380952380952375,0.3142857142857142,0.25617910447761194,0.16258955223880595,0.11123134328358208
657756,Connor,Seabold,KC,110,R,0.09183673469387756,0.3796853190859439,0.3257690281706922,1.7999999999999996,2.52,0.12,0.18907563025210083,0.04789915966386554,0.06302521008403361
679885,Justin,Martinez,AZ,54,R,0.09107235142118864,0.37652509014528884,0.30958591066309454,1.6096296296296297,2.3948148148148145,0.0,0.7324219190770915,0.03629110353248284,0.23128697739042567
669212,Eli,Morgan,KC,91,R,0.09,0.37209161270422497,0.39378673734918834,1.7406593406593407,3.0461538461538464,0.3626373626373626,0.22650442477876107,0.13538053097345132,0.16811504424778762
669145,Bruce,Zimmermann,STL,21,L,0.09,0.37209161270422497,0.3656591132528177,1.8857142857142855,2.8285714285714283,0.0,0.16666666666666666,0.08750000000000001,0.04583333333333334
641656,Ian,Hamilton,ATL,23,R,0.09,0.37209161270422497,0.29676681655301146,1.7217391304347824,2.2956521739130435,0.0,0.1141304347826087,0.18586956521739129,0.0
700413,Tyler,Uberstine,BOS,11,R,0.09,0.37209161270422497,0.5429483802844869,1.7999999999999996,4.199999999999999,0.6,0.19333333333333333,0.07333333333333333,0.03333333333333333
682445,Domingo,Gonzalez,SEA,35,R,0.08999999999999998,0.3720916127042249,0.3412818390359632,1.697142857142857,2.6399999999999997,0.18857142857142856,0.1883720930232558,0.10697674418604651,0.004651162790697674
684049,Brandan,Bidois,PIT,77,R,0.0890625,0.36821565840522263,0.38782027163177635,1.6285714285714286,3.0,0.4285714285714285,0.1643076923076923,0.12553846153846152,0.010153846153846154
694462,Hurston,Waldrep,ATL,56,R,0.08863636363636364,0.3664538609965852,0.3351875204817496,1.5321428571428573,2.592857142857143,0.35357142857142854,0.16325581395348837,0.07953488372093022,0.0572093023255814
640451,Hunter,Harvey,CHC,18,R,0.08823529411764706,0.36479569872963236,0.5214028096382772,1.8333333333333333,4.033333333333333,0.7333333333333333,0.15,0.05526315789473684,0.09473684210526315
621366,Ryan,Borucki,SF,102,L,0.08804347826086956,0.3640026646019592,0.3680490420976074,1.7470588235294118,2.847058823529412,0.19411764705882353,0.11921052631578948,0.1413157894736842,0.039473684210526314
681347,Mike,Burrows,HOU,423,R,0.08750000000000001,0.3617557345735521,0.3933212683925108,1.7475177304964538,3.042553191489362,0.32765957446808514,0.12616464582003828,0.09266113592852585,0.08117421825143586
680704,Nick,Sandlin,LAA,39,R,0.08709677419354839,0.36008865745570157,0.37190969638534455,1.5230769230769232,2.876923076923077,0.3384615384615384,0.06687898089171974,0.1624203821656051,0.07070063694267516
694363,Jared,Shuster,STL,43,L,0.0868421052631579,0.3590357666444276,0.33731344555880083,1.688372093023256,2.609302325581395,0.15348837209302324,0.17710843373493976,0.061445783132530116,0.061445783132530116
680730,Mitchell,Parker,WSH,174,L,0.08679245283018869,0.35883048604600315,0.392277975903406,1.7448275862068967,3.0344827586206895,0.3413793103448276,0.10180995475113122,0.19638009049773755,0.0018099547511312218
669371,Cole,Henry,WSH,70,R,0.08644067796610169,0.35737612519614825,0.3900363874696722,1.6028571428571428,3.017142857142857,0.3771428571428571,0.1946808510638298,0.10531914893617021,0.0
701719,Tyler,Samaniego,BOS,87,L,0.08571428571428573,0.3543729644802143,0.2647876337347991,1.6689655172413793,2.048275862068966,0.07586206896551724,0.22547770700636943,0.05636942675159236,0.018152866242038216
669211,Keegan,Akin,BAL,111,L,0.08529411764705881,0.3526358421053112,0.3458937557796925,1.724324324324324,2.675675675675676,0.1783783783783784,0.14830699774266365,0.0744920993227991,0.07720090293453724
606303,Joel,Payamps,ATL,36,R,0.08437499999999999,0.3488358869102109,0.4503024265057848,1.65,3.4833333333333334,0.36666666666666664,0.15496688741721854,0.13708609271523178,0.007947019867549669
608337,Lucas,Giolito,SD,138,R,0.08421052631578947,0.3481558949279298,0.29058417454149044,1.5304347826086957,2.247826086956522,0.19130434782608696,0.12468239564428311,0.07132486388384754,0.10399274047186932
642546,Jonathan,Hernández,LAD,107,R,0.084025,0.3473888639719167,0.3473632475072583,1.7001271028037384,2.6870429906542057,0.2467289719626168,0.2712590799031477,0.24938256658595642,0.009358353510895884
669920,Jason,Alexander,HOU,84,R,0.08399999999999999,0.3472855051906099,0.42660229879495404,1.65,3.3,0.3142857142857142,0.16153846153846152,0.03311036789297658,0.10535117056856187
445276,Kenley,Jansen,DET,177,R,0.08361222111222111,0.3456822910603178,0.38502628282332724,1.608354800287048,2.978386982222255,0.38911821497532717,0.8516782997681831,0.14832170023181684,0.0
702281,Robby,Snelling,MIA,22,L,0.08333333333333333,0.3445292710224305,0.34903824446859877,1.5,2.7,0.3,0.12209302325581395,0.12906976744186047,0.04883720930232558
572143,Burch,Smith,DET,72,R,0.08307692307692308,0.34346918095774615,0.3555019156624617,1.65,2.75,0.18333333333333332,0.1954703832752613,0.07630662020905923,0.028222996515679444
689441,Coleman,Crow,MIL,82,R,0.08289473684210526,0.3427159590696809,0.3745776282102036,1.6902439024390243,2.897560975609756,0.16097560975609754,0.21457627118644068,0.08542372881355932,0.0
693312,Kyle,Nicolas,CIN,42,R,0.08275862068965517,0.34215320708434477,0.24377274216854514,1.257142857142857,1.8857142857142855,0.1571428571428571,0.15151515151515152,0.1484848484848485,0.0
690953,Mick,Abel,MIN,92,R,0.0825,0.3410839783122062,0.25967096448388505,1.5782608695652174,2.008695652173913,0.0,0.13865546218487396,0.1084033613445378,0.052941176470588235
664875,Justin,Lawrence,WSH,175,R,0.0823943661971831,0.3406472510672482,0.3802854777829304,1.4708571428571426,2.9417142857142853,0.3394285714285714,0.16885964912280702,0.13114035087719297,0.0
676684,Will,Vest,DET,114,R,0.08235294117647057,0.3404759854809901,0.29188578338602117,1.6210526315789473,2.2578947368421054,0.11578947368421053,0.17913223140495865,0.08677685950413222,0.03409090909090909
656222,Jalen,Beeks,TEX,110,L,0.0815533980582524,0.3371703933889416,0.39557667706441185,1.6799999999999997,3.0599999999999996,0.35999999999999993,0.17985257985257982,0.0,0.12014742014742014
675989,Cody,Bolton,HOU,93,R,0.08076923076923076,0.3339283703755865,0.3302727474541579,1.4903225806451612,2.554838709677419,0.21290322580645157,0.20179028132992327,0.0659846547314578,0.032225063938618924
657424,Matt,Gage,SF,123,L,0.08,0.33074810018153333,0.36764100546557016,1.5024390243902437,2.84390243902439,0.3219512195121951,0.12262357414448669,0.13460076045627375,0.04277566539923954
621107,Zach,Eflin,BAL,17,R,0.08,0.33074810018153333,0.4015080459246626,1.5529411764705883,3.1058823529411765,0.38823529411764707,0.12972972972972974,0.09324324324324323,0.07702702702702702
679358,Eric,Orze,MIN,180,R,0.07924528301886792,0.3276278350854811,0.28440153252996936,1.5399999999999998,2.1999999999999997,0.03666666666666667,0.07843426883308716,0.0709010339734121,0.15066469719350076
666619,Gregory,Santos,SF,22,R,0.07894736842105263,0.3263961514949342,0.34903824446859877,1.5,2.7,0.0,0.13953488372093023,0.15348837209302327,0.0069767441860465115
692230,Carlos,Rodriguez,MIL,42,R,0.07894736842105263,0.3263961514949342,0.30471592771068146,1.5714285714285714,2.357142857142857,0.1571428571428571,0.16153846153846152,0.028021978021978023,0.11043956043956045
663568,Stephen,Kolek,KC,224,R,0.07857142857142857,0.32484188410686304,0.3580412150600507,1.620535714285714,2.7696428571428573,0.23571428571428568,0.1870967741935484,0.07706093189964157,0.035842293906810034
702153,Brian,Fitzpatrick,MIL,30,L,0.07777777777777777,0.32156065295426844,0.22752122602397548,1.5399999999999998,1.76,0.0,0.11834862385321102,0.08256880733944955,0.09908256880733946
686799,Jack,Kochanowicz,LAA,291,R,0.07768924302788845,0.3211946192001942,0.2814695579678047,1.4742268041237112,2.177319587628866,0.15876288659793816,0.1814647377938517,0.048824593128390596,0.06971066907775769
622663,Luis,Severino,ATH,269,R,0.07754237288135594,0.32058740642595657,0.32351995893743724,1.4966542750929368,2.502602230483271,0.22081784386617098,0.19723756906077347,0.08646408839779005,0.016298342541436462
676454,Brendan,Cellucci,TOR,29,L,0.07752525252525252,0.3205166248602611,0.40903151445761393,1.5820402298850573,3.1640804597701147,0.0,0.4562618021346469,0.543738197865353,0.0
666201,Alek,Manoah,LAA,39,R,0.07741935483870967,0.32007880662729027,0.35003265542150075,1.3538461538461537,2.7076923076923074,0.1692307692307692,0.13975155279503104,0.04285714285714285,0.11739130434782609
608371,Lucas,Sims,CWS,43,R,0.07714285714285715,0.31893566803219286,0.2777875434013654,1.3813953488372095,2.1488372093023256,0.15348837209302324,0.13859649122807016,0.15438596491228068,0.007017543859649122
683232,Nick,Mears,KC,80,R,0.07714285714285715,0.31893566803219286,0.33061678156608937,1.485,2.5574999999999997,0.16499999999999998,0.14604105571847506,0.12228739002932551,0.03167155425219941
678368,Valente,Bellozo,COL,45,R,0.07692307692307691,0.31802701940532047,0.4740025542166156,1.4666666666666666,3.6666666666666665,0.7333333333333333,0.1676470588235294,0.07764705882352942,0.054705882352941174
683004,Jack,Leiter,TEX,353,R,0.07643312101910828,0.31600136960019104,0.33354740642325015,1.4957507082152972,2.580169971671388,0.26175637393767703,0.16685755189692197,0.08095919828203292,0.052183249821045094
687859,Troy,Johnston,COL,9,L,0.0757142857142857,0.3130294519575226,0.16748090248987083,1.2955555555555556,1.2955555555555556,0.0,0.0,0.22714285714285715,0.3028571428571428
689690,Alek,Jacob,SD,23,R,0.075,0.31007634392018746,0.3338626686221379,1.434782608695652,2.582608695652174,0.28695652173913044,0.18620689655172415,0.010344827586206896,0.10344827586206896
680474,Max,Schuemann,NYY,5,R,0.075,0.31007634392018746,0.1706409195179816,1.3199999999999998,1.3199999999999998,0.0,0.0,0.0,0.3
692437,Winston,Santos,TEX,9,R,0.075,0.31007634392018746,0.4740025542166156,1.4666666666666666,3.6666666666666665,0.7333333333333333,0.1636363636363636,0.09090909090909091,0.045454545454545456
656686,Corbin,Martin,CHC,25,R,0.075,0.31007634392018746,0.37541002293955955,1.3199999999999998,2.904,0.528,0.16216216216216217,0.11621621621621621,0.02162162162162162
663967,César,Salazar,HOU,4,R,0.075,0.31007634392018746,0.8532045975899081,1.65,6.6,1.65,0.0,0.0,0.3
641745,Brad,Keller,PHI,133,R,0.07372881355932202,0.3048208126673029,0.2758481029801958,1.4390977443609023,2.133834586466165,0.19849624060150373,0.15478424015009382,0.10469043151969981,0.04052532833020638
677053,Andrew,Nardi,MIA,98,L,0.07325581395348836,0.3028652661546017,0.3308344358001684,1.4142857142857141,2.559183673469388,0.2693877551020408,0.1492063492063492,0.11587301587301586,0.034920634920634915
801434,Paul,Gervase,LAD,34,R,0.07241379310344828,0.2993840561988017,0.1756597700920399,1.3588235294117645,1.3588235294117645,0.0,0.17903225806451614,0.11854838709677418,0.002419354838709677
663432,Tanner,Rainey,DET,31,R,0.07227272727272727,0.2988008405049079,0.1944939512785597,1.1283870967741934,1.5045161290322582,0.0,0.258740157480315,0.2670866141732283,0.0041732283464566925
641585,J. P.,France,HOU,31,R,0.07200000000000001,0.29767329016338,0.27522728954513165,1.2774193548387096,2.129032258064516,0.21290322580645157,0.15128205128205127,0.10256410256410256,0.046153846153846156
690155,Matt,Pushard,STL,30,R,0.072,0.29767329016337996,0.19908107277097853,1.3199999999999998,1.5399999999999998,0.0,0.13749999999999998,0.13999999999999999,0.0225
691951,Sam,Aldegheri,LAA,148,L,0.07153846153846154,0.29576512804694804,0.2997745883424002,1.3824324324324324,2.318918918918919,0.22297297297297297,0.17065573770491804,0.03639344262295082,0.09295081967213113
666711,Joel,Peguero,SF,48,R,0.07142857142857142,0.2953108037335119,0.23107624518060008,1.375,1.7874999999999996,0.0,0.23076923076923078,0.06923076923076923,0.0
801403,Chase,Dollander,COL,185,R,0.07134146341463414,0.2949506686070076,0.3089984218298586,1.3913513513513516,2.3902702702702703,0.21405405405405403,0.18492597577388964,0.08358008075370121,0.03149394347240915
681799,Ethan,Roberts,CHC,110,R,0.07096774193548387,0.2934055727416828,0.27147419014224344,1.3199999999999998,2.0999999999999996,0.17999999999999997,0.18371559633027523,0.11628440366972477,0.0
608650,Dietrich,Enns,BAL,66,L,0.0709090909090909,0.2931630887972681,0.2326921629790658,1.2999999999999998,1.7999999999999996,0.0,0.19484536082474227,0.0443298969072165,0.060824742268041236
686610,Ken,Waldichuk,WSH,40,L,0.07058823529411765,0.29183655898370586,0.42660229879495404,1.3199999999999998,3.3,0.6599999999999999,0.15302013422818792,0.14295302013422817,0.004026845637583892
672021,Eric,Cerantola,KC,28,R,0.07058823529411763,0.2918365589837058,0.30471592771068146,0.9428571428571427,2.357142857142857,0.47142857142857136,0.17950819672131146,0.12049180327868853,0.0
607455,Anthony,Banda,MIN,154,L,0.07045454545454545,0.29128383822805487,0.2936353485212021,1.3285714285714285,2.2714285714285714,0.12857142857142856,0.15789473684210525,0.12286184210526314,0.01924342105263158
677161,Zack,Kelly,BOS,68,R,0.06999999999999999,0.28940458765884164,0.2258482758326227,1.3588235294117645,1.7470588235294118,0.09705882352941177,0.22367491166077738,0.0657243816254417,0.01060070671378092
675911,Spencer,Strider,ATL,163,R,0.06971830985915492,0.2882399816722869,0.3716412664348679,1.3361963190184047,2.874846625766871,0.3644171779141104,0.14283646888567292,0.12633863965267728,0.03082489146164978
671109,Jake,Eder,LAD,14,L,0.06923076923076922,0.2862243174647884,0.24377274216854514,1.4142857142857141,1.8857142857142855,0.0,0.18214285714285713,0.11249999999999999,0.005357142857142856
694397,Marco,Raya,MIN,25,R,0.06818181818181819,0.28188758538198866,0.2730254712287706,1.3199999999999998,2.112,0.264,0.138,0.111,0.051000000000000004
689520,Cody,Laweryson,MIN,76,R,0.06818181818181818,0.2818875853819886,0.3031121596700989,1.3026315789473684,2.344736842105263,0.26052631578947366,0.2564189189189189,0.0,0.04358108108108107
543056,Danny,Coulombe,BOS,96,L,0.06749999999999999,0.2790687095281687,0.1955260536143539,1.2374999999999998,1.5124999999999997,0.06874999999999999,0.22987012987012986,0.07012987012987013,0.0
674370,Osvaldo,Bido,CWS,81,R,0.0671641791044776,0.2776803079882275,0.28440153252996936,1.222222222222222,2.1999999999999997,0.2444444444444444,0.14858044164037854,0.13249211356466875,0.018927444794952678
682668,Luisangel,Acuña,CWS,10,R,0.06666666666666667,0.27562341681794444,0.42660229879495404,1.3199999999999998,3.3,0.6599999999999999,0.010714285714285713,0.11839285714285715,0.40089285714285716
592094,Jason,Adam,SD,149,R,0.06666666666666667,0.27562341681794444,0.2863102676476202,1.3288590604026844,2.214765100671141,0.22147651006711408,0.24731036398999723,0.4185162545151431,0.33417338149485964
700327,Welinton,Herrera,COL,10,L,0.06666666666666667,0.27562341681794444,0.1706409195179816,1.3199999999999998,1.3199999999999998,0.0,0.18666666666666668,0.06666666666666667,0.04666666666666667
686796,Blake,Walston,AZ,9,L,0.06625,0.2739007704628323,0.33496180497974165,1.2955555555555556,2.591111111111111,0.0,0.46375,0.30601190476190476,0.025238095238095237
664854,Ryan,Helsley,BAL,67,R,0.06610169491525424,0.2732876251499957,0.3056255274948924,1.2805970149253731,2.3641791044776115,0.29552238805970144,0.13516483516483516,0.12857142857142856,0.03626373626373626
688883,Peyton,Pallette,CLE,97,R,0.06538461538461537,0.27032296649452237,0.23748993953533523,1.156701030927835,1.8371134020618556,0.1360824742268041,0.15678733031674208,0.13914027149321267,0.004072398190045249
673929,Jordan,Leasure,CWS,76,R,0.06521739130434782,0.26963160340885867,0.39292316994272075,1.3026315789473684,3.039473684210526,0.5210526315789473,0.16773162939297126,0.12364217252396166,0.008626198083067091
675919,Nick,Raquet,BAL,17,L,0.0642857142857143,0.2657797233601607,0.3513195401840798,1.1647058823529413,2.717647058823529,0.38823529411764707,0.09199999999999998,0.20400000000000001,0.004
666142,Cole,Ragans,KC,150,L,0.06377952755905511,0.2636869696329153,0.352657900337162,1.188,2.7279999999999998,0.44,0.18526645768025077,0.06536050156739812,0.0493730407523511
605130,Scott,Barlow,ATH,149,R,0.06290322580645161,0.26006403038467335,0.30921508905942974,1.1516778523489932,2.391946308724832,0.3100671140939597,0.07900172117039586,0.22099827882960413,0.0
676571,PJ,Poulin,WSH,152,L,0.06183206106870229,0.25563545910977287,0.25820665453378794,1.1723684210526315,1.9973684210526315,0.17368421052631575,0.15874015748031495,0.1058267716535433,0.03543307086614173
665645,Kervin,Castro,NYY,23,R,0.060549450549450545,0.2503326967033308,0.19199164326443438,1.1982028985507247,1.485159420289855,0.0,0.45597054009819965,0.07402945990180033,0.0
647315,Zach,Pop,PHI,29,R,0.06000000000000001,0.24806107513615003,0.2353667855420436,1.1379310344827587,1.8206896551724139,0.0,0.22153846153846155,0.07846153846153846,0.0
642759,Julian,Fernández,WSH,17,R,0.06,0.24806107513614997,0.301131034443497,1.1647058823529413,2.3294117647058825,0.38823529411764707,0.17746478873239435,0.0,0.12253521126760564
691945,Carter,Baumler,TEX,27,R,0.06,0.24806107513614997,0.2528013622488616,0.9777777777777776,1.9555555555555553,0.2444444444444444,0.12051282051282051,0.1794871794871795,0.0
680702,Joey,Gerber,NYM,34,R,0.06,0.24806107513614997,0.301131034443497,1.1647058823529413,2.3294117647058825,0.19411764705882353,0.28837209302325584,0.0069767441860465115,0.004651162790697674
621139,Brooks,Kriske,ATH,10,R,0.06,0.24806107513614997,0.1706409195179816,1.3199999999999998,1.3199999999999998,0.0,0.15,0.0,0.15
685801,Hunter,Bigge,TB,83,R,0.05999999999999999,0.24806107513614994,0.23643018969358898,1.1132530120481927,1.8289156626506025,0.07951807228915662,0.1542319749216301,0.12978056426332288,0.01598746081504702
668831,Garrett,Stallings,MIL,51,R,0.05920099160945842,0.24475769379614085,0.22083739168804709,1.1747661064425772,1.708296918767507,0.0,0.4330512977030204,0.034038139808283595,0.327910562488696
676962,Ben,Brown,CHC,263,R,0.05578512396694214,0.23063529713071793,0.19464743671252657,1.129277566539924,1.505703422053232,0.050190114068441066,0.17270916334661354,0.10936254980079681,0.017928286852589643
687531,William,Kempner,MIA,50,R,0.05454545454545454,0.22551006830559087,0.2218331953733761,1.056,1.716,0.132,0.22613065326633167,0.06633165829145729,0.007537688442211055
691008,Max,Rajcic,STL,39,R,0.05454545454545454,0.22551006830559087,0.28440153252996936,1.0153846153846153,2.1999999999999997,0.1692307692307692,0.14355828220858896,0.1214723926380368,0.03496932515337423
660271,Shohei,Ohtani,LAD,337,R,0.0540983606557377,0.22366162512275814,0.20254115076318294,1.0771513353115727,1.566765578635015,0.07833827893175074,0.15280898876404495,0.12157303370786517,0.025617977528089888
702303,Riley,Martin,CHC,31,L,0.05357142857142857,0.2214831028001339,0.22018183163610527,1.064516129032258,1.7032258064516126,0.21290322580645157,0.16525423728813557,0.13474576271186442,0.0
605540,Brandon,Woodruff,MIL,171,R,0.05217391304347826,0.21570528272708692,0.2444855279643596,1.0807017543859647,1.8912280701754383,0.19298245614035087,0.22065727699530516,0.015492957746478873,0.06384976525821595
669622,Anthony,Bender,MIA,138,R,0.05080645161290323,0.21005171684915927,0.17311397632259004,1.0043478260869565,1.3391304347826087,0.04782608695652174,0.09962894248608535,0.19369202226345084,0.006679035250463821
664238,Dylan,Moore,PHI,8,R,0.049999999999999996,0.2067175626134583,0.10665057469873851,0.825,0.825,0.0,0.03,0.045,0.22499999999999998
680689,Lyon,Richardson,MIL,16,R,0.049999999999999996,0.2067175626134583,0.42660229879495404,0.825,3.3,0.825,0.2433986928104575,0.05233115468409586,0.2342701525054466
690990,Cade,Horton,CHC,26,R,0.049999999999999996,0.2067175626134583,0.22970893012035984,1.0153846153846153,1.7769230769230768,0.25384615384615383,0.17282608695652174,0.06521739130434782,0.06195652173913043
695001,Alimber,Santa,HOU,56,R,0.047999999999999994,0.19844886010891996,0.18282955662640885,0.9428571428571427,1.4142857142857141,0.11785714285714284,0.09327731092436975,0.20672268907563024,0.0
666374,Matt,Brash,SEA,61,R,0.04528301886792453,0.18721590576313207,0.13986960616227997,0.8655737704918034,1.081967213114754,0.0,0.08129770992366413,0.17862595419847327,0.04007633587786259
605218,Carl,Edwards,NYM,25,R,0.04285714285714285,0.1771864822401071,0.20476910342157792,0.7919999999999999,1.5839999999999999,0.264,0.1606060606060606,0.09090909090909091,0.048484848484848485
663494,Bryan,Torres,STL,8,R,0.04285714285714285,0.1771864822401071,0.10665057469873851,0.825,0.825,0.0,0.0,0.0,0.3
680951,Doug,Nikhazy,CWS,9,L,0.04285714285714285,0.1771864822401071,0.09480051084332311,0.7333333333333333,0.7333333333333333,0.0,0.18461538461538463,0.06923076923076923,0.046153846153846156
675916,James,Karinchak,ATL,36,R,0.038709677419354833,0.16003940331364513,0.18960102168664622,0.7333333333333333,1.4666666666666666,0.18333333333333332,0.1814814814814815,0.11851851851851851,0.0
664074,Cody,Ponce,TOR,10,R,0.03333333333333333,0.13781170840897222,0.1706409195179816,0.6599999999999999,1.3199999999999998,0.0,0.07659574468085105,0.14680851063829786,0.07659574468085105
681084,Tanner,Andrews,TOR,11,R,0.03333333333333333,0.13781170840897222,0.07756405432635527,0.6,0.6,0.0,0.11162790697674418,0.06279069767441861,0.12558139534883722
621389,Ty,Blach,CHC,9,L,0.03333333333333333,0.13781170840897222,0.09480051084332311,0.7333333333333333,0.7333333333333333,0.0,0.27,0.0,0.03
592826,Vince,Velasquez,CHC,11,R,0.02727272727272727,0.11275503415279543,0.15512810865271054,0.6,1.2,0.0,0.21627906976744185,0.06976744186046512,0.013953488372093023
