key_mlbam,name_first,name_last,team,PA_L,PA_R,WAVE,WAVE_L,WAVE_R,probability_L,probability_R,probability,WAVE_CI_Low,WAVE_CI_High,probability_CI_Low,probability_CI_High,Game_Hit_Probability,Game_Hit_Probability_CI_Low,Game_Hit_Probability_CI_High,Consistency,Approach,Expected_Bases,Expected_BB,Expected_HBP,Expected_RBI,Exit_Velo,Barrel_Rate,xBA,xwOBA,Fastball_WAVE,Breaking_WAVE,Offspeed_WAVE,WAVE_Home,WAVE_Away,Whiff_Rate,Chase_Rate,Decision_Score,Decision_Score_N,Last_Game_Date,avg_batting_order,start_rate,Recent_Avg_Batting_Order,Expected_PA
672515,Gabriel,Moreno,AZ,143.0,396,0.25827691269565217,0.23189829675890267,0.267802524006145,0.6274956909610543,0.6886032395502506,0.6731674960837415,0.23683618487591845,0.31183498601759657,0.6363801894664369,0.7531141990009598,0.6821788754032391,0.6405947067150303,0.7927538275213003,0.009011379319497581,0.4592206454364211,1.3750724589337606,0.34539898742809705,0.015368706635829926,0.5135080131056159,69.31125484386467,0.04295059086575723,0.2769076858843782,0.29605855880880366,0.3672192210968671,0.17968295106453003,0.16169533169533168,0.2033798750369632,0.2945616737641855,0.17200985160291474,0.25899898763814433,51.07782060882398,2391,2026-09-26,3.0,0.9,3.0,3.7429214402618656
694192,Jackson,Chourio,MIL,169.0,406,0.25440092160672134,0.27892255343017996,0.24419364136493682,0.7098469448171256,0.653322475314495,0.6707077789648502,0.2332593833964078,0.30547441679825355,0.6339596415553768,0.7482470149587559,0.6687009829531667,0.6625928896044233,0.8116566448352407,-0.0020067960116835204,0.4485029510681306,1.64620810914191,0.2485436737642909,0.11119486166007905,0.8934099047983338,91.60852171683769,0.09139426674148897,0.4149184880802068,0.469334206190543,0.26975174216027875,0.3971241258741259,0.4331968810916179,0.37230612041467304,0.3045309725009533,0.21169394567275907,0.26546179379550533,54.763146813346864,2234,2026-10-04,1.5,0.9,1.6,3.7838338788870702
672640,Otto,Lopez,MIA,166.0,509,0.2379983455870717,0.2528026800416498,0.2331702129358733,0.6687312234015983,0.634504354995064,0.6431522282506281,0.2502845140139785,0.3180977699599418,0.6644787974668666,0.7657801032828839,0.6636430226203331,0.6853212415480823,0.818280258922631,0.020490794369705023,0.42682348876124926,0.9432063551112144,0.22596485787112391,0.10052309863339277,0.22862722170554653,69.00258026499216,0.03835966542750929,0.2481508731168069,0.25491635295400444,0.2488186155949314,0.25357142857142856,0.36131065995719824,0.3207057823129252,0.22128734542336925,0.11995305669324505,0.31542985430106396,47.31387944860664,2522,2026-09-26,2.789473684210526,0.95,1.3333333333333333,3.7911006546644845
686527,Dominic,Canzone,SEA,143.0,385,0.23785036864819842,0.22917156129930827,0.2410739256635005,0.6229430110082453,0.6443011983014442,0.6386066547448088,0.20424893930289034,0.27679941557338666,0.5751931236277608,0.7030979451766863,0.6552135002341194,0.5355396075942364,0.6913668858928944,0.016606845489310573,0.418423701528148,1.2946256640906055,0.3111558574733225,0.005800189393939393,0.49115384957928027,92.51488056424024,0.08971569323188174,0.31977502422445325,0.3886187756028005,0.24372913801337778,0.28754711244564984,0.20008289124668435,0.2397741171024924,0.19276755852842808,0.19764592717960694,0.31854813686617234,62.25341721997481,2021,2026-09-27,2.8,1.0,2.857142857142857,3.7472089081131634
701807,Carson,Benge,NYM,190.0,462,0.25987133737723395,0.2467088459467907,0.2652844832036067,0.6482582002499429,0.6792022959530265,0.6703986153842734,0.22558628872175807,0.29258994769943797,0.6104897005721059,0.7210225713923963,0.6550941009600819,0.613669610694352,0.7577699393956614,-0.015304514424191451,0.4391741782300443,1.6552492144580047,0.23928118285643205,0.026003409150640904,0.4479943340868051,73.8590353719741,0.06525145162355427,0.3242872286312994,0.35389449066998735,0.41218286477452476,0.20334545940210091,0.47870191533880574,0.17785234860978255,0.3513197888337866,0.21894814419332792,0.2911646225354404,50.28897455075465,2674,2026-09-27,4.25,1.0,4.571428571428571,3.6881225157820903
665161,Jeremy,Peña,HOU,116.0,372,0.2548838269857467,0.22611601505289114,0.26385443500781997,0.6224732165761517,0.6877966458094745,0.6730904292328532,0.2232965514788262,0.30094038340447904,0.6172196103027452,0.7434775458347207,0.6536078507169887,0.6529082362210106,0.8132461143002845,-0.019482578515864546,0.4399371887890606,2.0737174793072968,0.04091278929604628,0.06499099298189222,0.4093811441926497,90.2009301248299,0.15945552865844137,0.44088259826309095,0.5398366858559603,0.32131378958497814,0.2239113252339059,0.3274658236500342,0.3126099047896629,0.2775511408633107,0.3120466414442318,0.45154274845804954,53.70174154315567,1804,2026-09-30,1.0526315789473684,0.95,1.0,3.800184124386252
668227,Randy,Arozarena,SEA,193.0,472,0.2411372490528909,0.24344366106627552,0.2401941610897908,0.6513380949918808,0.6456483140342941,0.6473066121267367,0.21108936578306378,0.27608357262183125,0.5915942091155932,0.704833182300963,0.6533370408839854,0.604596215924593,0.7501901654127416,0.006030428757248685,0.4229093865115198,2.3162720551378446,0.3406466165413534,0.21645,1.44168671679198,90.19592335089773,0.08637295081967214,0.3899312182864949,0.42363332357533173,0.13756640646175528,0.4217257234635283,0.16587804878048779,0.25531866494685584,0.2019123313129017,0.2356774552923585,0.3188992572405044,49.188500286663924,2759,2026-09-27,1.8,1.0,1.8571428571428572,3.776826630815992
691594,Javier,Sanoja,MIA,152.0,334,0.2578078588773126,0.26468867123375595,0.25467647121809284,0.6800348654105559,0.6635876925734667,0.6687964498555952,0.24176988778446876,0.32135406559585467,0.6414854685182892,0.7623051988874534,0.6493892578501651,0.5412537518929232,0.7018787231736812,-0.019407192005430063,0.4343092302245501,1.407703599332021,0.08554042166159719,0.0,0.43861744796326113,83.27163806266566,0.04393601875255224,0.3298658855961812,0.33668016437461523,0.42882809784497744,0.28503132654983987,0.21162499999999998,0.3095457101759623,0.29125788260975016,0.0914182552816523,0.4447731609422293,54.01686895980868,1667,2026-09-27,5.3,1.0,4.142857142857143,3.706298223053542
676475,Alec,Burleson,STL,203.0,459,0.2408011991906064,0.21133683348759116,0.25383228031851945,0.5887809719157538,0.6657766037169692,0.6434010286975653,0.2235501958367193,0.289847482082206,0.6121149583959551,0.7222712538703828,0.6493866034671445,0.6293297302082338,0.7698315182277186,0.005985574769579172,0.4178160086931787,1.357613477072559,0.12910756652499703,0.0055513595166163145,0.518928060512571,71.04337013116469,0.11447028599391039,0.26300688077373185,0.3503123917425278,0.3217409844054581,0.10160488665923449,0.18047880690737833,0.16342844555019956,0.2725921558194655,0.2151221465543341,0.41293127870956026,47.903632715141576,2498,2026-09-26,3.0588235294117645,0.85,3.0,3.7429214402618656
670541,Yordan,Álvarez,HOU,180.0,481,0.24771506248322814,0.2051917449176335,0.2636281542957168,0.5795672582649822,0.6848143384613049,0.658336282369481,0.23976732531875228,0.30749315910723646,0.6445167393361049,0.7500054242447712,0.6483019359624962,0.6184822211553903,0.7599323782156514,-0.010034346406984862,0.4268006863744871,1.5215369798530587,0.24972266384106628,0.08344049420070601,0.4992548185331394,95.91625689845473,0.08969370860927153,0.3584122999448124,0.4141617687637969,0.28708957617028724,0.17094474153297684,0.23447746641629355,0.23912820635325094,0.242799831126908,0.20617101663941928,0.3165099892410324,64.8926153075186,2781,2026-09-30,2.0,0.9,2.0,3.7729337152209492
606466,Ketel,Marte,AZ,149.0,465,0.21837526210816455,0.2427866720401914,0.21055311139876243,0.6498142565084559,0.5901677094360251,0.6052795169787821,0.19657872683663954,0.26282951579323666,0.5621176167176156,0.683522668159996,0.6474075133836588,0.6073380379088827,0.7585792928852729,0.04212799640487663,0.3918625069892954,1.060672734870564,0.25784898422767016,0.0059853420195439735,0.36382891522372707,87.95119016890438,0.09431024069969543,0.3770628270354631,0.4204025695429975,0.21039660524403936,0.3316826403076554,0.1352874692874693,0.15728776346604217,0.2114309974686789,0.14193855810932562,0.2826561398458866,54.22431287652437,2282,2026-09-27,2.1,1.0,2.0,3.7729337152209492
693304,Nick,Gonzales,PIT,194.0,413,0.23854083329883874,0.24047310080335393,0.23763318221923596,0.6346112134284234,0.6295855823520389,0.6311972244010959,0.241095149320104,0.31198037288321756,0.6357053632035208,0.7455663732556037,0.6468903540717581,0.6081611102463781,0.7564601313539084,0.015693129670662165,0.4083153959819359,1.056201012553349,0.17832659662610673,0.042656268967311194,0.13059298920007323,80.41129206450861,0.03411068462084415,0.33605549621426356,0.3471572229453612,0.23693495514147686,0.36952139820669455,0.2614269561284487,0.2332905930815487,0.31526314715008985,0.16929347650859566,0.2650147680233026,63.486563426688114,2219,2026-09-27,5.066666666666666,0.75,5.2,3.6602741407528643
571448,Nolan,Arenado,AZ,155.0,438,0.24672046919163726,0.24329395490111178,0.24793304844969988,0.6377442664943767,0.6457680307525596,0.6436833320256999,0.1973113394519692,0.26485739018978927,0.5509124757772808,0.6739502701336428,0.6458756680899145,0.5659441588485762,0.7163940606019034,0.0021923360642145395,0.4157394021104412,2.236964780678801,0.22910512492489,0.10058658486945397,0.7489279864705085,82.66069532942527,0.09933095450490632,0.34649288661271826,0.39503475492226325,0.27155244673627027,0.4475791236974971,0.1538074712643678,0.19777576522609464,0.28624422783593473,0.22140416989069978,0.29780064051614336,54.20596560298525,2389,2026-09-27,5.5,1.0,5.571428571428571,3.642310614916998
521692,Salvador,Pérez,KC,170.0,445,0.2314463912239147,0.23014145219977955,0.23194490725560676,0.6176632973207565,0.6209454208420042,0.6200402266125118,0.1855372953114376,0.2505056603995811,0.5297139896370464,0.653544222595662,0.6442481431645253,0.5659441588485762,0.7163940606019034,0.024207916552013486,0.39945976468242217,1.3397942073170732,0.14118394308943089,0.025383638211382113,0.5887423780487805,91.83149807182454,0.16694444444444445,0.36261636056881175,0.4341685671246084,0.2715304395999281,0.20019148936170214,0.2742958768873403,0.27129146716826263,0.13660687839394436,0.21233476166445048,0.3705175123172767,51.94391717066076,2349,2026-09-27,4.5,0.9,4.857142857142857,3.6760053776011223
682829,Elly,De La Cruz,CIN,185.0,447,0.23891018249348278,0.24321776543378648,0.23712740208194769,0.6505658585134145,0.6398368748328951,0.6430021886696999,0.21781959602609685,0.28520117178276777,0.6042197449208897,0.7182621065250121,0.6433087900024382,0.627032516187624,0.7747613673234626,0.0003066013327382988,0.41364895996202417,1.5617577204936564,0.4044786785470662,0.001938291139240506,0.45688865993559136,97.61566545758929,0.17228190104166669,0.5016410766601562,0.5980802594866071,0.25448975571316,0.12368035190615836,0.37288529437971973,0.18869603594928583,0.23282469342251952,0.25973417797241655,0.22146478259784863,55.01373016699345,2638,2026-09-27,2.0,1.0,2.0,3.7729337152209492
681198,TJ,Rumfield,COL,197.0,432,0.2587674864642059,0.22573041440399383,0.27383300312129333,0.6136666424267381,0.6956242574857895,0.6714797882588943,0.22794720893698692,0.29642023601373385,0.6177625553010215,0.7293582217327073,0.6413958032302793,0.6180692927455592,0.7620589729730137,-0.03008398502861498,0.4306843181432114,1.1869645302440563,0.260046168111553,0.02133193714076067,0.3580585313594389,66.2104942918952,0.0551254489768325,0.21927930318207736,0.2381059985215362,0.2638697384585542,0.4262801510084119,0.6171799516908213,0.3295246896250546,0.3757139703041342,0.11243966710097061,0.3130344887955182,58.71859351909574,2397,2026-09-26,3.7058823529411766,0.85,3.8333333333333335,3.717450900163666
672386,Alejandro,Kirk,TOR,92.0,213,0.23444677716319218,0.24952711487063256,0.22793320406889864,0.6592362807147705,0.6209835227689181,0.6328373837937777,0.20699032671478823,0.30408567785859086,0.5809637819839955,0.743245941077017,0.6403015073409254,0.596242057603573,0.7947578153350141,0.00746412354714765,0.4052067307448436,0.9813517186312533,0.28519259111005985,0.0,0.38847915654876963,65.87516824911489,0.017712691771269176,0.22242212879519366,0.22152200863641242,0.18080882352941174,0.2618757631257631,0.21887315270935961,0.20113026819923369,0.19720542698826596,0.12222203289398813,0.34417839752028667,51.35462338623525,1229,2026-09-26,3.642857142857143,0.7,2.75,3.7504245090016366
664983,Jake,McCarthy,COL,180.0,404,0.23351506221190776,0.24741971042775301,0.2273199219177193,0.6604700719325942,0.6247002327136864,0.6360074380569278,0.237734690649532,0.3097623495666525,0.6435638994595543,0.7555639781421419,0.6394704687916419,0.6490483258578806,0.7936059525865368,0.003463030734714101,0.4067079745692348,0.8560259887449801,0.10015613205504202,0.027956396715793645,0.2134350714939798,81.0551950124427,0.02645447937430962,0.34308102788816797,0.3465270863752365,0.2691766718330938,0.13435174069627853,0.17545180722891568,0.3027261573771175,0.18758806247066429,0.20870962926680942,0.3769309156182488,57.60554704737599,1959,2026-09-27,1.0,1.0,1.0,3.800184124386252
666182,Bo,Bichette,NYM,198.0,491,0.2256595816743569,0.22085577194942663,0.22759675952677277,0.6070528384713465,0.6196273966265986,0.6160444630407935,0.2104897119047297,0.2742408921101336,0.5871252865970906,0.6987290591191584,0.6388934770799918,0.5990613789197845,0.7427324527701888,0.022849014039198257,0.39358678902800903,0.9098678411741364,0.24349756549963758,0.0017779390420899854,0.2836610600687989,83.04009278996986,0.038498081881154285,0.36970445632590937,0.39111307990091015,0.14109237181351167,0.3638191031627888,0.3702353562989678,0.16516917360073963,0.2178569377325682,0.17426773862784495,0.4033893352184418,44.490896466110605,2606,2026-09-27,3.0,1.0,3.0,3.7429214402618656
805808,Kevin,McGonigle,DET,205.0,497,0.23665225939598117,0.21423915263714643,0.24589710222407196,0.5963684661128699,0.6542358118266078,0.638013197651684,0.2092267955720653,0.2722431642521911,0.5865941264652155,0.6975426553665655,0.6370565159325667,0.6562367115839256,0.794209627752652,-0.000956681719117225,0.4064504648149779,2.116085522844782,0.27716919911364357,0.0026175213675213678,0.4508581302099821,81.94655698652572,0.15126641745807234,0.2904257111218641,0.3757822406706299,0.24367171546008326,0.1305561374109761,0.3907378335949765,0.2513639395286794,0.16599842767295597,0.173829270142543,0.228656947333438,66.55058006436289,2837,2026-09-27,1.4736842105263157,0.95,2.3333333333333335,3.7629296235679215
643289,Mauricio,Dubón,ATL,217.0,415,0.2462772466861904,0.2448188022590873,0.24703985497698888,0.6452941500724204,0.6491296210828226,0.6478161214852749,0.22383315880059007,0.2917693617219741,0.6075290517384564,0.7201198402760018,0.6370235083019792,0.6139623229698004,0.7567708651589264,-0.010792613183295718,0.41267409844313097,1.3528801196366664,0.22181106208816723,0.021432731188466947,0.34066118882390295,85.29447561161052,0.0435343342276936,0.32534540063682676,0.3380703601570469,0.20758052456570583,0.418909783223838,0.2589285714285714,0.2853118401860484,0.2483609777389786,0.18285385943493,0.44005928892780377,57.17850511735367,2339,2026-10-04,4.894736842105263,0.95,4.5,3.691151800327332
815589,Bo,Davidson,SF,12.0,9,0.24182988187008575,0.26887819546569247,0.20576546374261012,0.6883295187708296,0.5758155095451678,0.6431990570516368,0.1719475260508347,0.5462654802574476,0.5045878058200985,0.9472248674199772,0.6367569341635049,0.6096657120978346,1.0,-0.0064421228881319514,0.4095614596250575,1.1291666666666664,0.12916666666666668,0.0,0.0,86.29634615384617,0.0,0.3816288461538462,0.365025,0.46931818181818186,0.29875,0.0,0.355,0.0,0.2851190476190476,0.44375,63.795546558704466,78,2026-09-27,3.6666666666666665,0.3,3.6666666666666665,3.7225450081833062
666018,Jonathan,Aranda,TB,187.0,474,0.22274877377643545,0.22515696736341567,0.22179870584233144,0.6180462703303637,0.6117628042366785,0.613548073877402,0.21095513462069423,0.2761406301276851,0.5909545865603851,0.7045495872836416,0.6364579269805896,0.6159865933477113,0.7593853560994368,0.022909853103187605,0.3904975352029449,1.8199262428198808,0.2523775893723654,0.034410582052711206,0.40297127990666665,86.78230264602968,0.1556085102035604,0.3332612439021275,0.4384999584961561,0.20655753968253965,0.2046364852809991,0.26875759944415495,0.24875077808901336,0.2030780704488074,0.19390256833117891,0.29402180688535884,53.52882134916156,2697,2026-10-03,2.0,0.75,2.0,3.7729337152209492
703520,Brett,Bateman,TOR,62.0,116,0.25282276136443277,0.23745453392894567,0.26103681395926204,0.6424060001362073,0.6825776646314441,0.6689841300265547,0.23028534238848913,0.36276675651175033,0.6294843669039762,0.8190197367724822,0.636272907181205,0.6065666377742431,0.8617499726190967,-0.03271122284534966,0.4256564772700852,1.3988037012557832,0.3822801002423442,0.031154301608283766,0.08360597047807888,85.70044181910569,0.01360518292682927,0.41314018800813,0.397193525152439,0.2539252543122512,0.6228328173374613,0.1945,0.3759497869962986,0.15892857142857142,0.08719272529858849,0.24750191696790447,65.35611563800278,721,2026-09-27,1.0588235294117647,0.85,1.25,3.7933715220949265
691406,Junior,Caminero,TB,186.0,503,0.2344168590014758,0.21966342360830937,0.23987240369954532,0.6043691119628296,0.641336137708959,0.6316174457555235,0.21600681805476835,0.2802704390914145,0.5973936121848606,0.7075714876327106,0.6353905382158931,0.6571953580781763,0.7923331975346292,0.003773092460369609,0.4013237488051497,1.104553889997581,0.39973570921020807,0.014535048530478954,0.35735166832970494,88.26031710323117,0.09694316272982288,0.3261935441050506,0.37932512026495024,0.23252923976608184,0.34499735578878854,0.12239819004524888,0.14218067292124115,0.29423376623376624,0.2353889675454351,0.2874190952826792,66.99266827211649,2788,2026-10-03,3.05,1.0,3.142857142857143,3.738555061959317
664040,Brandon,Lowe,PIT,207.0,440,0.23464104685436676,0.2123456650262277,0.24513001057805944,0.5922096482095791,0.6524218864749753,0.6339219342761977,0.20388645062643695,0.26910348363265885,0.5755062703232655,0.6921208337834327,0.6347452163186715,0.6085602497894558,0.7554508589797957,0.0008232820424738385,0.40237891530129577,1.38454026123587,0.2816852668424402,0.014245234415249872,0.46904245082886314,69.71107618111495,0.13907604526275413,0.2744380745748626,0.3821894065257001,0.27261971219096176,0.11026996975627112,0.2092917385470577,0.27345447605271617,0.18640280909824886,0.38809439900220444,0.3154260032573105,54.65222637382967,2626,2026-09-26,2.75,0.8,2.5,3.7579275777414076
677951,Bobby,Witt,KC,159.0,457,0.23167724198134404,0.24225402871969481,0.22799735337872307,0.6488839642666224,0.6233021505415954,0.6300321746587616,0.22204865975848942,0.29072997790382016,0.6122330781675924,0.7263962330870259,0.6335305347342577,0.6564294556167081,0.7998449544721531,0.0034983600754960875,0.39914462051135247,1.1063988418298119,0.15473449311882148,0.013640603799185887,0.09334082428765264,90.00108237371455,0.07154276746059654,0.31038107490329386,0.3384782773330877,0.21123901200126327,0.2533838311996207,0.3655595813204509,0.2619777416780666,0.14618993993993995,0.22480229124720438,0.3479049656649441,54.58542165849267,2374,2026-09-27,2.0,1.0,2.0,3.7729337152209492
686469,Vinnie,Pasquantino,KC,132.0,341,0.23280120860530223,0.23111209241850683,0.23345506003244887,0.620239423260645,0.6244852860812045,0.6233038914757227,0.18685898929294653,0.26159500912732203,0.5332938228688062,0.6728202627728053,0.6323749589805605,0.5669372233352975,0.7385579764040159,0.009071067504837771,0.3941617728043839,4.04795102184637,0.174284151181336,0.05640369422499167,1.3429995178220393,92.49656573498964,0.2937002530480791,0.44831433172302726,0.6672009696342305,0.313953373015873,0.11481883446874977,0.24934491459627328,0.23997092561721045,0.18557879262104615,0.13020549584109892,0.33066319745320927,54.82447563525157,1916,2026-09-27,3.9411764705882355,0.85,4.666666666666667,3.6840834697217675
691182,Adael,Amador,COL,36.0,57,0.22436576769738126,0.2318279377554437,0.21965281818702603,0.6191563318068429,0.5965924125869047,0.6054389104036055,0.1708221915355363,0.34384848182738365,0.4962347900955194,0.7861127096974991,0.6322386103241419,0.5532142868544692,0.8682962543809281,0.026799699920536324,0.3827818553497382,1.0960685483870967,0.3895497311827957,0.019993279569892473,0.39502688172043005,78.47637335890857,0.04518202581582864,0.2385516118825978,0.24366282650860116,0.2573358585858586,0.1448512585812357,0.20397435897435898,0.32631412952060557,0.20769201228878648,0.17965841484936035,0.25371795379015666,48.1826667474085,374,2026-09-27,5.666666666666667,0.75,5.2,3.6602741407528643
701398,Sal,Stewart,CIN,177.0,508,0.23139776618325097,0.21129228461495642,0.23840302255645596,0.5886940232907805,0.6391665760487137,0.6265863180723114,0.20896932277626593,0.27276918841731285,0.584141465841916,0.696436062654253,0.6321386268224098,0.6228982931204032,0.7630124462996839,0.005552308750098489,0.39608941469194064,0.6699379204236439,0.18167206202496364,0.003576642335766423,0.23411340045046064,87.83006566697192,0.043774801587301584,0.2869758337148962,0.3095124473443224,0.2666510791366906,0.16958859853596697,0.1126851851851852,0.16685744810744813,0.21480092150617264,0.22918655830061854,0.4075072784345255,53.89984561085848,2763,2026-09-27,3.0,1.0,3.0,3.7429214402618656
665487,Fernando,Tatís,SD,162.0,547,0.24082151580871272,0.2454441061326268,0.23945248540199593,0.6570704892706277,0.6466067516840025,0.6490180719888842,0.22860971185332263,0.29302304984920063,0.6270753608676776,0.7322606287716751,0.6317849713316188,0.6357750123990663,0.7742551482347763,-0.017233100657265354,0.4100398640051997,1.880690919497558,0.3365508926244286,0.042679651561493774,0.4776779995421732,90.44597728138639,0.20906493447219854,0.37870258641429216,0.49408909716394367,0.3219547663641344,0.16617583555280188,0.1893952283726558,0.26833801607514196,0.24450454556859333,0.2429336313866162,0.28068961663557435,64.60756511041141,2635,2026-10-04,1.0,0.95,1.0,3.800184124386252
701538,Jackson,Merrill,SD,189.0,481,0.25646492631077655,0.263703133199463,0.2536208075956794,0.675547075340393,0.6589090119478767,0.6636638730043456,0.20948492754241596,0.2740731179820565,0.5786780418688557,0.6920352490573001,0.6303664603572784,0.5316168147939058,0.6807084112165676,-0.033297412647067204,0.41835144649275163,1.2409437189054726,0.18439902758932608,0.0027425373134328363,0.3883905755314338,90.84156918310677,0.11771303050397879,0.3909702586206897,0.42942841263262604,0.3888681743362199,0.19020224060047897,0.28539109958364617,0.3728140527613596,0.2364574562274041,0.270359637134282,0.3850405779595405,53.64484144084993,2617,2026-10-04,4.947368421052632,0.95,4.833333333333333,3.677015139116203
663538,Nico,Hoerner,CHC,172.0,517,0.2584529245716958,0.20690977496798083,0.2756007422348272,0.5687860549779692,0.6895932129903584,0.6620913257107356,0.21462680631102998,0.278763787552323,0.5838170166270857,0.6944830162375843,0.6287562932558413,0.6078132584324228,0.7501064082709462,-0.03333503245489433,0.41629408775072796,1.1611634463636458,0.10671794943841474,0.09340033937552167,0.33653845838642266,80.55711353220468,0.005330425459330377,0.293848578667239,0.2864063789752087,0.22324486925280052,0.4521645427286357,0.4466242661448141,0.2393858263856921,0.3226770098879925,0.12263775477256744,0.3933913488620677,59.32134571051475,2476,2026-09-30,5.7,1.0,5.857142857142857,3.628492518120178
686948,Drake,Baldwin,ATL,239.0,393,0.2454166807092083,0.21670805957643496,0.26287561315382113,0.6029753683840618,0.684472692207958,0.6552640852462956,0.2193221051881576,0.286844100799132,0.6079632221271596,0.721553876114837,0.6285125797626577,0.6197349279660498,0.7684388239005933,-0.026751505483637916,0.41184172064396735,1.2234293270443495,0.22671289528297564,0.049648544991744634,0.2460546230049532,90.0235230098416,0.08404342825529931,0.29736626204722805,0.351920038507454,0.28517802533857584,0.22201182237102676,0.23952067669172933,0.2515809420734413,0.2603919928518991,0.22286761339057576,0.36098442279775556,58.360180547119256,2482,2026-10-04,1.5263157894736843,0.95,1.6666666666666667,3.782017184942717
802415,Chandler,Simpson,TB,205.0,395,0.24915099274433075,0.2503973489943222,0.24850414962724657,0.6515421587087595,0.6483121825987634,0.6494181936826688,0.2567143926453856,0.3292696494436565,0.662163792468671,0.7679735933450784,0.6279555763386355,0.6411006479634129,0.7841766328315494,-0.02146261734403332,0.4078057760987959,0.7382135416666668,0.057203125,0.0,0.15514149305555555,84.66334802713129,0.0,0.29951060712892935,0.2785630196799399,0.23277113353178264,0.2018052384957347,0.18032894736842103,0.21006478053939714,0.23083593848680053,0.14036621851684944,0.39118660910757685,51.9807503869224,1962,2026-10-03,5.352941176470588,0.85,5.25,3.6578559738134206
673548,Seiya,Suzuki,CHC,164.0,471,0.23065508282088412,0.21584190038025614,0.23581296375562508,0.5984822981042934,0.6355339799174364,0.6262158109431798,0.2033409441581943,0.26914163293987886,0.5739279613142027,0.6916980817430347,0.6278090268288289,0.5817818961504518,0.7339903380939049,0.0015932158856490908,0.3931439388530636,1.2691579244427582,0.43418942975841296,0.014470366035326665,0.22569520573294968,87.56506698312235,0.08384229957805908,0.3644506276371308,0.4008977030590718,0.26619379146280153,0.1706424177866339,0.36202508960573476,0.3296344424771759,0.21738623815851651,0.22097705309933097,0.21715273278438119,47.494138990080195,2784,2026-09-30,2.2777777777777777,0.9,2.6666666666666665,3.7529255319148933
807712,Luke,Keaschall,MIN,198.0,411,0.24711669393848223,0.24655147264176097,0.24738899032960343,0.6585403519263899,0.6599787867841604,0.6595116089284447,0.2121910539467622,0.28033675153417753,0.5955630668924716,0.7131109257137517,0.6266412089702207,0.6065492505197002,0.7527903015081828,-0.03287039995822405,0.413277151948816,1.3940683605565638,0.6235323476032881,0.3728323502722324,0.34714031529127076,70.97161320532781,0.06212940701639407,0.23867860791302753,0.2711067540431431,0.31122778047476846,0.39573427244798215,0.11578218243819267,0.3582049809946152,0.14197583124235946,0.14955726718778345,0.2163489886318471,52.34425555101022,2318,2026-09-27,1.0526315789473684,0.95,1.1666666666666667,3.7956423895253684
547180,Bryce,Harper,PHI,271.0,424,0.22760306262417268,0.2063131552142271,0.2412105270300577,0.5788907590543295,0.6441201222876923,0.6196390144564432,0.19772733612683316,0.2599465107574539,0.5615856688787859,0.6759126395896705,0.6262883523954377,0.551939033708374,0.6982971135171383,0.006649337938994471,0.3880726974438586,1.5119732258909786,0.23370709202562218,0.0008812949640287768,0.37634384964080664,87.43968445046562,0.08991181968298673,0.34709373358144524,0.4047335207793732,0.25550718012873974,0.21048387096774193,0.23413699942908411,0.2148228050635823,0.25490341419586704,0.31843379493703905,0.3525422533881415,59.76026162665467,2796,2026-10-01,3.0,1.0,3.0,3.7429214402618656
661388,William,Contreras,MIL,181.0,452,0.22075960539166617,0.2165730602355434,0.22243607590772416,0.5974084380357131,0.6085253694522728,0.6053698269221124,0.21147451510473336,0.2781943883585612,0.5875547612895033,0.7033517427682278,0.6260534297122902,0.5715497080618411,0.7228730247962095,0.02068360279017778,0.37899385638892397,1.2967401728334398,0.3081763758341391,0.003870458135860979,0.6287430334307267,89.1118692600753,0.10812729360331193,0.27833208831562606,0.3357881331830822,0.21861768980008642,0.19450819672131148,0.155509768009768,0.22260207498277318,0.14052750562526892,0.17903170927930415,0.2631791186394492,57.34996803472735,2322,2026-10-04,3.5294117647058822,0.85,3.5,3.727639116202946
608369,Corey,Seager,TEX,146.0,283,0.22280746802019796,0.2339535225959057,0.21705720664898479,0.6328944108224301,0.601510081842062,0.6124035415164153,0.1674640990370142,0.24340564367486744,0.4979933241785387,0.649638313767968,0.6257264589314759,0.47685014529009984,0.6662230260366543,0.013322917415060642,0.3831970994701617,1.55893367974618,0.0925517191142191,0.014809958559958562,0.6043969017094017,82.30988645992204,0.1611607142857143,0.29813830441874256,0.39034050955346555,0.23271911867902656,0.2668154761904762,0.125,0.23518970253884047,0.23244078604893287,0.2649164212203612,0.34638758215079857,62.07606920042203,1619,2026-09-27,2.15,1.0,2.4285714285714284,3.760071311667056
703601,Max,Clark,DET,64.0,137,0.21993832987259954,0.28056610698064777,0.19161586465424124,0.7069689359974054,0.5474855729453018,0.603817204876297,0.18959199642051128,0.30758010637065264,0.5432480386409893,0.7459289153219332,0.6256616285276118,0.5497300046930566,0.7967232153447456,0.02184442365131478,0.37778525573589455,0.8720657799711122,0.27202702883432295,0.033351388220189376,0.1582540924410207,79.16540802186627,0.007185990338164251,0.2699170795194508,0.2624993640350877,0.21430416666666666,0.3139308510638298,0.03494694960212202,0.21132816982214572,0.16876808598594462,0.16071592068924112,0.27939777661389786,52.78384094194746,755,2026-09-27,5.631578947368421,0.95,3.5,3.727639116202946
660271,Shohei,Ohtani,LAD,204.0,399,0.2213731838955803,0.23498351572535553,0.2144145179976501,0.637140051595058,0.5988121050787352,0.6120964718748912,0.20963387100074848,0.27787642434989857,0.5894937364779756,0.708324862364957,0.6251071130802539,0.6042458140722458,0.7578634712691419,0.01301064120536266,0.3826258584603221,0.9043794914317302,0.14461028192371475,0.007110281923714759,0.15187223604201217,91.60204043083354,0.16320432441122099,0.3405503114701391,0.3961322441925891,0.25650315081152447,0.11185758513931887,0.35368589743589746,0.2596702127659575,0.1891063742570199,0.3904773536704067,0.3429094163562108,52.80865284011635,2452,2026-10-04,1.5714285714285714,0.35,1.5714285714285714,3.784612462006079
683748,Victor,Mesa,TB,66.0,196,0.24807938982194555,0.26316081805721303,0.2430009497019065,0.6781598770134573,0.6442386664336499,0.6530185621294595,0.18921404802525268,0.29167956197754663,0.540984480246069,0.722029005231353,0.6236492449364703,0.45412743259818883,0.6743388134293267,-0.029369317192989186,0.407254533201537,1.5014258161442262,0.2078924394997564,0.0023377862595419844,0.4723166720805587,85.75075124547102,0.05610507246376811,0.34713803102355073,0.36957209692028986,0.32489779635258365,0.3625532360831657,0.280485385210995,0.26316425120772946,0.3580330843677677,0.21054405874499332,0.3806051213895027,52.542655068739876,955,2026-10-03,5.25,0.8,4.0,3.712356792144026
664034,Ty,France,SD,136.0,371,0.25989875494527465,0.2187156748122504,0.2749955174738226,0.5999915406013601,0.696935673887242,0.6728386010844569,0.2333975094573112,0.31049229044676585,0.6271934844266738,0.7484643016338253,0.621572205751303,0.5361387245820451,0.6994300058910196,-0.051266395333153914,0.41821777339068694,1.2337854871161174,0.24290915387387815,0.17164787973392584,0.3636739153358998,89.92143095336803,0.029735312117503063,0.30508766067339205,0.32150346040104955,0.3281963828173087,0.22962792726037756,0.19801294975186107,0.3072495523956051,0.2635176718321002,0.2766499776223803,0.3796289210540928,50.34356018105346,2036,2026-10-04,4.0,0.85,4.0,3.712356792144026
686797,Brooks,Lee,MIN,205.0,421,0.2328871403174549,0.20481493469071393,0.2465565041024475,0.5763242490673913,0.6538349295878121,0.6297086173014996,0.20480836424819462,0.27125026069864966,0.5763111309096651,0.6944708844944673,0.6209224340458519,0.571185889199223,0.7202457811850163,-0.008786183255647728,0.391000207394495,1.1889234631996213,0.09481089516033606,0.012919329073482427,0.209996228257011,74.28368923582755,0.07777532783820962,0.2956800106821902,0.33456164963278123,0.18348579234279383,0.4020264577013819,0.1370702608486597,0.18082565284178187,0.196390060947023,0.16785557053269773,0.359616198437755,56.928224108030236,2386,2026-09-27,2.9473684210526314,0.95,2.857142857142857,3.7472089081131634
687401,Joey,Ortiz,MIL,150.0,260,0.24822843898997182,0.2203336657158465,0.2643215774173518,0.587243916569805,0.664243976007147,0.6373923781598037,0.20483735799260674,0.28772194092725545,0.5573279831948335,0.7006966128760608,0.6208720001652159,0.49388032700164236,0.6676164785952405,-0.01652037799458772,0.395739080718141,1.033824756475119,0.14151521086611796,0.0,0.1839931473231141,90.4094784718011,0.014604810996563574,0.3399396818779058,0.334453221469,0.26442158145183237,0.34052059496567505,0.1618743680485339,0.30838575840603744,0.24676093643198904,0.21208218237740237,0.36434060498586274,60.121256263563275,1622,2026-10-03,7.0,0.75,7.5,3.5553907528641573
678882,Ceddanne,Rafaela,BOS,155.0,422,0.22666169468167663,0.24023176484866288,0.22167742720328115,0.6332126356562231,0.599440376422117,0.6087254380289836,0.2324335937453227,0.3044451949242025,0.6192813512932585,0.7342858924624047,0.6196511974610548,0.6677928501670307,0.8116156427050059,0.010925759432071191,0.3771974465996648,0.5494204939341422,0.10288128249566726,0.008492201039861352,0.07112218370883883,78.36799071925755,0.039686774941995365,0.29416303944315547,0.29387242459396756,0.21817850957417667,0.11859695791555827,0.302373417721519,0.33845587402288435,0.10477607498884095,0.2709221356892926,0.5157332318780176,45.018373630827554,2132,2026-09-30,5.4,0.25,5.4,3.65060147299509
669127,Shea,Langeliers,ATH,133.0,331,0.20184529725969416,0.16238277134061108,0.21770184090693903,0.48559420394409125,0.6019051119090812,0.5707799274023355,0.20264898956383554,0.280081761554249,0.572399071867537,0.7085269855547719,0.6189200962698067,0.6248100335076636,0.7939753731491312,0.04814016886747119,0.3532671676167268,1.1702455853726361,0.35880079428531697,0.006600215517241379,0.26300338049221356,83.00701065162909,0.02333333333333333,0.2790533157894737,0.28620668128654975,0.26297457828462817,0.12926463473633287,0.09555555555555556,0.22273922810859664,0.14457903056396176,0.3358893424660368,0.35394912933110023,55.70901057578068,1782,2026-09-27,2.8333333333333335,0.6,2.7142857142857144,3.751496375964461
803011,Sam,Antonacci,CWS,115.0,447,0.25264086119357204,0.21767031929391645,0.26163775676059753,0.6019845914066896,0.6796496739594741,0.6647528714748562,0.20673283303397316,0.27722155834523826,0.5806962020855666,0.7042961499624195,0.6181321425963917,0.5377143281938143,0.695415539505888,-0.04662072887846447,0.41090511674185665,1.3593572158055627,0.22162340418787707,0.23325647334444755,0.3179113336095705,90.48174278596545,0.026229758920265522,0.37636427580350534,0.37784471136541276,0.32476504492185154,0.18276663031624862,0.3860036119711042,0.3597318007662835,0.24215103920642417,0.11023562742307817,0.23772437385815753,44.53504047440086,2219,2026-10-03,2.0714285714285716,0.7,2.6666666666666665,3.7529255319148933
683146,Brett,Baty,NYM,91.0,376,0.2389884565004551,0.20869706018016604,0.2463196189077591,0.5732229451582412,0.6425269116236718,0.6297147723131009,0.17933843939617353,0.25359170089192085,0.5127472227272727,0.6549151566336593,0.6176992194824472,0.49242811241018036,0.6545880282353786,-0.012015552830653697,0.3889743233543694,1.450669164882227,0.3288811563169165,0.003934689507494646,0.7207708779443254,74.77154461328658,0.10865543217092018,0.35277659458406396,0.42789735177608934,0.3095015127909865,0.12339523809523809,0.2039156626506024,0.17244004784145503,0.26750421407501057,0.250823201831188,0.26827007156873245,58.949863782841035,1904,2026-09-27,7.384615384615385,0.65,5.666666666666667,3.6377045826513914
699024,Leo,Bernal,STL,30.0,72,0.23753678982277143,0.20978714521663347,0.24909914174199554,0.5803688907677798,0.6523570806009669,0.6322024361564524,0.18876402411860904,0.3577274874797265,0.5377001523199785,0.8046356336622932,0.6169051096898075,0.5510055599484599,0.88000633771405,-0.015297326466644945,0.3900089132232598,1.8588390766754466,0.6293788410886743,0.0,1.1081120134621012,84.8174987244898,0.1610969387755102,0.32075487670068026,0.4512109693877551,0.3119047619047619,0.1251082251082251,0.14375,0.225,0.2048263888888889,0.2795343673995538,0.2882599827584675,46.20622829413383,393,2026-09-27,4.65,1.0,4.571428571428571,3.6881225157820903
665833,Oneil,Cruz,PIT,138.0,278,0.23791723365158013,0.2635156647442846,0.22521009879261172,0.6805318927729778,0.6140073303202074,0.6371008862762291,0.20855504590545912,0.29125614332326644,0.5821324866406719,0.7231649213153051,0.6149993055730727,0.5782983099894394,0.7622415859776337,-0.022101580703156376,0.39181660263987006,1.2512447823494335,0.28561908355694693,0.0841941292113894,0.2754878736210495,70.333663724267,0.08676918278228322,0.2837469903306301,0.3419644404242046,0.3683823529411765,0.16023790213571237,0.5106481481481482,0.34493640289120436,0.255915559772296,0.2596453474346736,0.27606596631998986,55.45582925692989,1749,2026-09-26,3.2222222222222223,0.9,3.4,3.73069558101473
664770,Nathan,Lukes,TOR,83.0,357,0.2402850182473989,0.2365091907950076,0.24116287168871114,0.6367785906214152,0.6450178501342001,0.6434742266720511,0.21822464015535137,0.2996212128016771,0.6030419386860508,0.7372478936629203,0.6146744790198405,0.5510851581103072,0.7190960708632467,-0.028799747652210606,0.3955271850423378,0.8953897008738704,0.21350606185207338,0.04791370738636363,0.24295030901116424,68.17067825963404,0.014704457364341086,0.26720424341737475,0.2686415095548226,0.2823860120501547,0.2701923076923077,0.2388392857142857,0.24384639404800695,0.20374703696585303,0.06486597500256075,0.33485976109000065,43.56283182333798,1755,2026-09-26,3.5294117647058822,0.85,2.6666666666666665,3.7529255319148933
672695,Geraldo,Perdomo,AZ,189.0,474,0.2360706775843627,0.23652803750061108,0.23588831255446618,0.6332464111969314,0.6321029299482901,0.6324291648836247,0.19175306104832218,0.25489202209846545,0.5467196451776893,0.6649773343516779,0.6146001635488245,0.5334288866905766,0.684176699932571,-0.017829001334800143,0.38869106817052224,1.2709315550041358,0.5451209677419355,0.01444947209653092,0.5279392302826839,82.27854352991196,0.07102995364812592,0.32742120423169274,0.36201751804888627,0.22391941179117944,0.3181108842976343,0.39743589743589747,0.17802735822831728,0.25979010843803096,0.08416850390655217,0.15289888589760725,65.2558672790307,2885,2026-09-27,3.5,1.0,3.857142857142857,3.7167231704465746
607208,Trea,Turner,PHI,239.0,469,0.22174276598596188,0.2013389297368528,0.23214045652655266,0.5736956427460366,0.6327660344936453,0.6135478913474459,0.1926985737777157,0.25380739308077727,0.5559392151482616,0.6705419459811264,0.6145721718436081,0.5797679017212178,0.7254051622876867,0.001024280496162211,0.37706946011546594,1.0462938698238295,0.21292640931262763,0.08904818580836948,0.12751241225817497,88.98068651828942,0.019889176528599603,0.28298905502510313,0.28864624959468954,0.2641683735887308,0.20407261904761906,0.12275830622103914,0.26256680654228753,0.15142688438533858,0.24635596464598977,0.3461581896454348,56.03145089763726,2699,2026-10-01,1.75,1.0,1.2857142857142858,3.7923982931961655
606192,Teoscar,Hernández,LAD,153.0,341,0.23796256115316233,0.23860892199002642,0.23767255174541982,0.6328956123371176,0.6312332715259278,0.6317487105874215,0.207175954962966,0.2826214584511661,0.5740354839060102,0.705062309156895,0.6141890254490219,0.5512947524229213,0.7162045579291911,-0.017559685138399672,0.3880131248843646,1.6250153873509139,0.12611910493489442,0.04723937246963564,0.508976433417223,91.72834976627307,0.1256901249245679,0.36885806853287945,0.45856726375115964,0.2861888410550772,0.1606236046415479,0.14252136752136751,0.275443588852864,0.19062470943747095,0.3403605870808487,0.4212886259284009,57.61442377792439,1982,2026-10-04,4.842105263157895,0.95,4.857142857142857,3.6760053776011223
665489,Vladimir,Guerrero,TOR,152.0,446,0.22256581774301576,0.23480926498958724,0.2183931630760228,0.6342242064238317,0.6038515437295568,0.6117407183695088,0.2035169141509737,0.27142786512827255,0.5747653355915531,0.6957841555450022,0.6137902326654057,0.5648581439841515,0.7192299618491295,0.002049514295896837,0.37548047785892325,0.7822568283166109,0.20025919732441472,0.017940008361204015,0.14973731884057973,67.420377214389,0.032225686912509044,0.20001632095083155,0.21184583966015907,0.21619881362418678,0.14766068396798449,0.2000815394651011,0.1836733750513841,0.17446821710444685,0.19645785773611069,0.4017912938847595,53.81237591781785,2201,2026-09-26,2.823529411764706,0.85,2.5,3.7579275777414076
673962,Josh,Jung,TEX,116.0,325,0.23463114421659798,0.2769853904880562,0.21951393631663135,0.7035488797017089,0.6051018046040977,0.6330216743716242,0.23053245182606577,0.3131251907458131,0.6255997519228763,0.755394343332178,0.6132665905055403,0.6181654431122142,0.7898409069609792,-0.019755083866083822,0.38821104395799433,1.4388722517992705,0.13073548259883663,0.18761337868480724,0.3838219708173124,71.36278729843477,0.1009296826973093,0.255379406712536,0.3043630965385161,0.4522328230935906,0.32530112044817927,0.12508333333333332,0.4460227272727273,0.2081915292353823,0.14505983687123608,0.32569541758156884,47.272825053578046,1626,2026-09-25,2.9166666666666665,0.6,2.8,3.7489238952536823
665019,Kody,Clemens,MIN,161.0,415,0.2286807124294799,0.22375910341247668,0.23059005954210043,0.6110025763042428,0.623610641948559,0.6201170857097947,0.18854316579914335,0.2561326242782045,0.5410406318860908,0.6681195701760149,0.6131819474597489,0.54069935326447,0.6976529505132932,-0.00693513825004588,0.3802446022685959,1.0932255153218697,0.10592509920634921,0.0074435763888888885,0.5047099161568563,75.34001491381969,0.08133563744423893,0.2744683473155351,0.31184053476453416,0.358912216667693,0.09906519654841803,0.30082848109903104,0.31821671593363143,0.12154239622270313,0.19148571145042703,0.34419358138666745,58.97106688117503,2250,2026-09-27,3.5555555555555554,0.9,3.5,3.727639116202946
805367,Chase,Meidroth,CWS,185.0,460,0.23791110550205413,0.2874942393055574,0.21797006255934087,0.7082029350878549,0.5907312965666227,0.6273965255013007,0.21628865359828603,0.28281856961968493,0.5875247775643528,0.7011846260315042,0.6131815064658822,0.6050637252618208,0.7493225158101625,-0.014215019035418441,0.38470794665834784,1.9393019650539338,0.3074613169968581,0.06174152391970237,0.8541574373628352,86.17313216027024,0.0961514002231043,0.3966620602684494,0.4374001701669424,0.2531296107898432,0.43277009195210714,0.2352152551088852,0.2815089005821765,0.3500580283547643,0.18239972679759264,0.303858280381966,57.39568365834299,2706,2026-10-03,5.117647058823529,0.85,5.75,3.633674304418985
695578,James,Wood,WSH,215.0,394,0.22294382858475031,0.21621236231673763,0.2266170906345542,0.6037817508141439,0.6234012979551091,0.6165585990443916,0.1920327883570609,0.2580696889647291,0.5552876921467753,0.6783704339417211,0.6125108296832114,0.5835079155098994,0.7406027671509254,-0.004047769361180231,0.3776488190489987,0.8140986587224407,0.8490794498115056,0.004022988505747126,0.15539219879549715,85.09495144521799,0.05084152347478955,0.3297110026576576,0.3482631890545561,0.27470988898676424,0.10099341192787795,0.2789490507555211,0.2683686440677966,0.13148847481226206,0.2869097649041765,0.14660466431720443,65.4441632163831,2642,2026-09-27,1.0,0.95,1.0,3.800184124386252
703607,Henry,Bolte,ATH,147.0,322,0.23282661673147137,0.21885274043051312,0.2392059950427784,0.608830197444147,0.6461713064571171,0.634763470164325,0.20844092268462605,0.28610424559210273,0.5886438676799506,0.7221660665611157,0.6123938181700637,0.5508968902261645,0.7221881943305005,-0.02236965199426133,0.38872522512881025,1.0366416798634113,0.21445488260214668,0.035512947311634596,0.21409078780214746,84.14904532839964,0.060551187172371256,0.31467865460222016,0.3418621885599754,0.2581461926308475,0.17035681759042415,0.13229665071770336,0.26314804995876045,0.13652384119695896,0.2647727419228139,0.24777304648418894,47.59625428179611,1770,2026-09-27,1.0,1.0,1.0,3.800184124386252
624413,Pete,Alonso,BAL,207.0,482,0.23520128839016638,0.21975096279527123,0.2418365941954429,0.6078942931434349,0.6481536222943427,0.6363939446840001,0.20360453852013694,0.2666927490805769,0.57639075768091,0.6897348982418056,0.6119856921189404,0.5885846757162543,0.7329363808138909,-0.02440825256505974,0.38946398869774046,1.6571686984978626,0.26739130273144734,0.12373702037085507,0.6106573239112677,71.78803023932875,0.20916385042251096,0.32254324117750216,0.4747185187075892,0.24909680529587952,0.24534578826614226,0.3902083333333334,0.1429021855010661,0.3047816083200975,0.24207586680076054,0.2116592655681031,49.10779339052106,2886,2026-09-25,2.2,1.0,2.0,3.7729337152209492
671739,Michael,Harris,ATL,232.0,404,0.2730451134277742,0.2608845107519583,0.28002842981586656,0.6723597993242102,0.7026079953209093,0.6918210207021027,0.2524036393301277,0.32249105333119304,0.6582674253141516,0.7623806927789055,0.6118075352159148,0.6055205622024138,0.7484801920479156,-0.08001348548618792,0.42326131348631185,1.9056714551172098,0.09283805031446542,0.08171419382504287,0.5102032113588717,89.67131333460557,0.11160531697341514,0.3349003894286044,0.36428126675690065,0.41757765045173806,0.25998902127934387,0.2905283605283605,0.3647163844235199,0.31907525791502694,0.22215529946767176,0.4628363685198583,52.72560174671983,2285,2026-10-04,4.2631578947368425,0.95,4.5,3.691151800327332
695600,Carter,Jensen,KC,168.0,427,0.20724700276824315,0.1372952722993686,0.2347689950838659,0.42948841584466546,0.638265172736678,0.5862810431323768,0.18083895533140543,0.24638841019623497,0.5314161075533446,0.6586985435781982,0.6112091960235186,0.5345028608301134,0.6894149035543145,0.024928152891141808,0.3583403650167699,1.6035129532756844,0.18811950642325898,0.08385969360520978,0.44172142450446616,71.66727169246076,0.16275780582503274,0.2972100897115603,0.42011967003017425,0.2438835096970967,0.26014551865298136,0.19617822128851542,0.2643142966027875,0.14704085284793944,0.2676934989765048,0.21130561892863609,65.69903999320228,2485,2026-09-26,1.0,0.8,1.0,3.800184124386252
694249,Cole,Carrigg,COL,150.0,214,0.25857425400944767,0.25198792454289887,0.26319084008413146,0.6601702119028994,0.6787088330061164,0.6711613048807812,0.21340486781636722,0.30269100519731923,0.5903052421552928,0.7382171936319111,0.6110484814933751,0.5302230476398117,0.7255274522097012,-0.06011282338740609,0.4101120961845135,3.3064459719992216,0.05318108974358974,0.05718278657616893,0.9864967401352601,90.78856820092474,0.22619693148381673,0.38719960645229085,0.5230605543295502,0.37849723651610445,0.2470888102460398,0.4023214285714286,0.48860063012610966,0.2585553473111305,0.2522777969538767,0.40772719057132234,51.721493090053315,1452,2026-09-27,3.6842105263157894,0.95,3.8333333333333335,3.717450900163666
592885,Christian,Yelich,MIL,133.0,365,0.2128756061348553,0.2065626779786368,0.2151759333808198,0.5683769758479069,0.5851497913268542,0.5807173842615094,0.17916982160110323,0.2509290772182815,0.5117617227255813,0.6497641062957022,0.6108866345383297,0.5237116509364024,0.6960838501851745,0.03016925027682027,0.3547524884894155,1.120695210390677,0.3877115749632992,0.004919678714859438,0.3540486422339924,84.13108594491928,0.126369301994302,0.37835551282051283,0.4417469147673314,0.24646901709401708,0.04683773216031281,0.43994902946515846,0.23175332856607758,0.10675949306917837,0.30838998285780306,0.24249233638850975,48.50657365566489,2133,2026-10-04,5.5,0.7,5.8,3.6312561374795416
680664,Eduardo,Valencia,DET,59.0,78,0.2558863009595046,0.24494854314647665,0.26415973315141034,0.6462223276084844,0.6783850400312743,0.6648078223863148,0.24877798989522745,0.40331308889441986,0.6528126919876782,0.8518637885047213,0.6098392371091443,0.4812070108791201,0.7641016898031056,-0.05496858527717041,0.4054258952282617,2.3257934754770133,0.2360102125752337,0.030757779485209368,0.5346217505442438,83.64900278081979,0.13049041451103305,0.4015440978122679,0.5131129205321215,0.27662123603691113,0.3107056940841771,0.4742690058479532,0.3185364386856924,0.2165700267618198,0.26277930402930405,0.3378427369184247,56.63396648702851,538,2026-09-27,4.9,0.5,4.333333333333333,3.698220130932897
695506,Jac,Caglianone,KC,170.0,380,0.26734238987005143,0.23962464909180037,0.27974243179716374,0.6413281752247135,0.7071884895744985,0.6878701529066281,0.23372292403118392,0.3076620771190599,0.630796969764871,0.7474640154550964,0.6097706147457185,0.5620397199259571,0.717172978785137,-0.07809953816090964,0.41944300600310597,1.777372500666489,0.20547967208744336,0.04674706744868035,0.3974254198880299,96.99718358161878,0.04642917798913043,0.42200716893924695,0.47667916403823757,0.32053453586970926,0.4226317122593718,0.5748376623376623,0.4190583136327817,0.16207878673857604,0.2690574357488932,0.4576323648406695,49.073340266745014,1976,2026-09-27,3.0,0.55,3.0,3.7429214402618656
668930,Brice,Turang,MIL,203.0,475,0.23601103274644009,0.2143183368397397,0.2452818059444615,0.596243235841202,0.6528939314138086,0.6365881288375462,0.19998079451400247,0.2632375309996297,0.5678339541817412,0.6829396617479817,0.6095093629285107,0.5794167588091389,0.7285885715004751,-0.027078765909035574,0.3880064248556255,1.3753817114822475,0.3341391462327925,0.009909084623893807,0.5845447651473858,87.65822133566441,0.06449746012608823,0.3532331667334402,0.3947932436490748,0.2632080032618826,0.22482994742649445,0.22368725130088768,0.25929920302775344,0.22542963284604622,0.17002184161201433,0.1937640552144525,66.57511284487246,2941,2026-10-04,2.210526315789474,0.95,2.4285714285714284,3.760071311667056
687957,Dustin,Harris,SD,21.0,142,0.24588786723037792,0.21027405061042198,0.25115469926572354,0.5900606100593011,0.6646338118563736,0.6556364094149099,0.19665117847862834,0.3298454096092165,0.5627016864256513,0.7795143559307782,0.6093079807998351,0.47426566956413574,0.7420931890357799,-0.0463284286150748,0.3994844967594527,0.9717410694861419,0.1752688400121829,0.10496698646825915,0.2814677152678067,82.90672458966397,0.009709437728734612,0.26823295441942996,0.26471962612287897,0.26891019727606197,0.16645833333333335,0.3410714285714286,0.2664830601292395,0.23857589285714287,0.1866599470586192,0.28858926525669737,48.002176264474485,602,2026-10-04,2.2777777777777777,0.9,1.8333333333333333,3.777475450081833
680757,Steven,Kwan,CLE,204.0,427,0.2473178179230916,0.2079495974149874,0.2661260544187667,0.5876727188730513,0.6914419783466162,0.6602953471846794,0.2091543628912734,0.27575640426711645,0.5900510448141527,0.7065487776539022,0.6091160200452524,0.5632754823580859,0.7144279203836426,-0.05117932713942697,0.40219647393153013,1.0849836519242904,0.4838669145959238,0.0038827258320126784,0.17932586427699176,84.69676826923077,0.0007291666666666666,0.3196225500610501,0.3086468603479854,0.20332472004663252,0.275110405323654,0.34576923076923083,0.16164327664997294,0.27483551505971726,0.03960628582531818,0.15720632867442652,47.626204075475385,2644,2026-10-03,1.0,0.95,1.0,3.800184124386252
650333,Luis,Arráez,PHI,203.0,428,0.18759083329026702,0.2488670809857566,0.1585275662758175,0.6543660438023975,0.4731083227405566,0.5375636955426922,0.2590036620164346,0.3298700695687023,0.6713673019154877,0.7737230894209168,0.6087979191917455,0.6573854995109168,0.7976283864506474,0.0712342236490533,0.32726765927941603,0.7149866067457193,0.11557845789224555,0.02249807255750204,0.20632513319121876,67.8665145826679,0.008634349198640116,0.24157434923236737,0.2391125088420135,0.16810570241421305,0.21972760695187166,0.16458333333333333,0.22316158547002496,0.14142414047828836,0.020492003252914066,0.19873248920664766,63.56025533108867,2464,2026-09-24,4.0,0.7,4.0,3.712356792144026
682985,Riley,Greene,DET,184.0,399,0.23504695460170688,0.22186832943099744,0.24112431558268566,0.6052516911355019,0.6402526147723657,0.6294615457503621,0.21209972505390773,0.2818010627383424,0.5865755810293278,0.7066775113128418,0.6080352776567559,0.56794467494597,0.7240434649432061,-0.02142626809360615,0.3827348257445722,1.0772277707076856,0.3657280699989437,0.04873888975518479,0.279306493111271,77.84301147828161,0.0901113893168978,0.29475935642747086,0.34631979414300396,0.3421774564324223,0.14183236290390483,0.07327626862856065,0.21249094341548036,0.19353359829149222,0.24068596422890903,0.2531598308497538,54.70914852795126,2489,2026-09-27,4.0,0.95,4.166666666666667,3.7052884615384616
686681,Michael,Massey,KC,99.0,345,0.22368109246304196,0.16570752237552475,0.2403169864881556,0.4805050035420916,0.6297373793339018,0.5995788461461509,0.22256935579430953,0.3040488350309393,0.597502134369764,0.7302549529323747,0.6075326657973914,0.5228464818201277,0.6895298089950423,0.007953819651240535,0.36426373475489504,0.825992867867868,0.05617023273273272,0.0,0.23163663663663664,68.50978747605363,0.06646910919540229,0.24390113745210726,0.269081094348659,0.25157914339913134,0.24595377986682335,0.24811088206647186,0.2648568463626204,0.1619281045751634,0.1484902754089226,0.4277531401219917,52.16575312292855,1643,2026-09-26,5.555555555555555,0.9,6.166666666666667,3.6148015548281505
691781,Brady,House,WSH,115.0,237,0.2263516408602273,0.24012854651053328,0.21966664444763156,0.6392014284180281,0.6017960511715827,0.6143137919711337,0.18395643887730517,0.27085694727802995,0.5298370236722495,0.6904634400897647,0.6074676203863438,0.5375052079060171,0.7282308135452579,-0.00684617158478984,0.373175737379216,1.446381553460744,0.34997175232438016,0.005220170454545454,0.7558984375000001,93.44803801542452,0.030107610729881475,0.31915231015987183,0.3254271105112351,0.28168798000955425,0.13041464891041163,0.1671622889305816,0.246027567190309,0.15721638743692296,0.250858210588628,0.3485214411581873,63.03380876998506,1293,2026-09-27,4.333333333333333,0.75,4.0,3.712356792144026
682998,Corbin,Carroll,AZ,209.0,450,0.21257406067296952,0.21965501873006327,0.2092853490420082,0.5934042030984253,0.573454312169507,0.5798564164586972,0.1814982759220314,0.24370364087137072,0.5165046918037836,0.6370599750810724,0.6071395143821127,0.5436328425173749,0.694102725465819,0.027283097923415434,0.3520537431000855,1.4056303061718383,0.22213846900999426,0.007435508345978755,0.7006949531683324,81.15971069565907,0.12059313463025759,0.2859001217105916,0.33247243961568207,0.212292842929304,0.27047959724430315,0.100462319243604,0.15082010582010583,0.19068300325296594,0.19713914336860947,0.3246694595727695,62.94373802064508,2645,2026-09-27,5.470588235294118,0.85,5.857142857142857,3.628492518120178
670623,Isaac,Paredes,HOU,160.0,500,0.2225794196060845,0.22538349354560602,0.2216821159454376,0.6155318144020561,0.6086104391085666,0.6102966644956429,0.19407040792980307,0.2576058994725075,0.5540589872793201,0.6720594341903462,0.6058606682671226,0.5788177216270113,0.7258300996453954,-0.004435996228520311,0.36975474499252614,1.3836203951277481,0.483672385620915,0.14335264408793819,0.3942227421271539,81.84105030882647,0.040753418260609686,0.2642223120267982,0.2973536909120343,0.23609259948705222,0.15447239615486374,0.4846618777611577,0.19204444392435874,0.23262432012432013,0.11730957306058229,0.2379782688513163,56.77705152252862,2967,2026-09-30,2.95,1.0,3.0,3.7429214402618656
676356,Jonny,DeLuca,TB,153.0,217,0.2362933629542364,0.23846512184654006,0.2347621228135799,0.6271537917456709,0.6205459660172306,0.6232885829376278,0.20985942036970992,0.29795332843445077,0.5738840160883361,0.7222835598374844,0.605523947051023,0.5139244529196771,0.697392082610137,-0.017764635886604818,0.3774161628922313,1.7617389102862075,0.16488366591407133,0.0,0.530447672488213,78.62255546865948,0.09022419186652764,0.27670416840458817,0.2884236783107404,0.3507852671585066,0.12637064813526586,0.19108090185676394,0.13049828808999758,0.3018259009084697,0.19229310344827588,0.3347689593095057,54.858356144733854,1360,2026-10-03,5.4,0.75,6.0,3.6215834697217675
593428,Xander,Bogaerts,SD,164.0,451,0.23272294237008231,0.22126501535040977,0.23688946128632687,0.5936797760533032,0.6222804181795294,0.614800630463749,0.17333500469055352,0.23685318681237438,0.49616996964355875,0.6222157542916088,0.6052105243769945,0.4950411766430827,0.6479567802807,-0.00959010608675448,0.37208381195027235,1.601613541057796,0.47664650530492236,0.003983739837398374,0.3276250719574189,92.02995344403664,0.05383231479171863,0.31727920896732353,0.35833366625984386,0.23389417355439265,0.2693296908315565,0.3138662263662264,0.3320082582582583,0.17620114942528736,0.17863705329316235,0.2012903374901806,41.42920164272952,2457,2026-10-04,6.333333333333333,0.9,6.5,3.6012377250409164
641355,Cody,Bellinger,NYY,201.0,367,0.22521980934030988,0.2452135191564664,0.2142695758987637,0.6528595784038709,0.5962325067349534,0.6169916346609594,0.20284594788851604,0.2725331185074592,0.5737077451109225,0.697803532720858,0.6045149853577201,0.5911438060029637,0.7473717958872312,-0.012476649303239329,0.37298068899290565,1.3774534917840375,0.12411732198748043,0.0,0.6700756186424099,89.9032658809007,0.044059264153303204,0.2853193362316949,0.29833945213353125,0.2044156509909672,0.3169297228867132,0.12968654728667245,0.22714618919059243,0.17018604361582307,0.18205467131097097,0.34636575958657323,60.36202348858431,2157,2026-10-03,2.1666666666666665,0.9,2.4,3.7609288052373158
660670,Ronald,Acuña,ATL,156.0,329,0.22057973991318908,0.21399612774792093,0.22370145267240435,0.5973114165635549,0.615774316713182,0.6099051488606144,0.1859898141498789,0.25963822105447115,0.5403720692711922,0.6787612861700607,0.6044310026151838,0.5690006806867787,0.7417688863274179,-0.005474146245430633,0.36864558062598407,1.074908934707904,0.3471073883161512,0.061676975945017184,0.3433187285223368,90.1426278576877,0.11894432923340961,0.3123271490853492,0.38059384865526585,0.230317279771146,0.21975877715556613,0.1194100935828877,0.22354562195248473,0.19049136036747738,0.20781955717069314,0.29809195760278206,51.82364376268652,1962,2026-10-04,1.7777777777777777,0.9,1.8333333333333333,3.777475450081833
677594,Julio,Rodríguez,SEA,205.0,442,0.22243251571699207,0.20414057722090223,0.23091633334526906,0.5688058277215158,0.6198830980121837,0.6042052690645345,0.1965802213766068,0.2610449879337746,0.5535217517101073,0.6719215213240408,0.6043642916830156,0.6085602497894558,0.7554508589797957,0.00015902261848110832,0.3651600894693333,1.2034608403625577,0.10296672512186422,0.11582260568345128,0.401865012817384,86.95797475055433,0.06145288248337029,0.26676559423503327,0.30420628492239465,0.30988360530436265,0.11048162919990331,0.12012432012432012,0.19702150549802708,0.15893892339544513,0.22250366425031803,0.4397347166612404,49.6531970303049,2434,2026-09-27,4.578947368421052,0.95,4.666666666666667,3.6840834697217675
693307,Dillon,Dingler,DET,187.0,413,0.217401587629784,0.19517373532010568,0.22746601470462627,0.545690004871463,0.6085024565611201,0.5896492195819498,0.19182825353148128,0.2583585543627665,0.5387902933850899,0.6624584476557906,0.6039568238787025,0.5117428210258872,0.6696582497102326,0.014307604296752707,0.35612266986127006,0.8879389039855073,0.15333645833333334,0.015312499999999998,0.38735901268115946,72.07259138176452,0.10730740442690759,0.32252746636662166,0.37555309173978507,0.2381880570409982,0.2868931475029036,0.04674085850556439,0.19364975480056537,0.1519868920391337,0.23005351002243762,0.2775348818322682,53.13445938745651,2346,2026-09-26,5.0,0.65,5.75,3.633674304418985
682987,Spencer,Jones,NYY,64.0,234,0.2144712702225668,0.2634193542459468,0.20108376006232614,0.6727752593981641,0.5596920169069375,0.5860570501962805,0.17804281452917858,0.27199959962900827,0.5114896092519933,0.6864888696895572,0.6038126132176729,0.4472454774597166,0.6518282287184778,0.017755563021392362,0.353868638973657,1.0396482589242293,0.27415195506273704,0.0020553691275167784,0.2637241027137438,87.12736756876663,0.11746894409937889,0.3420007031943212,0.4241857741792369,0.20092167521916493,0.3617090479006505,0.1002997737556561,0.24711244637715227,0.1319627192982456,0.4060755248063872,0.37980165886035167,53.64074666928784,1289,2026-10-03,5.333333333333333,0.9,5.333333333333333,3.653825695581015
701785,Kaelen,Culpepper,MIN,48.0,79,0.2249004158028592,0.233822440202346,0.21947943895253808,0.6213026544688047,0.5948101033891099,0.6049760340932223,0.1845060808376609,0.33399516052853656,0.5245982517232561,0.7727834277937208,0.6036883958747817,0.5266186485419944,0.8262446857594641,-0.0012876382184405788,0.36521701156442465,0.8193536745406824,0.053883694225721784,0.06697424540682416,0.10073408792650919,76.27028323970038,0.0058988764044943815,0.20381832865168542,0.20092303370786518,0.12998721227621485,0.5191176470588236,0.3363333333333334,0.22840954875100722,0.16348631239935585,0.22634272940819883,0.40308712121212126,62.117328581126955,491,2026-09-27,5.555555555555555,0.45,5.5,3.645765139116203
678246,Miguel,Vargas,CWS,206.0,499,0.20223881856697484,0.21591362684413418,0.1965935069335183,0.5986201128702249,0.5602261512939517,0.5717116107470426,0.1814791128191067,0.2415230339790547,0.5283637371539426,0.6456497414549962,0.6025830223041857,0.5909566998344502,0.7346554865512482,0.030871411557143125,0.3445037102903471,0.8330879358496189,0.7406144478711364,0.006081560283687943,0.3375823243281075,88.565979356381,0.05793850912931945,0.3157668196254556,0.341664911089403,0.16798321908542238,0.17032627571466738,0.1356516290726817,0.12092453260373917,0.19722523986455265,0.20416578341133088,0.18153625372442966,30.785854944376535,2864,2026-10-03,2.6315789473684212,0.95,2.6666666666666665,3.7529255319148933
596115,Trevor,Story,BOS,76.0,193,0.22510964973889305,0.21166135220109866,0.23040535239626286,0.5715543623810632,0.6067667029977653,0.5970377940971633,0.17739825806946571,0.2764970529876423,0.5014082897731346,0.6844555519108928,0.602504667574458,0.5778119305445574,0.7944597894198052,0.005466873477294687,0.35971805766189907,1.125198265179678,0.09402926598148553,0.09910442717134169,0.17924229171222392,87.88088299106624,0.05009600881772828,0.29840750029005686,0.3213045057431257,0.19775358184486003,0.18577981651376146,0.12247536945812808,0.12644709887097022,0.2643668391229367,0.3300740354587902,0.3868111033519553,50.12223920083427,1012,2026-09-30,5.944444444444445,0.9,7.333333333333333,3.56389116202946
686611,Dylan,Crews,WSH,142.0,300,0.2163587964623952,0.2163810893773189,0.2163482444826646,0.5943394440411667,0.5942765252781048,0.5942967397747427,0.16870740646783106,0.24363975233381463,0.49525707525614426,0.6441498856177723,0.6014966285842014,0.5221772310609085,0.7033701432337762,0.007199888809458654,0.3574674853530902,1.1371232688879749,0.19911559029206088,0.024151583710407237,0.21092503085150144,93.30878103956229,0.08038720538720538,0.3717341151094276,0.4064758417508417,0.24620241297753614,0.11170106604202022,0.05284615384615385,0.18472899291864808,0.15832442067736185,0.2305719208579757,0.29064268138937194,48.66685004670539,1627,2026-09-27,4.0,0.95,4.285714285714286,3.700239653963058
804606,Konnor,Griffin,PIT,90.0,247,0.2328487795414077,0.25830027874442246,0.223574953920876,0.6768762347948836,0.6158532444950704,0.632914464523006,0.20882818056817234,0.30120795007797235,0.5875318086996404,0.7420572815043819,0.6012311536822784,0.5745191237451232,0.7755471403312849,-0.03168331084072762,0.3805278936873684,1.8806647224056796,0.1017881606921564,0.04326652512022921,0.5009748242167917,83.739672705314,0.09219202898550725,0.39820515700483095,0.4226344444444445,0.35772609147609147,0.06868650217706822,0.2608695652173913,0.336646110056926,0.26281699240833467,0.20094456030587418,0.32958397127923555,52.233697352717044,1322,2026-09-27,1.4,1.0,1.7142857142857142,3.780719546411036
514888,José,Altuve,HOU,140.0,434,0.23214897848177837,0.242488724564056,0.22881357651975334,0.6446392860085142,0.6201455434617299,0.626230039709354,0.19904323964892928,0.2679385850394697,0.5625787840849084,0.6871200423779322,0.601100324440027,0.5443416026988938,0.7041647695942154,-0.025129715269326947,0.3764270800433837,1.4789871273712736,0.08966851262715526,0.0032012195121951218,0.4861379168139508,83.92389356737013,0.04706270292207792,0.281636065497003,0.2909288237153471,0.24948587453261323,0.1907872303671213,0.27183566433566436,0.2745697463768116,0.21070901133581948,0.20407114095521833,0.3832128000585504,59.79623225966528,2063,2026-09-30,3.65,1.0,3.5714285714285716,3.7254559270516716
806198,Cooper,Pratt,MIL,67.0,196,0.23928145043411764,0.21243553988643465,0.2484583688356215,0.5747818806885718,0.6404152651784706,0.6244428827077859,0.1989051863536217,0.3026715154535355,0.5480373755203005,0.7249787437314877,0.600907065288937,0.4941951930412878,0.7113508006027369,-0.023535817418848914,0.37523214008849953,0.9062270695750785,0.2562750150090054,0.004657794676806083,0.2844143986391835,80.20340646528884,0.010701415701415702,0.2996049439775911,0.2972044770610947,0.24632622914829266,0.19805023923444975,0.30817307692307694,0.21603133014846657,0.3520813869668932,0.2076632016837201,0.3242920640947876,52.32241971628782,1069,2026-10-04,7.75,0.8,7.0,3.5808919803600654
596019,Francisco,Lindor,NYM,153.0,316,0.20825553795439083,0.2047399719079117,0.20995769493259114,0.5812869784286745,0.5916312739837541,0.5882776362229634,0.16669571289724744,0.2390247569176513,0.4999203759804399,0.6458508824734347,0.6001368164142381,0.5193615482827891,0.7031873699389528,0.011859180191274743,0.3530470677705425,1.1858867563288018,0.8322776873101244,0.026483926521239955,0.3205859837082767,80.67695820433437,0.09628912968696252,0.28879120657034746,0.35885439456484347,0.22108276922004974,0.13644413691623164,0.11971153846153845,0.1091628787878788,0.2197770371195042,0.2663680116273242,0.2791856495505179,64.49192773030958,1974,2026-09-27,1.0,1.0,1.0,3.800184124386252
665052,Griffin,Conine,MIA,66.0,257,0.2379263729643326,0.23988203580088757,0.23742414048490604,0.6366596117956822,0.6323040225015412,0.6331970968787136,0.18946206694524703,0.2812293177272582,0.5394587169059191,0.7044348475665769,0.5997491647313933,0.46847525612254926,0.66576477039409,-0.033447932147320336,0.3797594299633516,2.163863089095287,0.16835225318197453,0.021637426900584792,0.5614583333333334,89.40488542300389,0.34622209317331265,0.45996821387091424,0.654930561086223,0.4408002823771018,0.18452205279554026,0.07371281846071762,0.3333245886455269,0.1386033655306482,0.3104694824499776,0.3370112743671807,44.42432718250286,1232,2026-09-27,4.117647058823529,0.85,4.5,3.691151800327332
543807,George,Springer,TOR,156.0,356,0.22956982046319224,0.20128826321211207,0.2419628624046768,0.5680837541773662,0.6446877065296047,0.6224998922742697,0.19058845141550823,0.26273195318186077,0.5460720151207348,0.67970968093549,0.599661547628177,0.5627429700102609,0.728959761446841,-0.02283834464609269,0.37328924879956205,1.0378485497007979,0.12742114777260638,0.0035888671874999994,0.24231943982712767,74.75910291780201,0.04470386769603391,0.3374192731986073,0.3614157905691795,0.17671033099820307,0.32101743862443377,0.09031828703703704,0.23759808195292065,0.12714603545280773,0.2473976363627175,0.2631489357795328,67.84411016154948,2034,2026-09-27,2.7857142857142856,0.7,3.25,3.735280278232406
670231,John,Rave,KC,37.0,122,0.20878934933664509,0.13366257269143705,0.23157369963068358,0.40002189921963516,0.6085396891206896,0.5656197951803313,0.1517763788801231,0.2771159887422835,0.443504330772889,0.6850692357954478,0.5993153828581494,0.413151082194979,0.6814715893131335,0.033695587677818106,0.3389846441006483,0.9111766247379456,0.22644077568134174,0.0,0.13163522012578616,62.90414903846154,0.07173076923076924,0.23827221153846156,0.2657542788461538,0.2591543578462183,0.3336289726533629,0.1787518740629685,0.267642089093702,0.12709297701829156,0.19601029392388292,0.31016698595830305,65.30326415355854,639,2026-09-26,6.6875,0.8,7.4,3.560490998363339
605137,Josh,Bell,MIN,207.0,417,0.2240626012121102,0.23422210509299735,0.21901939424965539,0.6296881987170573,0.6015732442135293,0.6110669273256513,0.20093251185424507,0.2670860534896734,0.5661270764539442,0.6854760897635157,0.5988763559054024,0.571185889199223,0.7202457811850163,-0.012190571420248819,0.3659535346510974,2.1143491058932233,0.5771193395389167,0.003926282051282051,0.9938716817071597,85.89652356546108,0.21501304532554535,0.38689138481888485,0.5053437912225412,0.3012539180838273,0.127495340167754,0.0954483695652174,0.19349943100822914,0.17429623824451412,0.1746481689356998,0.2586418122283681,51.23092466795387,2524,2026-09-27,4.055555555555555,0.9,3.6666666666666665,3.7225450081833062
686765,Nick,Sogard,BOS,75.0,202,0.21288871748887261,0.23723546134018914,0.20384908487080955,0.6310612439593202,0.5680248871478316,0.5858111431212611,0.17871062092533185,0.27649802012618646,0.5156385564326422,0.6962977040982312,0.5983910887265903,0.5373266459034898,0.7591099372723709,0.012579945605329157,0.35054416772049984,1.3661385951872675,0.22505648478277882,0.015973844411410774,0.2693683195299781,87.63048498047077,0.07189459348340016,0.31935480483605716,0.34573937789084186,0.23418829169955468,0.19926470588235295,0.11634369466850285,0.24950190511307768,0.16008526242690868,0.20063055291586046,0.26792322476779395,46.22485037685544,1153,2026-09-30,5.277777777777778,0.9,4.714285714285714,3.6820639466916063
641343,Jake,Bauers,MIL,164.0,415,0.21354183276243333,0.23572596659523143,0.20477509071766492,0.6326756792081147,0.5741273123403845,0.5913569229647617,0.1907927925222006,0.2584570932880798,0.545555740271803,0.6717547477439021,0.5981289002156429,0.5286181108850019,0.6849409418087682,0.006771977250881189,0.3537076659678196,1.0515196219535599,0.37048439199130045,0.08067429476108233,0.2704121090001919,88.72377234241023,0.1746815915043232,0.4072643048828616,0.4555392517848814,0.27765809540190345,0.14765980265980266,0.11892857142857144,0.20555751994315058,0.2749773784089481,0.300885941179568,0.24767975086984348,67.01899265673158,2445,2026-10-04,3.9285714285714284,0.7,3.5714285714285716,3.7254559270516716
673237,Yainer,Diaz,HOU,97.0,270,0.24768507899483466,0.2741935026145679,0.23816168236107862,0.6921233855096367,0.6321023085716524,0.6487271839560873,0.2243512094649256,0.3145352986838832,0.6069856694294049,0.7504943823690406,0.5978971250030007,0.5742551255842591,0.7596128726599239,-0.050830058953086565,0.3878721181986374,1.752300588110034,0.04085390286904953,0.015420139445423945,0.6035288023987609,91.1639922185188,0.07681797563783457,0.34873778665592964,0.3811836143193034,0.23172730323075452,0.3080819717916492,0.27535714285714286,0.17487706105939937,0.3382311222361285,0.20380389886012445,0.36413384109413777,58.175210018248194,1202,2026-09-30,4.944444444444445,0.9,4.857142857142857,3.6760053776011223
664761,Alec,Bohm,PHI,197.0,439,0.22200081976460986,0.2643021297743373,0.20301822734566613,0.678814301159335,0.5681475169957445,0.6050003703545173,0.19707232754417117,0.2621687153264796,0.5561053291863396,0.6753544168485214,0.5978504907669115,0.5474476194803585,0.6980802187147351,-0.007149879587605712,0.3616997683306114,1.3304969702286125,0.4574954323350157,0.00866745283018868,0.5251553710116791,92.30460503125302,0.09210554534561585,0.30222295055032183,0.32530189628832495,0.19106160169560427,0.2470501186653637,0.27069567044976883,0.1418148467347552,0.29272011218562355,0.12500255768328056,0.21183150541846194,37.47975188665853,2357,2026-10-01,4.7368421052631575,0.95,4.285714285714286,3.700239653963058
806146,George,Lombard,NYY,32.0,142,0.21956749922567276,0.25604204982563705,0.21134788218906111,0.6636638536958451,0.583017835981336,0.5988059975710158,0.17360570195639694,0.2978336315750828,0.5046511660875411,0.7281857432827095,0.5963622635001555,0.4983581419637687,0.7678091739578413,-0.002443734070860293,0.3571053001089196,1.4758826187594059,0.06774002704530087,0.014583333333333334,0.5234799286789243,88.76459235143066,0.23947289985326486,0.4066083799523111,0.4984271310986794,0.2871212121212121,0.20413265306122452,0.06104166666666667,0.2755224164133739,0.15714004720692368,0.2651321171025724,0.29723674447327353,61.9148640168041,698,2026-10-03,5.555555555555555,0.9,4.666666666666667,3.6840834697217675
700250,Ben,Rice,NYY,226.0,447,0.2358848381532539,0.22922526319225583,0.23925187157872493,0.6263160183180858,0.6443644877255723,0.6383768238067717,0.20149321366712858,0.2651470234291712,0.5728869547154187,0.688009439048207,0.595974358551091,0.5631934675134576,0.712079295414451,-0.0424024652556807,0.38045621808212365,2.1942728350430754,0.44486471129851607,0.013872243293970438,0.8065620086588159,95.02548268617312,0.2217213945045003,0.4568254107488262,0.6098056560272279,0.31450921268840343,0.22478315193368958,0.16719268668809953,0.2930168337097685,0.15608617873531927,0.2756227900922062,0.24692189382891472,61.932204710465946,2756,2026-10-03,1.4210526315789473,0.95,1.7142857142857142,3.780719546411036
543510,James,McCann,AZ,59.0,104,0.23947522460679527,0.21180397900562992,0.2551733350920718,0.5683514564962384,0.6465165806955764,0.6195099381966195,0.20766680246537078,0.34280464192182364,0.5603005851070321,0.7727616222827929,0.5950106786918826,0.4836276351921526,0.747847332391318,-0.02449925950473686,0.36861502878273683,1.3725034083162917,0.02254601226993865,0.003757668711656442,0.4798483299250171,83.75304385964913,0.26978070175438595,0.3382042105263158,0.46042745614035097,0.3169090909090909,0.3188696509009009,0.075,0.08798701298701299,0.3017905060056223,0.26322871572871576,0.3672757430900788,53.26742471650169,612,2026-09-27,7.666666666666667,0.3,8.0,3.5298895253682487
682928,CJ,Abrams,WSH,204.0,440,0.21473560835617045,0.22311418695861976,0.21085099464048945,0.6076884892918502,0.5842419811249129,0.5917768463388197,0.20338436677099547,0.26870869651864987,0.5694746826390347,0.6864704178036429,0.5947241794138176,0.5794167588091389,0.7285885715004751,0.0029473330749979487,0.35194399933495135,1.5043529991723061,0.2217686854885827,0.011413043478260868,0.6058324064888747,92.21504665264243,0.2981076859314159,0.4086611829640362,0.6225367646853951,0.12215196318018899,0.25735990082695304,0.18796212704238693,0.23132963104649448,0.1262943438646314,0.3144756387403447,0.4315842422431396,49.31779296677906,2542,2026-09-27,4.052631578947368,0.95,4.142857142857143,3.706298223053542
691718,Pete,Crow-Armstrong,CHC,232.0,490,0.22114901449737134,0.21361176643382795,0.22471767072337556,0.5987625980637981,0.6198743189354232,0.6131820362692724,0.21254116314078922,0.27495022291973636,0.5966827801343206,0.7053055077705659,0.5946017252861704,0.6019119505159681,0.743652252795454,-0.018580310983101977,0.36459909668019647,1.1557142985711855,0.36304673966640244,0.021634862008823225,0.2570709081896875,88.0623012472856,0.08589101761817657,0.31425039525903103,0.36628683370238435,0.19483170189429913,0.13938950336152678,0.285512433303131,0.25820928385159864,0.17543906810035842,0.21165697528513405,0.3433666820950598,58.56627248771402,2956,2026-09-30,1.0,1.0,1.0,3.800184124386252
681393,Connor,Norby,COL,135.0,245,0.23296504269246662,0.2514433307153334,0.2227831288839482,0.6629277872599326,0.6118549115564273,0.6306063728786176,0.17253617654521863,0.2543105203282169,0.5089184574597346,0.6677501938361109,0.5945658146102265,0.4904608112857476,0.6764508773805589,-0.03604055826839114,0.37493699178897555,1.001974944535594,0.29087519599443945,0.2324957416672055,0.22509309230731928,86.98154298642534,0.06161764705882353,0.45184180995475115,0.4687992194570136,0.28945868945868947,0.4658626373626374,0.1642948717948718,0.4075749335267102,0.21443526734175547,0.20395918121829232,0.27860372398175187,57.89960191065917,1474,2026-09-27,2.642857142857143,0.7,2.6,3.754926350245499
643446,Jeff,McNeil,ATH,109.0,404,0.23675862862820657,0.22444621539662263,0.2400805420991042,0.6099355434983935,0.6382754469681646,0.6323840207543744,0.21034648250108542,0.2846630691793502,0.5830174196331658,0.7108483649100782,0.594565308024704,0.49472826214174015,0.6540797932947402,-0.03781871272967041,0.3759936000897254,0.8703885569398537,0.20549349168008585,0.005969785575048732,0.37305041740825495,82.26987285237756,0.0029236276849642006,0.26755644042484894,0.2585570984940474,0.2896256859136498,0.09945921028962043,0.13191773504273505,0.23083189531205062,0.17675453418947845,0.11145335569217538,0.4067297412388424,49.18423841566796,1800,2026-09-27,2.823529411764706,0.85,4.2,3.7038747954173488
685133,Wade,Meckler,LAA,55.0,280,0.2560686656647056,0.22174529497223233,0.26281075633644146,0.604520114111649,0.6763984992638545,0.6653115208544493,0.2240101988095904,0.3185487296655055,0.6087621595278612,0.7580816218802624,0.5936520186439656,0.5375052079060171,0.7282308135452579,-0.07165950221048378,0.39496352738233065,1.0529212543838185,0.19042675964440095,0.05828766006035396,0.09645501998205692,81.74038284662078,0.029032034199422605,0.3335036949903768,0.33898850187837737,0.2887656576507811,0.3515034765462848,0.29076540220608016,0.16687063959560514,0.3162133662082405,0.16130998135836563,0.18935864649116713,51.388964851438516,1213,2026-09-27,4.235294117647059,0.85,4.285714285714286,3.700239653963058
677587,Brayan,Rocchio,CLE,196.0,390,0.2293751101720296,0.20945011060451318,0.2393886996982686,0.5592044608471567,0.6147006356714622,0.5967293891295515,0.1981049266736426,0.26615789297996745,0.5367599519375068,0.6599332922380114,0.5930828858859034,0.5315780604294157,0.6838279568111089,-0.003646503243648125,0.35390998819788666,1.49052957158254,0.36141688746182865,0.02751173208191126,0.5179702936949884,74.03982337164751,0.00811111111111111,0.25890927394636015,0.27202664463601534,0.2920161603573568,0.09846388888888889,0.17764930399640771,0.1661954365079365,0.26129209339278936,0.2120272475044302,0.31611436382971003,57.58478933339857,2270,2026-10-03,9.0,0.9,9.0,3.4854541734860884
702222,Justin,Crawford,PHI,67.0,395,0.22819739731872418,0.21827553732744048,0.22988034572230903,0.5792002718023581,0.6007515128582226,0.5976762377450429,0.20760452138135538,0.28578535293887297,0.5586600573346329,0.6936649423728848,0.5924266670242455,0.5247134161410938,0.6808003745790678,-0.0052495707207973474,0.3540793414868863,0.9637774806892453,0.0680666963755199,0.003977272727272727,0.2986705288175876,84.15549229591836,0.030666836734693878,0.284101405952381,0.2854575261904762,0.23991768366768368,0.09573170731707317,0.26635416666666667,0.23539721385542173,0.2053097546586639,0.12844924132098434,0.3474259396697853,60.851691871025984,1706,2026-10-01,8.5,0.8,8.333333333333334,3.5150777414075285
650490,Yandy,Díaz,TB,196.0,482,0.24379734529435532,0.1990392766326381,0.26199772176260544,0.5697658407509183,0.6847936371312914,0.6542176628254133,0.23504434237079697,0.30150481299069964,0.6387595567379598,0.7442637486467534,0.592283914466639,0.613669610694352,0.7577699393956614,-0.0619337483587743,0.38748259825145154,1.138168325958702,0.15750368731563424,0.009033923303834807,0.4315150258112095,82.22619786306922,0.03554572935425779,0.3276720727585542,0.32851445462438905,0.27096991419572064,0.5340275513959725,0.14513917004048582,0.20081654456654457,0.3162910326131775,0.10469641376185869,0.27664187093894244,54.84243526837517,2590,2026-10-03,1.0,0.85,1.0,3.800184124386252
671218,Heliot,Ramos,NYY,116.0,325,0.2116845545769476,0.23726955937451116,0.20255267594150955,0.6365511921862084,0.5707807257419695,0.588861814871059,0.18802233245064973,0.2657156337807127,0.5408193634657378,0.6846734740023949,0.5921367319563365,0.563422968206455,0.7361282386447988,0.0032749170852774956,0.34868671063162615,1.2171386483886484,0.15656565656565657,0.006944444444444444,0.26788194444444446,76.76316395656548,0.12265841425363777,0.30269741948065204,0.35736082500437405,0.19389716569767443,0.22525980326177175,0.5742838196286473,0.247400426742532,0.12133017175216247,0.2963775495765025,0.3455067392235407,58.42138879937316,1756,2026-09-29,3.25,0.6,3.2,3.7368085106382978
696285,Jacob,Young,WSH,166.0,297,0.23767278350788168,0.23013390690955693,0.2418864317076187,0.6059218863337419,0.6269260296630095,0.6194904113784325,0.19299423515788267,0.26935000343210763,0.5339472180403315,0.6728563478072209,0.5916641726310965,0.5218241149108931,0.6873786257549217,-0.02782623874733603,0.3665302817011179,1.3361563084522619,0.10079998863248835,0.024230561555075594,0.26080010489113026,75.38531420068027,0.06315870991253644,0.2735396576368643,0.3015640041909622,0.277381952220978,0.3281565656565657,0.19065876350540217,0.2959479034976823,0.16546663985436688,0.14554801528902886,0.287464736457707,50.244433117807695,1741,2026-09-27,8.0,0.7,7.4,3.560490998363339
681715,Heriberto,Hernandez,MIA,162.0,341,0.21291083882065537,0.19434567383327758,0.2217306532721369,0.5558650326778369,0.6099614502324905,0.593099369151714,0.16995966830249598,0.24011226879652187,0.5032314826551447,0.6434498317043641,0.5915252316322238,0.4986655842030211,0.6657079977486905,-0.001574137519490204,0.3508332417183935,1.640952542542019,0.2907641625878259,0.013456432457884273,0.3620538465115738,87.95183361433746,0.1246455779764135,0.3382311093418259,0.46429446225624005,0.1853281068524971,0.13151692183722805,0.33653846153846156,0.23291980474198049,0.13701388116167798,0.3028961669204305,0.27939356726955933,64.0894919019114,2012,2026-09-27,2.25,1.0,2.5714285714285716,3.7557838438157587
680777,Ryan,Jeffers,MIN,137.0,228,0.2131310531915731,0.2172327680562502,0.2106664262772715,0.5950681696047444,0.5823877893167324,0.5871807119710657,0.1823082811740796,0.2673197496631888,0.5242761305835002,0.6827666345263039,0.5914904089899587,0.5642231776063374,0.7554649472055536,0.004309697018893055,0.3473117594747808,1.3764193648816936,0.4519497198007471,0.023253424657534248,0.47799424034869237,84.68353786375661,0.03111111111111111,0.4362168865740741,0.44210701388888884,0.21464139243635724,0.45885989010989015,0.22332656576842624,0.26653289473684216,0.10867467043314501,0.19255234138189578,0.2781044103805298,42.7164944545108,1533,2026-09-27,3.8461538461538463,0.65,4.5,3.691151800327332
681082,Bryson,Stott,PHI,149.0,465,0.22868667235429754,0.21274666877827747,0.23379432941414052,0.5822667775246047,0.6216002679678313,0.6123136162051344,0.1950431683231589,0.26112799791527946,0.54695276439864,0.6685788822657845,0.5912522775002788,0.5618766264044965,0.7099943782232365,-0.021061338704855603,0.3620318201257173,1.3470452993208326,0.3780183384209198,0.014562975027144407,0.24622711941808278,88.08699696383415,0.025881391259680735,0.33506562487793246,0.3434743104354354,0.25008957950243077,0.1890841845720324,0.2490719696969697,0.2854287097863282,0.18341711580983971,0.18159034290746545,0.3173837388555045,49.91154034969523,2577,2026-10-01,5.842105263157895,0.95,5.428571428571429,3.649219663315408
666176,Jo,Adell,CLE,188.0,470,0.20668595677313478,0.25076088114614825,0.1890559870239294,0.6580214230875397,0.5410723073852937,0.5770729820173823,0.19036787832808733,0.2536077217261571,0.5438256290276926,0.6628260469228113,0.5904542553576901,0.5163168856257643,0.6667869527795784,0.013381273340307809,0.3407351978841152,1.0369787275477367,0.39871557037360505,0.035646084914701934,0.2886938720435361,75.40082895002627,0.08000515089080112,0.2678642452430009,0.33263413576132184,0.16432527783727185,0.21597222222222223,0.3274211711711712,0.135088970352067,0.21899875621890547,0.28576653079710146,0.31603931040126365,58.097420257305956,2597,2026-10-03,3.7,1.0,3.857142857142857,3.7167231704465746
668904,Royce,Lewis,MIN,145.0,358,0.21009313679431857,0.23582131088018496,0.19967250762546207,0.6203729523718351,0.551622180277728,0.5722929378219919,0.17550435987160237,0.24640559855653218,0.5009151661856246,0.6389698113300477,0.5903556237890175,0.5528385550024603,0.7188131347592083,0.01806268596702565,0.3378563542979514,1.0502987224218179,0.0685803163176057,0.0036530815109343936,0.3093403204656754,76.09504604066433,0.06854023762625913,0.32181513168314246,0.3603593013520433,0.14233899921834633,0.23052143545279385,0.2764217374665136,0.22625938086303943,0.12921383091616556,0.29586679552655226,0.37182467898154187,51.58151442669363,2000,2026-09-27,6.166666666666667,0.9,6.5,3.6012377250409164
607043,Brandon,Nimmo,TEX,201.0,448,0.214819906836488,0.2514408362801621,0.19838953447448238,0.6622392630861103,0.5634217547846571,0.5960264796594903,0.2061639827008197,0.2715039941216248,0.5790808269953138,0.6949383758158623,0.5903394700221946,0.534375426382658,0.6859700694334515,-0.005687009637295737,0.3518579561213778,0.9646844973673697,0.14217214518061974,0.006606317411402157,0.14243285516479093,84.55093003941442,0.01537162162162162,0.2650186570945946,0.2714467124155406,0.19962964890604656,0.13193026097582264,0.3480248917748918,0.14028332749152939,0.22956920219919585,0.2901136126745883,0.28816238573749203,58.45771385245537,2568,2026-09-27,3.789473684210526,0.95,2.8333333333333335,3.7479234860883794
800050,Chase,DeLauter,CLE,181.0,378,0.22203550163720126,0.22057355990407188,0.22273553193798545,0.6065198494227406,0.6105894883177752,0.6092751632560425,0.21970172813600614,0.2917059770174136,0.6048699508375392,0.724981957990073,0.589735326679981,0.5653217462985639,0.7248667089181825,-0.01953983657606151,0.3593110874408009,1.0352102820894553,0.3474596352112558,0.030533886001864845,0.31744273589235605,91.48207362681285,0.0537584218339614,0.2679562835445929,0.29220245803357314,0.2052340074467101,0.17465590095878225,0.07874331550802138,0.17415315835266193,0.1820383059365432,0.09934711491337997,0.16073507383960292,35.150196135447494,2172,2026-10-03,2.7857142857142856,0.7,3.0,3.7429214402618656
680700,Richie,Palacios,TB,64.0,334,0.23421310402794188,0.1888874053199191,0.24289826785223365,0.5281403975802399,0.6314937816461279,0.6161009410198015,0.16919598213099563,0.2484848099736009,0.48573474155154417,0.6411564440456902,0.5891202234622424,0.4402213212698429,0.6167626975394547,-0.026980717557559153,0.36295752404888326,1.384758718173667,0.26936847803415886,0.015829145728643218,0.6124337724136301,83.15271130952381,0.029955357142857148,0.2641779910714286,0.27369653273809524,0.23746048680259205,0.21245513538346686,0.3546212121212121,0.2767467948717949,0.23247359680549334,0.11946394787175939,0.3334306244198987,54.69588509161005,1540,2026-10-03,7.285714285714286,0.7,6.833333333333333,3.5876738952536824
696100,Hunter,Goodman,COL,184.0,381,0.21869559443307018,0.20177031403024903,0.22686948313154548,0.5693745710426699,0.6178560400886459,0.6025315238460394,0.19228319607304317,0.26099153420987903,0.5499268482946316,0.677196228595045,0.5876434285215361,0.5253815990781174,0.6861221477771928,-0.014888095324503303,0.3540736904651922,1.3572014321747679,0.1311570274281317,0.01866624525916561,0.4658393441922107,88.63164513331466,0.08335034710748411,0.26704709122324893,0.32485579878989923,0.20018828247261347,0.3131005612081945,0.04361814345991561,0.21803725685634892,0.2039557787697443,0.2686375974347461,0.4313989764056556,53.83878645522082,2177,2026-09-27,3.4,0.75,3.142857142857143,3.738555061959317
643376,Danny,Jansen,TEX,63.0,159,0.23489826155362384,0.1914853009188608,0.2520996233145677,0.5271378592171645,0.6406784953068563,0.6107041964533584,0.13520030886690326,0.23604002609417973,0.4005965616792525,0.6127473386204045,0.5874533080592981,0.40379629614730184,0.6397820947147201,-0.02325088839406031,0.35876020045222085,2.2764189189189192,0.18424268018018017,0.15713541666666664,0.7497508445945946,89.51930934565729,0.040966109154929584,0.2309695572916667,0.28141622029049296,0.2212097198169223,0.30003246753246754,0.4132211538461539,0.11488813845504434,0.33853370893812074,0.21097914465127016,0.14805253623188408,67.51531398079787,887,2026-09-27,8.5,0.8,8.142857142857142,3.5235416179565116
672960,Kazuma,Okamoto,TOR,168.0,465,0.21529181697407337,0.2170536228752688,0.21465529355170598,0.5956262064693323,0.5910237979068893,0.5922489970370304,0.17868746057430251,0.2418904636655611,0.5173183490420658,0.6410950664787252,0.5874259750561805,0.5474476194803585,0.6980802187147351,-0.004823021980849829,0.34790244456052255,0.9382116185552205,0.4203380367657619,0.005805687203791469,0.3878362415625449,70.16090401478773,0.07238546327621957,0.24394187654152572,0.29343653829258975,0.1325727486285373,0.3932162473423104,0.12951680672268906,0.1936266233766234,0.1542976017318946,0.2790356699912762,0.22954463385959023,66.39150321621872,2679,2026-09-27,5.1,1.0,4.285714285714286,3.700239653963058
665742,Juan,Soto,NYM,164.0,300,0.2204167610673432,0.23472372708453726,0.2125956196446105,0.6355365747864536,0.5941539908597651,0.6091551851899129,0.20063039901268526,0.27782539963530084,0.570391120683533,0.707135704934919,0.5870235169302083,0.5746946734715812,0.7474886249639545,-0.022131668259704584,0.35758841916645495,0.942900317082838,0.22557130648038048,0.02876257183908046,0.329773892687277,92.03859250958828,0.10257918996349524,0.27654418719098006,0.33299389134051116,0.24647579457800617,0.21869509043927648,0.15862268518518519,0.1483338208766028,0.2276107852720756,0.18891940392793755,0.22113052029322366,53.69059544872077,1929,2026-09-27,2.0,1.0,2.0,3.7729337152209492
683002,Gunnar,Henderson,BAL,224.0,473,0.19060035927119148,0.1434043336143534,0.21295111983595205,0.4388612409517041,0.5909257807129317,0.545852418165681,0.17279342482336793,0.23220752831418498,0.5074220604056646,0.627054042286928,0.5865601622429056,0.5077856659952211,0.6600815008283498,0.04070774407722466,0.3201752829599442,1.0994688845050216,0.2670636208751793,0.07009697812051649,0.1884080882352941,67.61552361408519,0.11722935998096598,0.29992168510587675,0.35081487925291455,0.3101534523100663,0.16016218661152753,0.08992170158627037,0.13620286819207217,0.20999038488085536,0.25262469656879594,0.23691379707198149,62.188003446113406,2794,2026-09-25,3.7777777777777777,0.9,3.3333333333333335,3.732733224222586
702176,Alan,Roden,MIN,18.0,73,0.21911038522876422,0.1727480268962573,0.23054219961212208,0.49912794137669947,0.6153581490558853,0.5941111886881669,0.1747271725435677,0.3507967854432411,0.5034828652088075,0.792993512354901,0.5865003103856746,0.37772167637354503,0.7083826401947998,-0.007610878302492297,0.348446396569212,1.4907051282051285,0.5243589743589744,0.0,0.4756410256410256,67.60172174840085,0.007835820895522387,0.3473445095948827,0.3519532515991471,0.33089285714285716,0.2777714932126697,0.2625,0.28983516483516486,0.2288690476190476,0.09500785742347942,0.1507636291510824,52.147881530234464,340,2026-09-26,5.5,0.2,5.5,3.645765139116203
683953,Travis,Bazzana,CLE,167.0,348,0.2327703516018909,0.20250506466406373,0.24729421056343442,0.5607198529610762,0.6439727301740287,0.6183567937936398,0.18219605579682016,0.25308423065912866,0.5186679642698251,0.6538283642878238,0.5852054490677097,0.496350081363642,0.666640932493359,-0.033151344725930176,0.36186576519607616,1.3319574209873994,0.2122613096467672,0.022163292708118155,0.2607635819045652,85.10269614868493,0.06589975845410628,0.2727622351046699,0.30958887922705314,0.24492054919412365,0.18497773210003426,0.535708362947169,0.24262507736744376,0.2469514675052411,0.16525301634579065,0.3568858447671878,58.117320576248176,2100,2026-10-03,4.947368421052632,0.95,5.714285714285714,3.635401566518588
672580,Maikel,García,KC,82.0,260,0.21721213961013297,0.25364202599618496,0.20572271390376273,0.6660444723011968,0.5783004111648453,0.60071797693992,0.2002751199454088,0.29082117429255466,0.567354965094973,0.724263217811902,0.5845713893823843,0.5633838807286914,0.7627988331332257,-0.01614658755753573,0.3511625424067441,0.7300017721070352,1.1029992911571862,0.0,0.3359084263689527,91.87834163379355,0.00673076923076923,0.2692150558842866,0.25856949950690333,0.1986190476190476,0.3622994987468672,0.03409090909090909,0.3350267379679145,0.05797912713472486,0.08496209319526626,0.16609015554219003,69.44009583384259,1316,2026-09-27,3.25,0.4,2.8,3.7489238952536823
702284,Cole,Young,SEA,215.0,419,0.22096202882366117,0.21294086818947722,0.22507789883881524,0.5769374680894224,0.5999101548679389,0.5922233069097981,0.193240381659044,0.25803391987802526,0.5376438106538268,0.6577429867411722,0.5845270536891432,0.545242696735383,0.6942540523261884,-0.007696253220654925,0.3461705447140254,0.8288872780973588,1.012536256191387,0.03846940408048684,0.2309318305094423,70.89914893715002,0.039876215738284704,0.2608461365771441,0.2758258742723991,0.3252199792960663,0.1175662878787879,0.12659198113207548,0.23269430637761693,0.13605580843063525,0.16627470644180156,0.2903965288698649,49.82795249407951,2425,2026-09-27,7.176470588235294,0.85,6.714285714285714,3.5925181201776946
680869,Zack,Gelof,ATH,114.0,318,0.2207960445381253,0.22982615544214263,0.21755883496876058,0.618297087933709,0.5953898411080102,0.601529512492905,0.19633823368800493,0.27594693940604353,0.5534205564924911,0.6960402830243225,0.5844897654281386,0.5793596907035755,0.7544504232525581,-0.01703974706476641,0.3515878436550806,1.47857191616132,0.17536515388628066,0.10550486803925405,0.4646804292188315,84.98273768537612,0.13720193652373844,0.275200364332725,0.35407219624783715,0.20494341888595874,0.20998920626751302,0.5258571428571428,0.23766229797358274,0.14348439417778036,0.29839239994472466,0.29566423128476416,51.262194959255126,1696,2026-09-27,4.1,1.0,4.571428571428571,3.6881225157820903
805999,A. J.,Ewing,NYM,136.0,347,0.22821062782561474,0.20128486727761388,0.23876366365998974,0.5485345430092889,0.6191360841776613,0.6001225954160102,0.1925769264849426,0.2672061399837985,0.5308759852141159,0.6671465695726149,0.5844642745052677,0.5189378169992731,0.6910080302766743,-0.015658320910742485,0.3507502173440367,1.1005691140278917,0.38203054806828396,0.002536231884057971,0.4097657623344662,88.411316156146,0.1468870931347662,0.3665548636261071,0.412976831105094,0.1704346231432239,0.1785792733557332,0.2155594405594406,0.1811371105819377,0.1816208221376654,0.25397965187788596,0.28900605085819214,58.950387525209344,1932,2026-09-27,7.052631578947368,0.95,7.833333333333333,3.5383899345335514
660688,Keibert,Ruiz,WSH,98.0,252,0.23127310874292106,0.23559178150179078,0.22959362489224955,0.6126073585698466,0.6017702984331108,0.6048262946084948,0.22216363234406386,0.3143519570201958,0.5880471063426316,0.7360902188645344,0.5842378132891501,0.5464746477081653,0.7301334835235594,-0.020588481319344654,0.3533623917818463,0.8404205645161291,0.026249999999999992,0.03893750000000001,0.23852217741935483,68.58603546380563,0.04690093512565751,0.22973944163813975,0.24276506679468982,0.1703332769889565,0.40805340111099464,0.14966463414634146,0.24420975134922007,0.16113596682671322,0.11510024238451155,0.45931775283515586,54.76252469046565,1131,2026-09-26,7.636363636363637,0.55,8.0,3.5298895253682487
691720,Kyle,Karros,COL,160.0,310,0.20720857532245873,0.23559632820253384,0.1925568319004845,0.6249769925513526,0.5419606392515434,0.5715802414805079,0.1860921429505921,0.2609803005370024,0.5284303537092343,0.6684756321673047,0.5840267358640701,0.5149824068759288,0.6822241488810148,0.012446494383562157,0.333818142716258,0.9702284506273866,0.30493169212584104,0.02133081014729951,0.1846227723222404,92.3219353546964,0.06995897047911423,0.2712990944935526,0.3063747359931538,0.26618190022973415,0.06806668508796168,0.07120445344129554,0.2862714893668322,0.13279357220634272,0.3054630324871299,0.2701274695924882,61.48710682150258,1907,2026-09-27,5.5,0.8,5.4,3.65060147299509
694374,Tim,Tawa,AZ,89.0,251,0.22564239327068814,0.22303791062507283,0.22656589508526886,0.5883624672194823,0.594899109544796,0.5931952786788449,0.17977165398655048,0.267648093906385,0.5019282292223777,0.6656561119615441,0.58318291808096,0.43736420746636734,0.6320516863719663,-0.010012360597884906,0.3459413536117771,1.2348063905709343,0.22088365051903114,0.0,0.4477234537197233,84.65737011606527,0.1158024017467249,0.30548316593886465,0.37007960928522177,0.32825757575757575,0.14847282608695653,0.18687830687830687,0.10815873363984554,0.2670340842619824,0.25732625431436285,0.28589692817639056,50.286022214113956,1400,2026-09-27,7.705882352941177,0.85,8.285714285714286,3.5171937105447744
665828,Oswaldo,Cabrera,CIN,7.0,16,0.23267145781633766,0.21192255431513896,0.24174910309811212,0.5685806323066525,0.6235104467275967,0.60735788330238,0.06978653563062565,0.3713764764022614,0.22535963333111497,0.8057588718405602,0.5827781104781835,0.15821985525146964,0.7495416354723428,-0.024579772824196544,0.3539548796149901,1.7249999999999999,0.41793478260869565,0.0,0.0,83.8119230769231,0.0,0.337973076923077,0.3440557692307693,0.478125,0.19642857142857142,0.0,0.0,0.3730519480519481,0.26156921602260114,0.2688055830039526,42.231872053013895,95,2026-09-27,8.0,0.2,8.0,3.5298895253682487
641487,J. P.,Crawford,SEA,158.0,325,0.20692904394953665,0.21771294987654843,0.20168640660655862,0.6066567497447848,0.5751443675007255,0.5856501048031947,0.15604225924861287,0.22568664952359657,0.4751863802482278,0.6216766151801396,0.5824947232509385,0.48258470038933,0.6604630219181629,-0.0031553815522561424,0.34113809571922005,0.8736735751323853,0.21277325945518166,0.032033586381412474,0.20962628353932705,74.65281778611828,0.05150285401516928,0.24642290653426124,0.26961202087731645,0.22180352124160302,0.19570719602977668,0.11413043478260869,0.17976449275362322,0.1547514132732788,0.1792401739477763,0.24170506603192793,55.52233546378038,2077,2026-09-27,1.6842105263157894,0.95,1.0,3.800184124386252
665953,Andrés,Chaparro,WSH,146.0,82,0.24186351377971455,0.242281678767412,0.24111897611869226,0.6471739687094298,0.6451367355667059,0.6464422704073934,0.17837806885744534,0.2867736747920741,0.5218108351822661,0.7188878841805013,0.5820293033042813,0.37599641612884654,0.5886435129612428,-0.06441296710311217,0.376248344271653,3.186625797448166,0.24312765816055287,0.01343201754385965,0.6739895667198298,92.90349626436782,0.1986293103448276,0.3377887787356322,0.4628260071839081,0.4435169747493053,0.1401017501017501,0.07516447368421053,0.40447845004404814,0.15134613806123287,0.3426098841627103,0.3255997552167089,57.29793978885641,871,2026-09-27,2.9166666666666665,0.6,2.6,3.754926350245499
669003,Garrett,Mitchell,MIL,128.0,404,0.2250167728850041,0.21340438054583502,0.22869594669543392,0.5932901538116799,0.6221406016338462,0.6153408893746932,0.19738097924202677,0.2688790585134641,0.5613595121239796,0.69079819772514,0.5819355683505014,0.4670179631024688,0.6264141224510557,-0.0334053210241918,0.35808875018756514,0.9952788357956295,0.4452818174823022,0.016557017543859652,0.19989323638042475,91.81480075503354,0.0756861217641419,0.41840648669702785,0.44101838446788105,0.31580936483478855,0.15250257997936018,0.12236204808856599,0.2520042231501922,0.19712121212121214,0.24909100671652806,0.22485421151013937,41.25851645056988,2180,2026-10-04,4.411764705882353,0.85,2.8333333333333335,3.7479234860883794
691723,Coby,Mayo,BAL,163.0,290,0.2230481475114777,0.25526862062681266,0.20493801951906526,0.6660363125641666,0.5740259425690126,0.6090271003286789,0.17269788010322018,0.24723217466002334,0.5061206346949028,0.6524280537085063,0.5816293949909883,0.4800391171053817,0.6498891193513585,-0.027397705337690592,0.35422806389728545,0.9527121147085275,0.3405033827978089,0.006760485651214128,0.17507869348377073,70.02075782064651,0.13183263816475493,0.2821408802572124,0.39030520203336805,0.37713691198838295,0.13927428933407238,0.08929219600725953,0.14313689715988567,0.26372102575015965,0.20957001932118802,0.2694915030326041,54.48478622292957,1880,2026-09-25,3.6315789473684212,0.95,3.7142857142857144,3.721089548749123
665926,Andrés,Giménez,TOR,143.0,356,0.22368470455692846,0.22372121146270163,0.2236700402661263,0.5941093192389661,0.594014047635218,0.5940413515622165,0.1937771110848725,0.26728562499983327,0.5355549804008095,0.6695534227800144,0.5811336015746639,0.5061293117656545,0.6664732027598905,-0.01290774998755262,0.345217390117632,0.9002981840874731,0.11818011022044086,0.43469021376085504,0.27008303888478713,84.51012633957934,0.037645016836340764,0.3261595686983471,0.3305471017484534,0.1740062190062983,0.23610829959514168,0.07248858447488585,0.18175494501440717,0.1735602466793169,0.15665962864040195,0.42044649254740574,43.92971157099464,1878,2026-09-27,7.375,0.8,7.4,3.560490998363339
669134,Luis,Campusano,SD,56.0,203,0.21985072783132686,0.22723796211379094,0.21781287009823333,0.5974554340425032,0.5798557379361273,0.5837068931999871,0.18442757203194093,0.286736525809932,0.5130632751901989,0.6966188048569035,0.5806063143690442,0.4409312201066907,0.6618417767153216,-0.003100578830942946,0.33890390793264985,0.9775491400491401,0.5545082582582582,0.019667792792792793,0.3161298798798799,85.98351231356814,0.028338773289813678,0.2839198492962057,0.2951485086869305,0.22448412698412698,0.21183261183261184,0.17525641025641026,0.22697037753254007,0.22549146303258144,0.26059904738288864,0.3230767105381023,52.788236929649834,1045,2026-10-04,6.5,0.6,8.0,3.5298895253682487
669065,Kyle,Stowers,MIA,110.0,394,0.1917919784117999,0.1509557774067433,0.20319294823554668,0.46066478877493033,0.5755641639300934,0.5521928747577565,0.17884484523804559,0.25011079640366685,0.5245202337459007,0.662423389911697,0.580243830759827,0.5225718017226483,0.6937025053469227,0.028050956002070526,0.320406508967722,1.2778043371573167,0.31968021656000367,0.13000518422067903,0.35755016850490196,73.09367943205443,0.11347146097146098,0.25481244967869965,0.3312169606407106,0.11983075169734747,0.13933823529411765,0.14985272459499263,0.12514449011045467,0.1341427787898376,0.20703526010832865,0.23351850097657217,53.20894857974897,1941,2026-09-24,1.6666666666666667,0.75,2.0,3.7729337152209492
682674,Victor,Bericoto,SF,67.0,49,0.22001377736678018,0.23998822207883047,0.19270178153601752,0.6419696605768112,0.5512178826229475,0.6054610699997345,0.16518201488970738,0.3174678075497547,0.4912267662793567,0.7605934958427518,0.5794147949643919,0.39706297121992473,0.6985359900194876,-0.026046275035342625,0.35081310173281743,1.1989476204880019,0.5969448855616051,0.0,0.27648120840895346,85.59484732142857,0.09729017857142858,0.2825504806547619,0.3247085282738095,0.1564265536723164,0.3905881361644759,0.10912698412698413,0.21405613327674025,0.16807692307692307,0.31853970249993635,0.3923724071261718,62.007969258207886,449,2026-09-27,3.0,0.35,3.0,3.7429214402618656
800325,Luis,Lara,MIL,74.0,140,0.20669327649663294,0.21313488292966082,0.2032884273820325,0.5781945301267193,0.5588747780295216,0.5656262001180734,0.16937270306905042,0.27976796717052826,0.48741892884563154,0.6932925332628664,0.5793974099081978,0.5092752370481168,0.749450871700241,0.013771209790124361,0.3277223553246277,0.4791930748021627,0.48315809968847356,0.00286214953271028,0.24118662047480932,89.90728334312574,0.005912162162162162,0.4059942368222259,0.39185692042974657,0.19327543085283022,0.13434873949579834,0.11524305555555556,0.17866379310344827,0.17725181598062956,0.1105246997966077,0.22620671907520817,43.81433750381931,898,2026-10-03,6.5,0.7,6.5,3.6012377250409164
647304,Josh,Naylor,SEA,222.0,422,0.22210155064540077,0.22824047830338956,0.2188720673750844,0.610798521884408,0.5933125090794924,0.5994033235330221,0.21073773458483386,0.2767912040472196,0.5776736347958427,0.692818767194882,0.5793515149122661,0.5861761421546406,0.7346627435845406,-0.02005180862075595,0.3472652235323035,0.7140597878749577,0.19703640215986964,0.004755434782608696,0.3447362831423435,83.84174254289199,0.025222334310680175,0.24112277734031023,0.24584869867719492,0.16877554606862,0.2876578198630746,0.11792339280657038,0.15836183310533514,0.19078402366863906,0.1363231074141771,0.3270930668415195,50.529589458690374,2162,2026-09-27,5.8,1.0,5.571428571428571,3.642310614916998
701675,Nathan,Church,STL,104.0,359,0.2269663317471774,0.21047440103752157,0.23174393841515567,0.5657757435214784,0.6056799928908939,0.5969557439749205,0.19501184789581938,0.2716165003468404,0.535006050365816,0.6733020907328402,0.5793480363781873,0.502165638462881,0.6684050465560665,-0.017607707596733135,0.3458451380765501,0.7709567359611231,0.08458963282937365,0.01886069114470842,0.11248380129589633,83.39082982535857,0.013851373608274589,0.2718428713189275,0.27601836068746294,0.19735308732914753,0.1800680883864337,0.24449311639549437,0.1851875299732142,0.1773704003574706,0.19989469257442066,0.4194925931667794,44.01940533465385,1794,2026-09-27,8.31578947368421,0.95,8.0,3.5298895253682487
687952,Christian,Encarnacion-Strand,BAL,77.0,132,0.2138984277315544,0.1532752134885647,0.2492619693732984,0.4577430881190666,0.6516682949334907,0.5874033379038759,0.20376471790679676,0.3217036726989719,0.5674982186321709,0.7601782840645122,0.5792961212441076,0.44118104569962746,0.6881820086745516,-0.008107216659768324,0.34028047525355715,1.260704044928569,0.14163708049136378,0.05236556847874037,0.38724024610607755,65.44525021258505,0.06590136054421769,0.23562478528911565,0.2702125361394558,0.3477201257861635,0.27515625,0.19166666666666668,0.11288528544626106,0.3722033898305085,0.19333505331957346,0.4366339398306612,48.30732129874903,796,2026-09-25,5.352941176470588,0.85,4.8,3.6784288052373157
553993,Eugenio,Suárez,CIN,128.0,366,0.21901696958283925,0.1852935866031602,0.23081093958666143,0.5276762800378403,0.6173075455969834,0.5953879475672419,0.15437373345281297,0.2229380703203404,0.45868106787945395,0.602774076454003,0.5789940678393549,0.44880835644487477,0.6210449352081258,-0.016393879727886973,0.34472608970448193,1.328583554090188,0.18212120019220218,0.14460600296629988,0.5484601767748192,69.36489764150944,0.16562358490566043,0.2986468849056604,0.4278818882075472,0.19752810846560845,0.36453407703407703,0.1603708791208791,0.10880226684650958,0.25724697773846383,0.3207624427367112,0.29481165861522374,62.5438584567407,2039,2026-09-26,5.1875,0.8,5.2,3.6602741407528643
683011,Anthony,Volpe,NYY,101.0,147,0.2250454626639412,0.24602535899546762,0.21063070395996725,0.6362292874004252,0.5712821181403605,0.5986621465977484,0.17453398051356442,0.2775022304970574,0.49683684251413984,0.6877454372249072,0.5788443500962276,0.4337876750268811,0.6623114437075629,-0.019817796501520824,0.3465322011745862,1.0425484136247878,0.15188857350028298,0.0,0.3207110834040748,88.8032901047435,0.040679143280836445,0.2607978426376088,0.3006290301841458,0.25438463470823225,0.21687095675859722,0.32280555555555557,0.25017606020654803,0.1607082947428416,0.24072364346529884,0.2829431999762393,56.026511438021096,990,2026-09-29,7.571428571428571,0.7,7.0,3.5808919803600654
807727,Charles,McAdoo,TOR,58.0,46,0.23518094858967797,0.2404131955385172,0.2285837676541851,0.6397029197749808,0.6184286913522619,0.6304030829461287,0.16845379493398854,0.3308111390670923,0.4958152789445016,0.7749004931208112,0.5787864077802366,0.3945389925620306,0.7111651775375785,-0.05161667516589208,0.3648687358319764,2.177612415158371,0.19789133201357467,0.0,0.6259915865384615,89.87199305555555,0.1213888888888889,0.37580819444444447,0.48670243055555557,0.3906476030277544,0.149890350877193,0.17544856459330144,0.3670888704318937,0.15892857142857142,0.18195914334113095,0.2521489643280763,65.57378331112622,397,2026-09-27,3.8,0.25,4.0,3.712356792144026
621566,Matt,Olson,ATL,292.0,416,0.20700521236202718,0.21047619206081036,0.20456885161191976,0.5862458092606652,0.5745668476708661,0.5794124466256654,0.19670814483078164,0.2582266651719982,0.5586540043164636,0.6722307195360282,0.5787670441288509,0.6086122182466672,0.7484439695257766,-0.0006454024968144401,0.33534482906500196,1.2374030697964074,0.25538826093435973,0.0025953389830508473,0.3711309633825706,90.7069723972318,0.08871293085829862,0.2984909197516508,0.3713205265439015,0.12451899830000657,0.2775200096785945,0.27698613868406124,0.19653933836394397,0.1627916492267405,0.2278836145436653,0.29948573471303325,60.85894972323006,3018,2026-10-04,3.1,1.0,3.2857142857142856,3.7341886836567686
686668,Brenton,Doyle,CWS,100.0,127,0.2302338058935456,0.2512564331732501,0.21368055606700664,0.6542125905747802,0.5861395381567107,0.6172255277746842,0.1712561551712671,0.2785827054527808,0.4981118998665809,0.6983160680323308,0.5785408448539167,0.4087421577281785,0.6293088885725093,-0.038684682920767544,0.3570901783041704,1.7414684287812041,0.03237885462555065,0.0,0.43376468428781206,89.43728491365631,0.06419422069609804,0.29681200680872455,0.3516611649800855,0.24924904000990958,0.3581595129008922,0.13282828282828282,0.303422619047619,0.21369565217391306,0.34153797941097336,0.36368759403424117,57.3000189878212,796,2026-10-03,6.583333333333333,0.6,5.0,3.6699468085106384
656775,Cedric,Mullins,TB,116.0,373,0.2086924188849389,0.2123791660810586,0.20754587015906786,0.571206235010702,0.5618000455592596,0.5640446414403957,0.15221007478267604,0.22081345140483863,0.44326786355518377,0.587271847855468,0.5783837228979237,0.4790094724543421,0.6452218836456789,0.014339081457528047,0.32623423959692055,1.0570530073983968,0.12927573278800272,0.008767893660531696,0.3431290657393696,86.08703703703702,0.03776803118908382,0.2809291666666667,0.2827956871345029,0.31966121495327104,0.06739575755255198,0.22410807583221376,0.10411111111111113,0.22856018565230551,0.218452922835801,0.3550648974191578,47.19973676779497,1968,2026-09-27,7.9,0.5,7.666666666666667,3.546890343698854
804668,Rafael,Flores,PIT,77.0,85,0.2321642949905789,0.23997664675695324,0.22508722339045154,0.6347071278925427,0.6077492833143411,0.6207367381236902,0.1814009536353176,0.312091200875818,0.5202930020098149,0.7466348284402471,0.5780915115719913,0.4117613449352105,0.6906106996500243,-0.04264522655169889,0.35884263923019144,1.5131532674501424,0.2583671322675953,0.0,0.5057182850585629,80.68206655595299,0.1224220746039857,0.27064282064384265,0.3565339690853347,0.2092749617206139,0.23398966408268734,0.2246345029239766,0.2186121323529412,0.19141768292682929,0.2963762719943162,0.2651564854678423,63.389020201365454,653,2026-09-27,5.333333333333333,0.75,5.0,3.6699468085106384
701350,Roman,Anthony,BOS,83.0,160,0.2250035921467197,0.2065512527894146,0.23457574318832172,0.5848995174200765,0.6379178927775632,0.6204067880310823,0.16708708752229978,0.2697984313687154,0.5008123398281144,0.6972686828519379,0.578025905776224,0.4763340280042271,0.7241958426988949,-0.042380882254858254,0.35861119560138416,1.205999116373439,0.22826187922097477,0.0025205761316872428,0.1743146069026828,70.5969245107632,0.0830885518590998,0.2802680853718199,0.30946391511741683,0.416355947181432,0.0835573476702509,0.08370445344129554,0.30611672722215466,0.10745283018867924,0.35251963139433207,0.2899090925270523,62.499051330902375,966,2026-09-29,1.0,0.9,1.0,3.800184124386252
621438,Tyrone,Taylor,CHC,116.0,120,0.2460953562014514,0.26893810892124276,0.22401402857231972,0.6874285927200838,0.6099697726898361,0.6496075234319366,0.21068429434753375,0.32234056069334815,0.5845123655094766,0.7641399615754247,0.5780155228697748,0.40776720835377317,0.6144942289186515,-0.07159200056216186,0.3754832323166503,1.248510717846461,0.06416375872382851,0.005190677966101695,0.17717223330009968,62.51502693535515,0.024860335195530724,0.19330009976057463,0.2091204708699122,0.1409387104123946,0.5752631578947369,0.46482494249936107,0.16036571827322613,0.3648436203749793,0.16923137626262627,0.42629617313458396,56.48972399448845,899,2026-09-30,5.5,0.3,4.0,3.712356792144026
689414,Liam,Hicks,TB,118.0,429,0.23770727770077382,0.1949725684651889,0.24946181310823073,0.5544502504028925,0.6568889134955327,0.6364262563589089,0.21597288381311935,0.2884217189742773,0.596257551058863,0.7187195836287726,0.577729285668034,0.54069935326447,0.6976529505132932,-0.05869697069087487,0.36768208646661354,1.7390692014160938,0.33655108310844145,0.027722642987725254,0.23754456124314444,86.38504488966909,0.07062090559529084,0.3161760261445032,0.3282334736960417,0.22444813014129228,0.20463217338217338,0.3613957688338494,0.24533375437232802,0.2456947276830628,0.11144693394810465,0.23241481558839755,55.14257735539074,2065,2026-10-03,3.769230769230769,0.65,3.5,3.727639116202946
663993,Nathaniel,Lowe,CLE,48.0,375,0.22852190038445985,0.2058975510166718,0.23141781710353676,0.5693084886247852,0.617763349581691,0.6124746816180504,0.19179490441902802,0.27170613263417576,0.5406962531305763,0.6860268497399981,0.5775602323590117,0.47694474085813976,0.6501993668941208,-0.03491444925903875,0.3537410194293329,1.2373284767190873,0.46636634032274643,0.03358108918354062,0.3700262531263919,93.07331905182568,0.038321554770318025,0.30048266416372205,0.34046863295053004,0.24842229902713775,0.22158030922565808,0.1688351611831173,0.26492398221370184,0.23381432788390494,0.1860246852008478,0.18670207560859486,61.16125122073323,1785,2026-10-03,5.5,0.6,5.333333333333333,3.653825695581015
545341,Randal,Grichuk,CWS,180.0,100,0.261081343612753,0.2818703124600075,0.22366119968769488,0.7096796646563057,0.6115717932176091,0.6770230042606424,0.2293296738358644,0.3338067315532716,0.6220601799753407,0.7806702944618666,0.5774457564541864,0.42675041039461237,0.6071935006875336,-0.09957724780645605,0.39094406083217254,2.1261183951808955,0.06985641891891892,0.0021875,0.684601968039468,85.7876581553527,0.10917837203119461,0.336037338225031,0.40568206343052104,0.3347893735953438,0.29600220062351,0.1483405172413793,0.25404292406580237,0.3750928104153911,0.16179867202355394,0.39004009632222314,62.144690050943616,1030,2026-10-03,2.9,0.5,3.25,3.735280278232406
669257,Will,Smith,LAD,86.0,194,0.23157183344030763,0.19154171725468086,0.24931714267723495,0.5482125225578122,0.657543997206603,0.6263015073349013,0.17350216333869006,0.26984906288295085,0.5093767112858885,0.6912555093300216,0.5764333997448552,0.4807583890640794,0.6990943553744422,-0.04986810759004612,0.36102110713838453,1.203696327828839,0.3119733198179673,0.016098790322580644,0.28521918138902796,89.21213362068967,0.0767936312456017,0.3276534843420127,0.37261692733990154,0.2525152947719688,0.23845820845820848,0.16085972850678734,0.12977631889299474,0.381678976760944,0.12702665439132543,0.20262552139305295,53.09505742801524,1211,2026-10-04,3.142857142857143,0.7,3.2,3.7368085106382978
518692,Freddie,Freeman,LAD,220.0,435,0.2288170570958823,0.23935689682032188,0.2234865634421427,0.6393504507335027,0.6104932193738292,0.6203673407782389,0.22744034573913102,0.2944476657350706,0.6178348954626746,0.7274967764547218,0.5758547248101145,0.6003054861223337,0.7459517215886956,-0.04451261596812439,0.35724146430503523,1.2620067424162476,0.2012976043901924,0.030766085059978188,0.30948255179934575,90.72874062460805,0.0965544128099001,0.40510070463508785,0.4536351195005365,0.23650137636185203,0.27724331576279915,0.0960591133004926,0.2874305380411938,0.15981148696264974,0.24795458032837192,0.28735141512516627,57.37716041366971,2760,2026-10-04,3.0625,0.8,3.5,3.727639116202946
683734,Andrew,Vaughn,MIL,133.0,197,0.2333335482917505,0.24358265629265718,0.22641409974291504,0.639763155345517,0.6089461375100169,0.6215876684923471,0.22466668599897655,0.32002737166257045,0.6057057751992408,0.7560154584436418,0.5756495548828391,0.4897414310888926,0.6741311193420271,-0.04593811360950806,0.3578166646882814,0.8891329156954156,0.17305442242942243,0.011136363636363633,0.14927237114737113,88.71403197013957,0.008122362869198312,0.21968332724764691,0.22355427823758522,0.5223849258289703,0.11071428571428571,0.17459239130434784,0.3828511761389843,0.13123955008359933,0.12635304134573058,0.16976673540334325,60.48209215448942,1366,2026-10-04,4.375,0.4,,3.6573513366066557
677595,Ronny,Mauricio,NYM,16.0,46,0.2315486802011723,0.23472676410310112,0.2304432597135449,0.6064065868597017,0.5986742868355279,0.6006799953887081,0.12683989289511988,0.3263921489701932,0.3767167767588705,0.7476978501990263,0.5756394027659848,0.2992980081982123,0.7007019918017877,-0.02504059262272329,0.34577507379903044,3.0920967741935486,0.4184677419354839,0.23245967741935486,1.093225806451613,94.44564102564104,0.2865384615384616,0.4161301282051283,0.6292410256410257,0.4928571428571429,0.0075,0.04285714285714285,0.0225,0.4727272727272728,0.23231225296442687,0.3277920081967213,52.40693573667712,220,2026-09-27,9.0,0.15,9.0,3.4854541734860884
640902,Jhonny,Pereda,SEA,34.0,66,0.23027497536660324,0.23679889359960637,0.22691416900414707,0.6174081143604846,0.5994969325307006,0.6056528873490701,0.19269584149576344,0.36432116767945,0.5328236131723489,0.8002745926117574,0.5753755192276475,0.48780051644543837,0.8076950191632386,-0.030277368121422565,0.3484778445301951,1.6264305555555556,0.4988472222222222,0.006125,0.16992500000000005,88.17927380952382,0.004999999999999999,0.4201692857142857,0.38995178571428574,0.3810924369747899,0.14055555555555554,0.0875,0.21436764705882355,0.342,0.30928233753048145,0.17986625743357687,53.36347616207665,431,2026-09-27,8.25,0.2,7.5,3.5553907528641573
592518,Manny,Machado,SD,156.0,524,0.21135715209995237,0.23568668630014222,0.2041140083304302,0.6347471252241377,0.574923141497549,0.5892390018393032,0.16752007495792387,0.22707644348955974,0.496935258809857,0.6190883465078736,0.575272123620009,0.47863124594666584,0.6299061495152337,-0.01396687821929421,0.3389727719078304,2.0642240724721264,0.430508914840446,0.000900735294117647,0.6888266772395233,92.26334960694085,0.17782762918224523,0.36884634565837404,0.4587948173413383,0.2733791666666667,0.16830155260777813,0.1486196730099169,0.2602169150671873,0.16670564191905657,0.19264904397731722,0.2727629807081017,61.464029402096976,2757,2026-10-04,2.95,1.0,2.857142857142857,3.7472089081131634
605141,Mookie,Betts,LAD,171.0,361,0.23244233012769505,0.24169176871816495,0.22806101711115667,0.6494136085914299,0.6249341786594206,0.6329354316236183,0.19914709811505352,0.2708453869288604,0.5688691619737019,0.6978021139468223,0.5749056240220172,0.5123745945370625,0.6816623267212721,-0.05802980760160115,0.36387813928322105,1.2680308791305297,0.6313548849703514,0.002302631578947368,0.33985080540617396,88.1519119704383,0.05513797739495033,0.27307421607452115,0.29794028170452624,0.34022164816940936,0.11689478821831761,0.17918269230769232,0.302345169376538,0.1652038785508475,0.1331772178359327,0.18878847637829033,57.23027373938094,1995,2026-10-04,1.736842105263158,0.95,1.4285714285714286,3.788505377601122
665862,Jazz,Chisholm,NYY,159.0,373,0.21816350170152674,0.22039683480348088,0.21721149107629695,0.5941073432873392,0.588069007482203,0.5898804639055852,0.17626704780409647,0.24520362249031669,0.5045343373986763,0.6389640495983115,0.5748877515849288,0.5253815990781174,0.6861221477771928,-0.014992712320656465,0.33911505359855665,1.018280617408907,0.6676037449392713,0.0011513157894736839,0.062171052631578946,85.36249051979283,0.01430817610062893,0.36231200055493895,0.3516767503699593,0.20268341307814994,0.24955882352941178,0.12824561403508772,0.25961315332899587,0.10437137585661571,0.29674550247950365,0.3603106964049788,47.37188223738138,2212,2026-10-03,6.0,0.25,6.0,3.6215834697217675
668939,Adley,Rutschman,BOS,146.0,267,0.2179449841856465,0.20416666860691987,0.2254791942024783,0.5750978672115664,0.6162004098285394,0.6020196854987635,0.1785600874620698,0.2576764119858268,0.521549913592085,0.6726642471489972,0.5748076114517273,0.47685014529009984,0.6662230260366543,-0.027212074047036183,0.3460454974684643,1.3872581309980243,0.1616441432574132,0.002966101694915254,0.2830898738164137,85.24351631430963,0.05503187774883322,0.35064290533304776,0.36954628323919436,0.28403060594841417,0.0686587896639443,0.11858533791523482,0.2851092809629395,0.1403141996891997,0.12900203810648966,0.298999619126138,50.076853695090676,1745,2026-09-30,3.4375,0.8,2.8333333333333335,3.7479234860883794
663604,Brandon,Lockridge,MIL,48.0,64,0.14876663290840986,0.2203387358453886,0.0950875557056758,0.5846253651808178,0.29720938563484356,0.4336571480406466,0.17900299692765526,0.33757767660581667,0.5015343778782142,0.7663175122604492,0.5745945292157365,0.4633693684359532,0.7683418049663429,0.14093738117508992,0.24917702481945428,1.08046875,0.060156249999999994,0.0,0.06562499999999999,37.21713235294118,0.0025735294117647054,0.14274154411764706,0.15519705882352938,0.029411764705882353,0.10384615384615384,0.6897727272727273,0.4221264367816092,0.058838383838383836,0.12255721830985916,0.47307692307692306,50.06701631701631,468,2026-09-26,8.0,0.05,8.0,3.5298895253682487
681624,Andy,Pages,LAD,168.0,407,0.21696559499512186,0.22960028280930928,0.21175029388263175,0.6062976225793213,0.5727154329564135,0.5827324636335045,0.2101762047533973,0.2801851100684195,0.5696583649755522,0.6911386967266974,0.5745912696348571,0.606480237432592,0.7608452029163429,-0.008141193998647434,0.33483298613662354,1.3666209829867677,0.4992032136105859,0.0731493383742911,0.5305973534971645,84.60216787576513,0.12271253683971887,0.35741450578100203,0.4220199070505554,0.19183477837868773,0.21219418306244653,0.07984848484848484,0.14060897435897435,0.2581871842525456,0.24973093091756576,0.27580710267121245,59.95055896329693,2369,2026-10-04,7.25,0.4,7.142857142857143,3.5736059153612345
678662,Ezequiel,Tovar,COL,167.0,329,0.23345679195146768,0.2170261039433845,0.2417969892078503,0.5737533050137802,0.6189360319413144,0.6041252977211051,0.17240300969683434,0.2434117554710389,0.48291546253898965,0.6217572176934062,0.5738180823569845,0.4533320029803008,0.6152356051666704,-0.03030721536412062,0.3466580198416669,1.3579778684017594,0.05741599462365591,0.0024697580645161293,0.1554289314516129,79.6349883286648,0.06086707410236822,0.27222984280833545,0.2936864937452254,0.3707534819376925,0.19861021087200761,0.12741789819376026,0.16011964107676968,0.31559716599190285,0.26268372207919516,0.42207782544292566,53.8670131787741,1884,2026-09-27,9.0,0.75,9.0,3.4854541734860884
808959,Munetaka,Murakami,CWS,175.0,382,0.19636774049592992,0.1989964569836728,0.19516348556044566,0.5616349923661452,0.5537877200237447,0.5562641705763494,0.14491375468878825,0.20784450829109918,0.4411442852117351,0.5793640300277832,0.573243777936009,0.4986655842030211,0.6657079977486905,0.016979607359659643,0.31887497467162706,1.4131860704202257,0.30884543012896976,0.08712826931350125,0.5829758017533986,97.25983477667769,0.2796064083255148,0.37016434450767866,0.563882157208286,0.1856270808671398,0.26437778887778884,0.08885531135531136,0.21935250163895348,0.17331755314211453,0.43042341128181527,0.22812257093296573,63.60107789901329,2511,2026-10-03,3.9444444444444446,0.9,3.857142857142857,3.7167231704465746
663656,Kyle,Tucker,LAD,192.0,436,0.22155103250370745,0.20485820350214867,0.22890200307320124,0.5674736400496816,0.6134033594724251,0.5997573021283059,0.1756527828486394,0.2387572802539154,0.5064990346993485,0.6311639221326582,0.5731598471452966,0.5019317009137154,0.6554579389549344,-0.02659745498300936,0.3437568036121353,1.5287014196264708,0.24431127874338765,0.0029259554140127386,0.38280650167332403,86.96339066575247,0.07512151237306516,0.3400812847418282,0.36850611592858484,0.23176836316540544,0.1757066951074215,0.1549648337595908,0.2200473197245042,0.21321102521193264,0.1464768790915701,0.23534548353954232,66.8416489312171,2492,2026-10-04,5.111111111111111,0.9,5.285714285714286,3.6561287117138184
679845,Nick,Loftin,KC,164.0,254,0.19130943928528446,0.14536694648213636,0.22097309605582108,0.43142849037971753,0.5924413669756421,0.5338477142027468,0.1763803546391824,0.2546855233545374,0.5021673952533976,0.6523596500850772,0.5728404104453355,0.4442462653312848,0.6214128303282072,0.03899269624258872,0.30580954371920566,1.2940208557496393,0.10780397464954251,0.008791866028708134,0.34074569034591695,66.56754764786102,0.04237146179936827,0.2503264356115487,0.2631909378625632,0.3469308035714286,0.10956470588235294,0.03945578231292517,0.21390551412872844,0.1642799115868997,0.15723351437688277,0.37985405211246953,56.32629968019312,1613,2026-09-24,5.923076923076923,0.65,6.666666666666667,3.5944558101472994
669397,Nick,Allen,HOU,41.0,118,0.22066584801818678,0.15044264056934786,0.24506543704702063,0.43349411867163923,0.6246309238088841,0.5806197760856955,0.1961418543157063,0.3310055898447808,0.5327953000522802,0.7536695582550156,0.5720862757698459,0.40157156924985693,0.6446951257715474,-0.00853350031584954,0.3321646053391874,1.588874274310595,0.0934687953555878,0.0038522012578616344,0.10117319787131107,78.33224948240166,0.003043478260869565,0.26802151138716357,0.2512801242236025,0.28029336734693877,0.24986559139784947,0.056249999999999994,0.0823019086176981,0.6118464052287582,0.19207138094773474,0.3698445886673506,52.311358121070185,585,2026-09-30,8.75,0.2,9.0,3.4854541734860884
608070,José,Ramírez,CLE,160.0,372,0.204740563634528,0.22423781867611292,0.19635464748760978,0.6163339849111185,0.5616566568775008,0.5786660893566853,0.17626704780409647,0.24520362249031669,0.5188640382282906,0.6540128570057993,0.5705921473817712,0.5284901543501036,0.6965926743095646,-0.008073941974914067,0.33018232654304297,0.7181333509858236,0.3616587909401988,0.010690789473684209,0.1665247678018576,86.52857387201703,0.014841235949915354,0.22362108542146444,0.23020302824396546,0.2281737476220672,0.0978388685841411,0.18601478386630244,0.15833707461614438,0.17923819633457516,0.11469239121715315,0.24175882890537226,46.98958802937619,2247,2026-10-03,2.235294117647059,0.85,2.0,3.7729337152209492
695336,Thomas,Saggese,STL,55.0,122,0.2212994559959373,0.1973759875757608,0.23208462618536113,0.546971476243282,0.6136453408464158,0.5937444868647612,0.16059916400364366,0.2809005857846923,0.46765187876684033,0.6950259339632847,0.5704624950579064,0.39523304210096466,0.6594700979050041,-0.023281991806854863,0.338708961403748,0.7835206838598092,0.19166732444652365,0.07552962581183004,0.1066736936084402,88.6189844605984,0.05426411715128529,0.3648909007585335,0.3810537573746312,0.22192800689191572,0.11226072314781993,0.1716666666666667,0.13258638211382115,0.21072819505809198,0.23678528536573748,0.340437087212076,57.17927405956013,712,2026-09-27,6.473684210526316,0.95,6.5,3.6012377250409164
683737,Michael,Busch,CHC,202.0,507,0.2119797408919772,0.2254949727498714,0.20659497395845722,0.6140200894349779,0.5777468911731358,0.588324918910512,0.17645361742353965,0.2357578991552205,0.514823677976473,0.6327328519497888,0.5702616779141793,0.5530698988066063,0.7001840239378259,-0.01806324099633272,0.335499155416632,0.944930792009359,0.4724154738003513,0.059769766863021656,0.2304610032857164,89.28364742252253,0.06837150577770972,0.32576780745327744,0.3611130213019148,0.2430614747935045,0.23204110704110706,0.10598958333333333,0.15298570618723678,0.2132372682586022,0.21954182543078565,0.23211429572659031,61.089447812875974,2852,2026-09-30,3.5789473684210527,0.95,3.5714285714285716,3.7254559270516716
656941,Kyle,Schwarber,PHI,265.0,436,0.20079452644349297,0.22404559202489668,0.18666257144562146,0.6167328605422112,0.54211237940273,0.571472302171774,0.17045190535232438,0.22941313563470447,0.506641360376098,0.6266602631041936,0.5700711618581388,0.5135056984274458,0.6645816277978251,-0.0014011403136352518,0.3257798792688086,1.3452535599653554,0.6364701361999865,0.04334178214795191,0.41576425684396434,93.24225394668737,0.12077963250517598,0.3788843413561077,0.463414623447205,0.24801406006516505,0.19887414800389486,0.07098459845984598,0.20440818352877702,0.2050766016713092,0.26076016701667687,0.2780596345011773,61.39971334517811,3083,2026-10-01,1.25,1.0,1.7142857142857142,3.780719546411036
543760,Marcus,Semien,NYM,152.0,389,0.20202002605889605,0.20344298146238066,0.20146401263645475,0.561218160816914,0.5572573589413532,0.5583727938300298,0.16468011560319407,0.2314745002512631,0.47882513372629665,0.6146086842496026,0.5700224637236013,0.4638590268516675,0.6271509649765357,0.011649669893571524,0.3182850356152241,0.7702348591932152,0.2839202547932297,0.002264325323475046,0.12242239317168643,88.41691242877495,0.030099002849002847,0.25530221509971507,0.27539503418803424,0.13627602556173984,0.09075472772841195,0.53125,0.1331884115140996,0.15019522304980912,0.19630649555964091,0.2858734734619181,51.54396992792169,2070,2026-09-27,6.0,0.85,6.0,3.6215834697217675
645277,Ozzie,Albies,ATL,266.0,423,0.1925074846592147,0.20786459677782743,0.18285029358699015,0.5759930189685802,0.5245673645521627,0.544930174820925,0.18850291193128943,0.25004107955829546,0.5365650242856825,0.6533589489181696,0.5699606069524737,0.5716560900945236,0.7151595361489149,0.025030432131548763,0.310588733187652,1.2649950177573999,0.32146834764095966,0.11697532862184985,0.4780994256333289,89.10847192550824,0.10692627470669167,0.24577262497707508,0.32539544948246807,0.1789001197963462,0.15031853281853283,0.12114055299539171,0.19577516607435003,0.12726997578692495,0.24306709832035628,0.3277969452619543,41.810911476856774,2641,2026-10-04,5.15,1.0,4.714285714285714,3.6820639466916063
805300,Jakob,Marsee,MIA,144.0,464,0.2345198828501131,0.22351631888283344,0.23793478201237234,0.6096444069690524,0.6359245910120617,0.6298210016521621,0.16613823753742896,0.22912994073678644,0.4911489808969943,0.6200355790630475,0.5696327446726317,0.45374850912928033,0.6104192680185561,-0.06018825697953045,0.35876666582358724,1.004273560967398,0.32177838640082257,0.0973132691701287,0.19820534226373046,66.13017598364432,0.04187302014225091,0.254750073722783,0.27174804308311096,0.22119101890942633,0.5673319327731092,0.1706923076923077,0.27161293818902515,0.2446718186214336,0.09348752814523374,0.2069666616426771,61.697763315954056,2384,2026-09-26,4.944444444444445,0.9,3.8,3.718469721767594
687263,Zach,Neto,LAA,191.0,511,0.2121591878181373,0.2441496334121186,0.20020189797772553,0.6548294268848828,0.5721342342705926,0.5959388129404348,0.1822674266265106,0.2425325834517629,0.5345137672254388,0.6520147626920897,0.5696311270155017,0.5527994644956893,0.7021099369771409,-0.026307685924933155,0.33946529764754013,0.9379274988129156,0.689096777065527,0.08531042260208928,0.26007567663817666,86.96474403690368,0.2968971897189719,0.3851880769326932,0.5101828695369537,0.26304702259770785,0.15783356102003643,0.15986842105263158,0.10662918906427954,0.23229722323712093,0.31578477075277755,0.3292495770812822,57.23686814977735,2813,2026-09-27,1.0,1.0,1.0,3.800184124386252
545361,Mike,Trout,LAA,172.0,447,0.19934023773623608,0.22822316027463235,0.1882264509876809,0.6237176922309153,0.5446934836466382,0.5677691944581711,0.17068437306345566,0.23365842598132527,0.5064452025351946,0.6336186775331709,0.5693888993081149,0.5520106925393097,0.7085462184191812,0.0016197048499437816,0.3232814766935931,0.9320857412561279,0.5150497879528664,0.07623231530152147,0.1456263829664898,70.80987414715104,0.13025712244145307,0.33078079841262525,0.384612008843506,0.13114297419609566,0.14479388770433546,0.1644579831932773,0.11512723713646532,0.15181643625192012,0.2629652682068989,0.22254238624348444,36.310725180153916,2765,2026-09-26,2.0,0.95,2.0,3.7729337152209492
575929,Willson,Contreras,BOS,147.0,390,0.21172707851801412,0.2370313704720167,0.20218930693535161,0.6367281547403687,0.5706426952947246,0.589542060134489,0.19900639061817404,0.27033902416233463,0.5641961031416522,0.6926217709284863,0.5688146195147905,0.5561413946369287,0.7182549247413781,-0.020727440619698445,0.3353401426233651,1.0728495201260564,0.5668686434608222,0.13491620111731845,0.2597224609654777,87.79728507383967,0.09520042194092827,0.5648823114451476,0.5806751582278481,0.2951111528920518,0.16212998712998714,0.1050925925925926,0.20148431564094216,0.20050072707791214,0.3783285486443382,0.33685127422391775,41.64205923522818,2118,2026-09-30,3.5714285714285716,0.35,3.0,3.7429214402618656
687093,Vaughn,Grissom,LAA,173.0,292,0.21039926225501998,0.2310827418740923,0.19814500891906275,0.6242928054824657,0.5607484863905128,0.5852405097289515,0.1841265744769687,0.2591820427760588,0.531451458598845,0.6729486553075129,0.5684328145942459,0.4945364938612456,0.6696112452874842,-0.01680769513470559,0.332669910159799,1.113531214668172,0.1775905180342088,0.11626072284068745,0.4008058580381913,80.08405806923176,0.0612864250177683,0.2741483732312463,0.316463855511404,0.15700596389426175,0.16823819963721307,0.33114035087719296,0.13297248759729932,0.1917820512820513,0.20011447752234016,0.33700275861351,45.633071560534624,1812,2026-09-27,3.8421052631578947,0.95,3.5714285714285716,3.7254559270516716
671277,Luis,García,NYY,89.0,461,0.23483744641427068,0.23539388857263385,0.23473002048781882,0.6330495857435932,0.6318580961346274,0.6320510926646172,0.23026979324717264,0.3038929244566182,0.6237794163167285,0.7415652289280263,0.5672758193956464,0.5133466505133206,0.6686589038713051,-0.06477527326897081,0.35854730149123437,1.502684659090909,0.1268861505681818,0.0,0.4927373579545454,91.38243631731756,0.0948808668400296,0.38914597302799664,0.44821486083125506,0.35676184756497054,0.2768944099378882,0.18005715799833447,0.3302741228070175,0.12451419684651392,0.2466723862901072,0.37816350534729093,62.87676646473281,2013,2026-10-03,3.7333333333333334,0.75,3.25,3.735280278232406
676480,José,Barrero,BAL,2.0,4,0.21972788321346604,0.2125882021183979,0.2232977237610001,0.5652730737847369,0.5855354784311995,0.5788578826993905,0.030053369748306635,0.5635028221864703,0.10089544341553214,0.9443875782236149,0.5669391961008484,0.09453120573423068,0.9054687942657693,-0.011918686598542116,0.32817722267423166,0.4520833333333333,0.0,0.0,0.0,70.18916666666667,0.0,0.123225,0.12012500000000001,0.5,0.0,0.0,0.0,0.25,0.39278846153846153,0.5920454545454545,32.75,20,2026-09-25,9.0,0.1,9.0,3.4854541734860884
678218,Brandon,Valenzuela,TOR,78.0,191,0.2112150372620064,0.20368667539040464,0.21428944682213702,0.5576231139784154,0.5783553099451013,0.5724174643857098,0.1539033224550514,0.2486801386342682,0.45033406471450643,0.6407950839668997,0.566857358509201,0.4162476538774017,0.6326273302399218,-0.005560105876508792,0.32447905182621817,1.3977814317033648,0.5091797731388809,0.0022769516728624534,0.6654228624535315,76.43607761437909,0.10852941176470589,0.25957349673202623,0.31249588235294123,0.20690085550216805,0.13657894736842105,0.19235294117647062,0.26183473389355744,0.10081453634085213,0.29870560874759433,0.17736363390015192,58.58956364904009,1109,2026-09-27,7.714285714285714,0.35,7.0,3.5808919803600654
813841,Jonah,Cox,SF,89.0,72,0.2158923032716436,0.2039587695772258,0.23064347686613224,0.5789746984362625,0.630043503720732,0.6024143977313822,0.17706164387771578,0.3072913786682777,0.5224277199947012,0.7515126180627892,0.5660252515446577,0.3868568276805605,0.648958855545445,-0.03638914618672451,0.340981761010029,0.5831249999999999,0.21142663043478263,0.0,0.14726902173913045,76.43583720930232,0.01017441860465116,0.30040813953488377,0.294831511627907,0.1695906432748538,0.09364853896103895,0.3088235294117647,0.14675621118012422,0.1919213139801375,0.34198511346079974,0.37853642555453804,62.121142259042294,639,2026-09-27,2.05,1.0,1.2857142857142858,3.7923982931961655
691023,Jordan,Walker,STL,174.0,488,0.20546637920414262,0.20826216596627167,0.2044695208094491,0.5814699565315626,0.5739430989349407,0.5759309759208187,0.21636727050214885,0.28201181722908897,0.5972285401903179,0.7093682329032828,0.5658985389630931,0.6139623229698004,0.7567708651589264,-0.010032436957725599,0.32591849781717963,0.610546926649578,0.19541673546050828,0.003700906344410876,0.32498700229967986,86.33911221264367,0.11600718390804599,0.3143589173850575,0.3569662413793104,0.205942118226601,0.10373815799904867,0.07601351351351351,0.11807530814032237,0.16656522026932116,0.37012175301422245,0.3535224336553733,50.10770156204089,2398,2026-09-27,3.6666666666666665,0.9,3.4285714285714284,3.72982230535422
571970,Max,Muncy,LAD,137.0,425,0.22538274044617265,0.22329801677969224,0.22605475725160284,0.5954120801611489,0.6005307324070865,0.599287274560842,0.18998688074315126,0.2586219210044993,0.5297596129765989,0.6575269908649206,0.5656829260788325,0.47343118434916653,0.6305719895849053,-0.03360434848200944,0.3390065790353858,2.2570913086100917,0.24474192141534376,0.0417150493925635,0.5388112055717935,90.64232724902217,0.15177277995074603,0.38415855063016086,0.5063040082210634,0.25743512269136193,0.21347338542710212,0.22689716489681427,0.2397792937399679,0.23166195856873822,0.2769624309937876,0.24863291912934085,61.20327347048753,2329,2026-10-04,5.5,0.8,7.0,3.5808919803600654
671732,Lawrence,Butler,ATH,147.0,388,0.23214602262342215,0.21930719736304988,0.23701021672980033,0.6062171436981538,0.6387912002144928,0.6300460790901811,0.1770041743563558,0.24583162472886466,0.5196847952305604,0.6542622641315151,0.5656815226421887,0.45031543996943135,0.6085691066021788,-0.06436455644799233,0.3564054253544745,1.453821187155921,0.24270565393460267,0.012121232065288931,0.31381596063461586,83.7713459811147,0.0894845987239923,0.3130600728167233,0.3532414914075287,0.229546455902588,0.2034562211981567,0.308812358276644,0.2818310685478205,0.1250147396512133,0.17711054434432946,0.22552208776361393,49.199570846755435,2257,2026-09-27,3.15,1.0,2.2857142857142856,3.764358779518354
669394,Jake,Burger,TEX,168.0,448,0.1911360527149692,0.22871621617875532,0.1770434914160494,0.6144487505230984,0.5108549457838039,0.5408993515505102,0.176089739574898,0.23988995192760557,0.508771281383721,0.6345541835701807,0.5646722663608237,0.5148691530258751,0.6677028292217584,0.023772914810313517,0.30543086271312647,0.8986141872245695,0.30715437735677614,0.003977272727272727,0.3349540428649312,82.53454230048128,0.09390593020683671,0.21759886501278902,0.28482559735886415,0.2110512663398693,0.09011444689014783,0.09653624661246613,0.12439231790277087,0.16019736842105264,0.3309224498891613,0.3467821625235778,53.38025708860775,2338,2026-09-27,5.55,1.0,5.0,3.6699468085106384
671056,Iván,Herrera,STL,216.0,491,0.20377383319942308,0.2290257491955439,0.1926650473436958,0.6251919321004964,0.5540152802802846,0.5767304073006203,0.17829244101805275,0.23789242714017672,0.5233122863609432,0.6411976869598033,0.5645622583452254,0.5441867952191887,0.6924041709067671,-0.012168148955394864,0.3256002212019999,1.095032726098697,0.3792807595976989,0.14243797205807537,0.271966582527818,87.0425097719316,0.20003228986098368,0.48175039852486323,0.5992535289419123,0.19581619493557512,0.16585567210567212,0.08590116279069768,0.14571303148124923,0.16822435232346097,0.2319504324208117,0.29240156344912416,53.744459742776854,2901,2026-09-27,2.0,0.95,2.0,3.7729337152209492
687637,Dylan,Beavers,BAL,69.0,291,0.20611051460592295,0.21153774443106732,0.2048236456783114,0.594726277445806,0.5814543714368974,0.58402260259327,0.16702513862025217,0.2503034948808673,0.5006712330995088,0.6653877692429717,0.5644816539676075,0.44281961379120005,0.632765134275744,-0.01954094862566247,0.3296700446663158,0.9441972770467837,0.2863875182748538,0.003402777777777777,0.46652115314327497,68.99205266203703,0.15686226851851853,0.2324273827160494,0.30320129205246915,0.16509232331911955,0.21407643240572288,0.16868356235416126,0.11881904303147078,0.1894044100163645,0.2991988231752785,0.22781264172335602,48.01231674528839,1507,2026-09-25,2.25,0.8,1.0,3.800184124386252
663968,Jake,Mangum,PIT,132.0,339,0.22251899019375332,0.21677623119637418,0.22475510874140542,0.5760497537841449,0.59102505246923,0.5868669588126274,0.21751877524205276,0.29600306302854273,0.5774597008282498,0.7084916798808947,0.5638809830164253,0.5239072313441495,0.6917403765486954,-0.022985975796202096,0.33092311763512433,1.2203742837821783,0.11316253004231053,0.01560509554140127,0.4517974744659399,81.10263817688158,0.03722326649958228,0.3140114284290271,0.3220996670179236,0.1208707935189032,0.32207404261635386,0.15266516516516518,0.12719616977225673,0.26024405759324765,0.17675200729886986,0.40547874359876845,60.36136272250494,1739,2026-09-27,8.142857142857142,0.7,8.4,3.5121153846153845
668804,Bryan,Reynolds,PIT,239.0,453,0.21653894473851915,0.21864235587190767,0.21542919802576008,0.6028583247955437,0.5967109929539218,0.5988419574651758,0.19449769928398652,0.25652667536679935,0.5549432866698938,0.6702715116442501,0.5638646890978566,0.5719549443138812,0.7174781102511842,-0.03497726836731918,0.3376658341648532,0.9097914570000688,0.6620467975846408,0.020124525830924854,0.16444952303537022,69.96177708038442,0.07922874916188632,0.28347799020338227,0.3170784772405573,0.200541839315184,0.12468094808615321,0.4517959057071961,0.1522865359848934,0.2050699148834787,0.26372243790190314,0.2538093391769331,52.82368744077871,2736,2026-09-27,3.0,0.95,3.0,3.7429214402618656
694203,Denzer,Guzman,LAA,106.0,195,0.2045094722534335,0.21654023755291016,0.19796967162910262,0.5916365034965385,0.5549740868281259,0.5681471581066921,0.16413593940316937,0.25523437628571366,0.4821046805660322,0.6609070016384704,0.5635840565859294,0.48473153991475776,0.6963372173661428,-0.00456310152076278,0.3201986801035369,0.9413605499553688,0.25833823826513636,0.0020348837209302325,0.28129952523121127,88.80080097283025,0.011915085817524842,0.2518354276283789,0.2599036792787159,0.18786522539012868,0.19349226804123712,0.11363984674329503,0.14218282762802953,0.17486794830544833,0.3268812852587687,0.3392242448908296,53.36811588181358,1135,2026-09-27,5.9411764705882355,0.85,5.0,3.6699468085106384
805805,Walker,Jenkins,MIN,24.0,68,0.22218119112539148,0.20668500844847335,0.22765043207018615,0.5745596551959254,0.61460674966508,0.6044369102466676,0.13639137196639645,0.3001781391360337,0.4179821843305207,0.7321908882490813,0.5627082857780086,0.3507486535891947,0.7210866626878901,-0.04172862446865899,0.34012165762585833,1.1372472993253884,0.13019539337474123,0.019872711670480547,0.2615942028985507,70.4252544079852,0.05085470085470086,0.27217952498356346,0.29596662042017813,0.38254901960784315,0.09748010610079576,0.13541666666666669,0.16818339500462534,0.195,0.18190865712338106,0.26649224806201555,57.469337937604195,340,2026-09-27,7.0625,0.8,4.5,3.691151800327332
691783,Jordan,Lawlar,AZ,58.0,77,0.22233325242726779,0.22077066074278634,0.22351026954025377,0.585437071649509,0.5905591069995129,0.5883641199460091,0.17320222425057372,0.3154231431067912,0.48899087781190587,0.7375427379811483,0.5620081536586277,0.3874647126766947,0.6794376602366395,-0.02635596628738146,0.33066543272983995,1.3494639883853154,0.04444931773879142,0.06153356481481481,0.41809322205977917,79.44671554621848,0.04151260504201681,0.34883622689075633,0.38089010084033614,0.5132047071702244,0.05216192455242967,0.15357142857142858,0.18646808510638296,0.20233266733266733,0.3036801580388253,0.2936935357063737,63.12970921992158,534,2026-09-27,8.454545454545455,0.55,8.0,3.5298895253682487
608324,Alex,Bregman,CHC,177.0,525,0.22943908960040665,0.23391742180685504,0.22792925188508978,0.6333533300465182,0.6224446788923648,0.6252173212485834,0.19976798027643655,0.26186749713672586,0.5679178977512209,0.6812362239267467,0.5613862937759648,0.5722922575954212,0.7199209587270914,-0.0638310274726186,0.350988434780279,2.1199148110661272,0.3428634821562453,0.04675785350127456,0.7949017140875694,90.30365738177625,0.22379065743944637,0.387094600922722,0.5393056637831604,0.22704247316432566,0.3015001164686699,0.17568361937752586,0.19277061109732904,0.22363861652452716,0.1698534778272414,0.23682344681024875,57.681594821579864,2819,2026-09-30,3.125,0.8,2.25,3.765430646481178
682927,Ronny,Simon,PIT,23.0,44,0.21570921716292785,0.23196552872116388,0.2072115997574863,0.613429509410779,0.5666473885621135,0.5831431027283096,0.15268139048492926,0.35325763755530304,0.44934546140802667,0.79183943941788,0.561326603212171,0.3865815007622531,0.781193467627183,-0.02181649951613862,0.3273337370410881,0.7735834050899351,0.1543340987370838,0.0,0.18502080941446614,77.80666666666667,0.03232142857142857,0.23585423534798533,0.2560214056776557,0.16649456521739128,0.16225490196078432,0.27,0.2583333333333333,0.06315789473684211,0.1755216951645523,0.3681042199488491,49.41919191919192,264,2026-09-27,6.875,0.4,6.5,3.6012377250409164
682626,Francisco,Álvarez,NYM,119.0,296,0.2092746085405383,0.2053515914901583,0.2108517674222789,0.561746778814354,0.5725364785780982,0.5694623900796252,0.173228102268494,0.2513751815645613,0.49476340591867063,0.6462222779140849,0.5612840579658892,0.5196688348455415,0.698022583016307,-0.008178332113735975,0.31963016116284615,1.2953380756659503,0.17392692722107944,0.0059036144578313255,0.5749576321975967,73.97023833918814,0.14606569574551131,0.27818114998048404,0.3641904572843482,0.11743633276740237,0.174846623760563,0.14923552374756016,0.14155641857289178,0.14123463952909376,0.3273487779425801,0.30549515695715324,57.940804337880515,1749,2026-09-26,7.615384615384615,0.65,6.8,3.5890302782324057
656811,Ryan,O'Hearn,PIT,139.0,308,0.21744812679643505,0.2030640858659435,0.22393962578779325,0.5670503251433852,0.6074263489237779,0.5951786611487705,0.20423805777697362,0.2833867036984969,0.5693978870099594,0.7074009976432079,0.5611238556187994,0.5156993628097574,0.6951201422160979,-0.03405480552997109,0.333968945125833,0.8643898073342563,0.19051334977971793,0.027727332543755756,0.34509238026156797,79.06681641727837,0.037369424054206665,0.2572198475437606,0.27311083427442123,0.19467086834733893,0.28342907092907094,0.06,0.1570879569497779,0.20566771407892903,0.2266563489810722,0.31129936682735415,54.71979409071436,1738,2026-09-27,5.230769230769231,0.65,4.571428571428571,3.6881225157820903
665804,Miguel,Amaya,CHC,75.0,174,0.22140945484721652,0.24300702064102267,0.212100159246438,0.6210515020997409,0.5643332066504133,0.5820128429305708,0.1593580691472015,0.25924993649538974,0.45394641237225763,0.6486445667452091,0.5606565603469513,0.4028869302897975,0.6221627122084885,-0.021356282583619435,0.32630931859520423,1.219669486770612,0.056576305220883534,0.19450645720135445,0.337147856130404,86.39372428678678,0.13193264693264692,0.2616075568425568,0.33139487599206346,0.17736359761295822,0.5261784511784512,0.7183333333333333,0.15922619047619047,0.29230182926829273,0.18500910294604433,0.4166194116042926,52.016703487387375,1018,2026-09-27,9.0,0.35,9.0,3.4854541734860884
682663,Agustín,Ramírez,MIA,93.0,160,0.2186933566185716,0.21360453912162206,0.22165123178867352,0.5843857810871742,0.5997146914503754,0.5941285480418405,0.1638741864958826,0.2637883074217233,0.4800110797656345,0.6733737484870561,0.5594098546601712,0.4203923691451584,0.6464155215452013,-0.03471869338166922,0.3323613647095445,0.874055452220414,0.1807559288537549,0.004841897233201581,0.244045716112532,84.10814738039737,0.021526806526806525,0.30963209124209123,0.3159908663558664,0.2691392099361739,0.10327380952380952,0.10091159270725834,0.16588031416303822,0.2642386632026453,0.29792304573651324,0.33555531810570527,50.15999937986449,1009,2026-09-27,6.0,0.6,5.333333333333333,3.653825695581015
682657,Angel,Martínez,CLE,150.0,263,0.22577877214415623,0.2508812269094461,0.2114617827342951,0.654987971498842,0.5832396572023781,0.6104442141352525,0.20105586974632586,0.28316050208898375,0.5626165771408145,0.706666063076296,0.5593216941226873,0.4798518547874811,0.6632077956204363,-0.05112252001256523,0.3414346920175219,1.4431507263922518,0.06645278450363196,0.01038135593220339,0.5737469733656175,88.1707329059829,0.035117094017094015,0.21007176623931623,0.2301997974358974,0.2657091815603431,0.1391758241758242,0.16175135544067581,0.1490085687508368,0.24490114310564406,0.19176115401403743,0.4661738022001086,49.55113828808501,1513,2026-10-03,5.266666666666667,0.75,4.666666666666667,3.6840834697217675
650968,Yohel,Pozo,BAL,25.0,36,0.22156178631269813,0.24469566362555117,0.20549659373432796,0.626326849652089,0.5537597687649117,0.584615770666925,0.1550665770122629,0.3668442410998929,0.44624545021701467,0.7987368879488691,0.5588248673858307,0.28413168023037194,0.6245203678902909,-0.025790903281094346,0.3266978305146096,0.8936475409836067,0.010040983606557377,0.0,0.060245901639344256,64.50963235294117,0.0034313725490196074,0.3686312254901961,0.34892982843137255,0.3517113095238095,0.04078947368421053,0.1433333333333333,0.05277777777777777,0.2937245002039984,0.34951479076479075,0.43963779187564356,54.919932939562635,218,2026-09-25,8.0,0.15,8.5,3.507671849427169
666152,David,Hamilton,MIL,77.0,299,0.2337905107964674,0.2056933485306195,0.24102623485824093,0.5518602661337497,0.6175841576297263,0.6047256777539426,0.1817641677195161,0.2653735916709578,0.5030164840579199,0.6586648212207641,0.5580224161354023,0.4143158705103379,0.5940987013901028,-0.046703261618540326,0.3374504837993737,1.0858106161347516,0.16047539893617024,0.04880180629432624,0.30758976063829796,82.60733562091504,0.03731209150326798,0.2941919901960785,0.3197562320261438,0.25305366262118967,0.30578246124031006,0.06894995898277276,0.2507226056945643,0.15697043113925668,0.19555936000126461,0.2876542435172502,56.98733757871407,1556,2026-10-04,9.0,0.5,9.0,3.4854541734860884
663743,Nick,Fortes,TB,161.0,157,0.219731352153202,0.22785426696512176,0.21140148409766646,0.5985875390559307,0.5675728857891014,0.5834819967829363,0.19831421072254926,0.29211812636374124,0.5417047253829619,0.7046219831835114,0.5579336925958176,0.48668116469928957,0.6754684294710319,-0.02554830418711873,0.32554426502828465,0.8679459691252145,0.10912277253668763,0.015408805031446541,0.26665654183342863,62.71165090344438,0.036794184076792774,0.1973098602484472,0.21363718473555432,0.18017113095238094,0.14158227848101268,0.21958973520758418,0.17551328502415459,0.168335968277006,0.23443382790188894,0.3922774772351044,50.999261694072764,1120,2026-09-27,7.875,0.4,8.0,3.5298895253682487
572233,Christian,Walker,HOU,142.0,495,0.20858749733118076,0.2012375342342254,0.21069597159333764,0.557489918586836,0.5762089491432543,0.5720867759539932,0.1731296738616445,0.23546039973088925,0.49832524420598767,0.6224993371875955,0.5576923533732134,0.4950411766430827,0.6479567802807,-0.01439442258077972,0.3190484204154767,1.5091300943454304,0.45111400329362517,0.009615384615384614,0.4065141441191861,79.97391641162798,0.15352749538712654,0.27687549601696115,0.3617304516402314,0.1953523425499232,0.23799120340327348,0.09802989130434783,0.10039368922839581,0.26735268653311767,0.30190566568986976,0.3273247304145851,60.003095452504105,2521,2026-09-30,6.157894736842105,0.95,5.857142857142857,3.628492518120178
663886,Tyler,Stephenson,CIN,116.0,346,0.20724906837917345,0.2019565162129302,0.2090234500302839,0.5651242956480613,0.5791702646094348,0.575675142503762,0.17930608338970877,0.25397750483291953,0.5177970817063577,0.6609154265992726,0.557409570227325,0.4993185914156349,0.667548494224856,-0.018265572276436992,0.320886833773576,0.6295843891880477,0.21175364269876465,0.021558573540280856,0.1187123851757998,67.21920450530035,0.08086719670200236,0.22411641342756183,0.2571627488221437,0.14946192002903635,0.12178894927536232,0.04703504043126684,0.12109133126934984,0.1464610658159045,0.22203370796678948,0.1918620104155711,70.91436696979316,1904,2026-09-26,4.333333333333333,0.75,4.5,3.691151800327332
703492,Nick,Morabito,NYM,17.0,29,0.19442290133468357,0.13169629780175968,0.2311936689229493,0.3899934843756846,0.6015911647703354,0.5308087348407007,0.09085791702246311,0.307233537163785,0.28352645065987103,0.7232984475572917,0.5573714485192356,0.19824496141341577,0.642531698793754,0.02656271367853491,0.2958576334248242,0.7933967391304348,0.1414266304347826,0.026630434782608695,0.08360054347826087,72.60317857142857,0.0,0.2693115714285715,0.2772311428571429,0.24446934644303064,0.3282967032967033,0.07142857142857142,0.05772727272727273,0.29065967864963954,0.25250000000000006,0.28157746443598475,55.47646219365062,173,2026-09-24,8.625,0.4,8.666666666666666,3.5002659574468087
694376,Shay,Whitcomb,SF,46.0,74,0.1828197078517071,0.24469336683252366,0.14435770362038866,0.635313587226166,0.4290113634874634,0.5160165515911858,0.13824476478840256,0.2803667350628196,0.41421210444432366,0.693526709198752,0.5569106976928062,0.2768785562754973,0.555902462589681,0.040894146101620454,0.2873751377676832,0.9496529998609569,0.12724546370967743,0.0,0.2112182517612162,77.51043538647343,0.045866881374127755,0.32359604669887276,0.3351104730273752,0.38142914999047073,0.1318452380952381,0.13089574898785425,0.35107786357786364,0.11936758893280633,0.19382750638047247,0.27342651195499296,60.57255278683434,452,2026-09-27,6.235294117647059,0.85,6.666666666666667,3.5944558101472994
677800,Wilyer,Abreu,BOS,218.0,457,0.19853394467201207,0.20799743566022835,0.19401963168419778,0.5796657662950648,0.5514261387076087,0.5606934809971004,0.19108163665847389,0.25356041473459084,0.5453185418088082,0.6627466123040701,0.5566417131291426,0.545242696735383,0.6942540523261884,-0.004051767867957801,0.3121053798025683,0.7262780864197531,0.3420551440329218,0.0027222222222222222,0.22703333333333334,88.60825163439527,0.07052165698691484,0.28269961761648194,0.3141042142782171,0.13598447485119802,0.20920546079128166,0.11121366849960723,0.1698546408250356,0.14228954891871726,0.22785356690405156,0.3033260720741743,49.4099423506027,2782,2026-09-30,3.736842105263158,0.95,3.857142857142857,3.7167231704465746
545121,Ildemaro,Vargas,AZ,168.0,312,0.2201147504184578,0.2549619832652667,0.20135085580863765,0.6732207184222248,0.5744653416009958,0.611226365752732,0.20356262025541433,0.2797392021858763,0.5789264011939839,0.7126343090291342,0.5564052772866106,0.5198870516142258,0.6832448670374967,-0.05482108846612144,0.3400895755215361,0.7168168025362318,0.33124071557971013,0.0025520833333333333,0.1010625,67.73971135682648,0.011842512376237622,0.21132966079338195,0.20540929471730068,0.18589401356873025,0.1554763349514563,0.11744263018534863,0.17444824462768616,0.1601356009070295,0.3562574747525696,0.43043144108338677,55.42597503392004,1716,2026-09-26,4.166666666666667,0.3,1.0,3.800184124386252
802139,JJ,Wetherholt,STL,218.0,397,0.21279151387873424,0.2064540774836932,0.21627151673545703,0.5847062897207489,0.6038953779354557,0.5971698363606096,0.18095572660230333,0.24539169253068135,0.5316698961076214,0.6569799568096132,0.5563648782865338,0.5180822383990863,0.67932125866587,-0.0408049580740758,0.3322443233231599,0.8010026602104257,0.1308297963494341,0.015934959349593495,0.2600300394548063,67.0503296491807,0.040645448421862976,0.2511662984232377,0.28015629966045313,0.17750975452196383,0.29496313164172633,0.06625,0.14062144482366326,0.2018977191732003,0.1687583435629891,0.21415848875354257,66.54517584739735,2460,2026-09-26,1.0,0.4,1.0,3.800184124386252
828599,Lucas,Spence,HOU,21.0,50,0.21216733869058058,0.24173072087748954,0.19975071817207884,0.6265025526798561,0.5475448368902056,0.5720381649866295,0.11024726104284899,0.28848172274391254,0.3401460143529218,0.7021996556021578,0.5558226366116772,0.27329805161179566,0.6829219075488684,-0.016215528374952326,0.31795176110537404,2.1021286811779767,0.49564660691421253,0.00862676056338028,0.8950544174135724,88.76634210526316,0.2013397129186603,0.3235234868421053,0.4540912200956938,0.2285576923076923,0.10571428571428572,0.5,0.1524193548387097,0.2533333333333333,0.3087865235539654,0.20059483729247615,43.23416633870535,284,2026-09-30,7.428571428571429,0.35,7.428571428571429,3.5590337853635727
679529,Spencer,Torkelson,DET,178.0,429,0.20467040976937437,0.13985294552241812,0.23156436929375246,0.41630141998225023,0.6098727703708355,0.558841477420321,0.16949391651081214,0.232969693761028,0.48505242491552714,0.612416434580719,0.554500590733361,0.46959600192610984,0.6225181323283406,-0.004340886686959977,0.3098779293558722,1.2761349955645673,0.4509991164336304,0.43579420647995604,0.5098560772469339,61.83599899598394,0.08092369477911647,0.21727113453815264,0.2752451054216868,0.32267658195736204,0.11601013513513514,0.08982612781954888,0.23223799707407902,0.1672391456582633,0.2953830541188107,0.1645106662437443,67.20056817481543,2595,2026-09-27,6.8,0.75,7.142857142857143,3.5736059153612345
680577,DaShawn,Keirsey,ATL,0.0,5,0.21319450238955479,0.0,0.21319450238955479,0.0,0.5664386646905951,0.5664386646905951,0.036224108632430196,0.6244653702374748,0.12067527354970653,0.9670798324022738,0.5544391961008484,0.09453120573423068,0.9054687942657693,-0.011999468589746765,0.3140557978914916,0.315,0.0,0.0,0.7962499999999999,84.01749999999998,0.0,0.233725,0.220425,0.0,0.0,0.3375,0.675,0.0,0.46931818181818186,0.3976190476190476,31.927083333333332,16,2026-09-27,9.0,0.05,9.0,3.4854541734860884
677649,Ezequiel,Duran,TEX,162.0,428,0.21241454896664796,0.22070965080574412,0.20927481415839197,0.5981733898280432,0.5761927655981895,0.582312971526832,0.20472924957889482,0.2732458978356576,0.5672171222116315,0.6886744033713116,0.5542185732943088,0.5363553277985231,0.6896823255959073,-0.028094398232523243,0.3227286642903703,0.5258039724576271,0.22539650423728813,0.016100370762711865,0.1508209745762712,85.92879396984925,0.03711414213926777,0.24663684045226134,0.2547468458363245,0.1839500668355143,0.2156105048616756,0.15151515151515152,0.15566207294973905,0.1906162535636643,0.23372768043493047,0.3159665690302293,62.52495650022257,2343,2026-09-27,4.1,1.0,5.285714285714286,3.6561287117138184
814154,Scott,Bandura,SF,12.0,18,0.21369595897468835,0.23986574863381652,0.19624943253526958,0.6237244489683303,0.5409472292325073,0.5754821726288805,0.09505107177289873,0.3730569641314826,0.2994923111860175,0.8106161437049882,0.5541127963814347,0.253781597633706,0.746218402366294,-0.021369376247445726,0.31888203594305253,0.8807500000000001,0.0525,0.0,0.43250000000000005,84.06166666666667,0.0,0.3080791666666667,0.2936666666666667,0.0,0.33333333333333337,0.3553571428571428,0.24007352941176469,0.10384615384615385,0.3363476733977173,0.38446969696969696,37.91127232142858,128,2026-09-27,7.1,0.5,7.333333333333333,3.56389116202946
595879,Javier,Báez,DET,59.0,136,0.21603756347883568,0.23860436886214637,0.20624755231989944,0.616424125586676,0.5559976702947804,0.5749504113644377,0.17717856265131265,0.294762547503768,0.49616005849832334,0.706986906314458,0.5541070637787555,0.4413762073081303,0.6923103731606176,-0.02084334758568218,0.3185840842595362,0.9622307692307692,0.21946794871794872,0.006282051282051281,0.32541025641025634,69.73923801369862,0.04483447488584475,0.30692588470319637,0.3385207191780822,0.12566602316602316,0.25495014245014247,0.6303763440860215,0.32086038961038965,0.1031716959712762,0.3897997575102713,0.4809191714266412,47.80667511690161,691,2026-09-26,8.6,0.25,8.333333333333334,3.5150777414075285
681987,Nate,Eaton,BOS,37.0,25,0.21932295641283592,0.2218994105155359,0.21550980434083994,0.5829289164252337,0.570869253055962,0.5780956307304363,0.07829411405317005,0.25343393711554596,0.24735826576167108,0.6389351749827284,0.5538024062637341,0.1636059318135624,0.5268140225895724,-0.024293224466702235,0.32015075134906673,1.2564068100358425,0.35710125448028673,0.019758064516129034,0.10239695340501792,78.19952397959185,0.009999999999999998,0.40802103061224493,0.3879308622448979,0.09841628959276019,0.46458333333333335,0.56,0.32613636363636367,0.2725,0.270549001465032,0.2782327586206897,48.00407151708267,269,2026-09-30,8.857142857142858,0.35,9.0,3.4854541734860884
694671,Wyatt,Langford,TEX,154.0,315,0.20039035551535261,0.20370043946129407,0.1987720922528923,0.5753408408001948,0.5653737507789991,0.5686652547256574,0.17459829398823584,0.24804116600986859,0.5139781221776729,0.6576417021127031,0.5537959067446819,0.4884056896895063,0.669708939079885,-0.0148693479809755,0.314924490374991,0.8337181000734034,0.4238580866160999,0.0052238805970149255,0.1935036701737216,77.78880948464914,0.0504797149122807,0.26466010005482454,0.2860852686403509,0.23358477242982778,0.12515527950310557,0.08,0.3225961211807624,0.17264417819616795,0.258767000993946,0.2318027932596721,47.16479376943104,1888,2026-09-27,4.2,1.0,2.4285714285714284,3.760071311667056
669392,Samad,Taylor,SD,54.0,121,0.23287089005872275,0.22388413466316665,0.23688150816913622,0.6030844673368403,0.6267860018986007,0.6195851549552293,0.21875102242486472,0.35070004050121023,0.5934297863453387,0.7928810244402192,0.5536132709111368,0.521538260502326,0.775630507774999,-0.06597188404409249,0.343010564242748,1.2232331395348837,0.21903372093023254,0.003499999999999999,0.24603372093023254,76.31424990135149,0.02781148268718556,0.3090268065009372,0.3096543972575713,0.26835026999466544,0.14019407894736843,0.11850198412698412,0.21457070707070705,0.24390704154002027,0.2784760448780311,0.3789133986928105,57.698564539988396,692,2026-10-04,7.6923076923076925,0.65,5.5,3.645765139116203
657757,Gavin,Sheets,SD,71.0,349,0.19248135719136858,0.0779746616368632,0.21577641559930522,0.25667876146480717,0.58856447251353,0.5421200478830703,0.15143157894695283,0.22569400774161827,0.45117455579420784,0.6072591485419175,0.5528495212319876,0.4139974353838816,0.5860025646161183,0.010729473348917273,0.29971080892241764,3.0078333333333336,0.3782916666666667,0.0072916666666666685,1.1620833333333334,78.13032366071428,0.23343750000000002,0.26182794642857143,0.4665366964285715,0.3380845611787316,0.035388795986622076,0.07419354838709677,0.28894389438943896,0.07320609436435124,0.10619592875318065,0.28365383092010577,52.99795506274852,1821,2026-10-04,5.333333333333333,0.15,5.333333333333333,3.653825695581015
682877,Juan,Brito,CIN,43.0,71,0.20084731297454683,0.20278211488761883,0.1996755315342356,0.5635012913492916,0.5572472093403382,0.5596138006848475,0.16066092236491547,0.313208455861823,0.4730442805435018,0.7469949848833934,0.5524331891653621,0.34840395448028794,0.6802974843758269,-0.007180611519485347,0.3091492366132796,1.0959341601129262,0.129554219600726,0.00537280701754386,0.2610399021980238,76.81159375000001,0.0559375,0.26190453125,0.28366484375,0.21202672225259703,0.23210626185958255,0.365625,0.20749427917620136,0.2357456140350877,0.2109127858037742,0.29956337855508336,65.84180491081604,471,2026-09-27,6.153846153846154,0.65,5.25,3.6578559738134206
624431,Jose,Trevino,CIN,39.0,114,0.2179085267370065,0.2040767176385231,0.22264046142859295,0.5532276180638822,0.5889378369407869,0.5800370792744999,0.15790572462775856,0.2873940025351913,0.45483047636272855,0.6976047976069976,0.5522549622639704,0.37242453748226834,0.6472444496631784,-0.02778211701052946,0.32032835532644255,0.6834967320261438,0.004003267973856209,0.0,0.20910947712418299,67.8727009936766,0.004268292682926829,0.24388222673893406,0.23637619692863596,0.34554029304029305,0.05193965517241379,0.06310160427807487,0.16524725274725277,0.16967657342657344,0.14044802867383513,0.34395863723684944,53.72498833211582,544,2026-09-25,7.8,0.25,8.0,3.5298895253682487
669326,Bryce,Teodosio,LAA,47.0,28,0.22101742220696485,0.22627020415162585,0.21220025251414099,0.5925887707418696,0.5660618017147205,0.5828250166984841,0.12512147714196709,0.30411282834771647,0.3736721776514549,0.7189108844633109,0.5522507329123821,0.215325129609656,0.5577076558789762,-0.03057428378610194,0.3218655426314092,0.9205000000000001,0.08983333333333332,0.0,0.5938333333333334,81.12267441860465,0.008139534883720928,0.39894089147286826,0.37658488372093024,0.3611111111111111,0.015789473684210523,0.2159090909090909,0.039473684210526314,0.2330357142857143,0.37372325180717497,0.44573028322295216,52.2885942902795,258,2026-09-27,8.666666666666666,0.3,8.666666666666666,3.5002659574468087
695731,Braden,Montgomery,CWS,109.0,266,0.22164770844031328,0.1821616616698588,0.23782808098910851,0.5091108437902847,0.6174772020683649,0.5879603676004491,0.1626482368844553,0.24343577329645633,0.4663970428861124,0.6273430661322199,0.5521745049620039,0.4784963648984185,0.6732618161216647,-0.03578586263844519,0.32465672491705583,1.0838592767462425,0.14084358974358974,0.0049,0.13372979487179487,88.43496499941821,0.03206889207205183,0.31377375341053176,0.33816342616165385,0.33779740047793905,0.06924030552291421,0.1569328316610925,0.2608674816933425,0.21565373365827628,0.31180350324214423,0.3301623418440617,53.056742264062166,1444,2026-10-03,8.066666666666666,0.75,7.833333333333333,3.5383899345335514
691788,Joe,Mack,MIA,62.0,262,0.22335704472222723,0.20694759663206264,0.22724019656035777,0.5573725950090691,0.5959195901594391,0.5887369309918924,0.1775284564278799,0.2673251607604788,0.49691276539528195,0.6649168116530575,0.5517817532574738,0.4475799808888147,0.6382639219072378,-0.03695517773441859,0.32485429599013077,1.1251798372397535,0.15573997402970272,0.0037808641975308637,0.6951239488989813,70.96652092760182,0.08898472850678735,0.2543955203619909,0.30744487556561084,0.18373705312395588,0.26883333333333337,0.1329861111111111,0.2546875,0.14651204994192799,0.2660854106743369,0.33540303388262843,57.31882908231385,1284,2026-09-25,8.076923076923077,0.65,8.333333333333334,3.5150777414075285
691181,Emmanuel,Rodriguez,MIN,15.0,33,0.1802055970946999,0.1452245541195681,0.19610607117430529,0.428047720124059,0.5403142951249128,0.507113132148542,0.08695513576485565,0.29577828401255607,0.2766765557013231,0.7130734498549334,0.5516088249234916,0.29143795714506004,0.7679393219046169,0.04449569277494958,0.2797280789277286,0.9934895833333334,0.20270833333333338,0.0,0.21619791666666668,68.76586853448276,0.14073275862068965,0.26880323275862067,0.3611976724137931,0.16875,0.084375,0.0421875,0.140625,0.084375,0.36944444444444446,0.428125,48.90449438202247,178,2026-09-25,7.083333333333333,0.6,7.4,3.560490998363339
811965,Joshua,Kuroda-Grauer,ATH,32.0,42,0.22142500991635683,0.23729329649038927,0.2093348868123321,0.620916272406806,0.5687566253521663,0.5919074662602486,0.252381884912968,0.4649923738264983,0.6470923554132175,0.8935154979188303,0.5513614384191522,0.500436192839144,0.8618613704787786,-0.0405460278410964,0.32635495200828646,0.8201351351351351,0.1868243243243243,0.008277027027027024,0.0331081081081081,88.08823770491804,0.0028688524590163933,0.3217803278688525,0.30591598360655736,0.2361484593837535,0.1136200716845878,0.056249999999999994,0.1527777777777778,0.2358974358974359,0.26007516657870433,0.42778520220817823,51.10544782134561,262,2026-09-27,7.0,0.15,7.0,3.5808919803600654
691019,Kyle,Teel,CWS,45.0,111,0.21055356582245482,0.2228749078253887,0.20555842717261674,0.6093483039975769,0.5759011816555526,0.5857562555922831,0.12720087042635142,0.24717921382840174,0.3977873831180465,0.6529829672536087,0.5512972400496277,0.35525989596374474,0.6447401040362553,-0.0344590155426554,0.3229258070498299,0.9566950569186562,0.394615108311229,0.10319504310344828,0.47432961704244037,88.44883854166667,0.12450187969924811,0.3701419364818296,0.42422946311090226,0.31941687175280287,0.11440277777777777,0.010714285714285713,0.268833836351442,0.2038697853807,0.30295743440552186,0.2892687844002704,46.533298139547306,668,2026-10-03,3.3333333333333335,0.75,3.5,3.727639116202946
699115,Carlos,Jorge,CIN,5.0,45,0.2217842083242288,0.22057395405804658,0.22191868102047124,0.6120955623371411,0.6146326726196442,0.6143795134047418,0.11243750015776109,0.33037105932225413,0.36445478688654764,0.7821598389452042,0.5507314169154565,0.23098652405492354,0.6682144360118811,-0.06364809648928538,0.3383580999412221,1.401723484848485,0.21906818181818186,0.0,0.3923181818181818,77.93750000000001,0.04696969696969697,0.3885454545454546,0.38434356060606056,0.1785,0.30714285714285716,0.32670454545454547,0.0421875,0.2870098039215686,0.24443264563106795,0.30000000000000004,46.38758782201405,183,2026-09-27,2.3,0.5,1.0,3.800184124386252
665750,Leody,Taveras,BAL,158.0,313,0.21634268919075525,0.20423716056829383,0.2224534672174291,0.556138861313868,0.5912200235274254,0.5796827313721515,0.16597468291109888,0.23803691981867833,0.4754808154593916,0.6196100957517989,0.5506434030727815,0.4604256517486356,0.6279126221787636,-0.02903932829937006,0.31919847190528655,1.029776586749228,0.13390788542481466,0.0013004246284501059,0.2399264840740039,66.42830555555557,0.046316029143898,0.24754363205828783,0.2732262413479053,0.45783991683991687,0.10113110461575935,0.28427814938684504,0.12655677655677655,0.30163412246793964,0.14892630881199911,0.30800720029703577,52.93102601694438,1883,2026-09-25,8.0,0.55,7.5,3.5553907528641573
670764,Taylor,Walls,TB,146.0,274,0.20881582995036518,0.2189764264667099,0.20340178947085305,0.5774425267701853,0.5473378328558904,0.5579705558261945,0.16016276360288367,0.2358378053072459,0.4557661044711908,0.6083946818608533,0.5504656330341349,0.4650073200605258,0.6408201434424556,-0.0075049227920596095,0.30714361522727424,0.7838472483291562,0.2505088241436926,0.0043749999999999995,0.17256461466165415,72.29936313999283,0.05008324382384533,0.18074865198711065,0.2056879976727533,0.2144133264816718,0.07335858585858586,0.10773809523809524,0.103307055263577,0.22187852022529442,0.1893291641329108,0.30297783800194,49.49590866603716,1714,2026-10-03,8.857142857142858,0.35,9.0,3.4854541734860884
682177,Daniel,Schneemann,CLE,67.0,219,0.22205779815552246,0.22567299261651774,0.2209517797587796,0.594570423233794,0.5857771058793579,0.587849217569185,0.15083071424269898,0.24194076601375517,0.43848980777473945,0.6238462619168537,0.549929790371189,0.40776720835377317,0.6144942289186515,-0.0379194271979959,0.3232757969876894,2.8570891608391613,0.0513986013986014,0.0,0.4371328671328671,96.83200374531836,0.1414325842696629,0.462764372659176,0.5092833801498128,0.2667578849721707,0.4002042900919306,0.3889455782312925,0.1337875939849624,0.45343137254901966,0.13547197640117994,0.3887110460743599,46.13896864814527,1137,2026-09-27,8.0,0.05,8.0,3.5298895253682487
695681,Christian,Moore,LAA,51.0,95,0.20269411218293593,0.21974501351511022,0.19354047041513706,0.58576058262734,0.5341942074749428,0.5527022477546888,0.11875807430501015,0.24056476761367954,0.3617485250079816,0.6237008274406938,0.5496914667009133,0.37258971384496664,0.6752097667747393,-0.003010781053775502,0.30381570921716644,0.8154270577215783,0.445613804004215,0.004195205479452054,0.5444726173750147,90.80927175543887,0.1011790447611903,0.3557124449862466,0.41848818017004263,0.25922735760971055,0.1349812030075188,0.0,0.08934676434676435,0.21022758770887778,0.262430721053161,0.3170440319081623,50.23150453184353,598,2026-09-27,6.944444444444445,0.9,7.571428571428571,3.551747720364742
624641,Edmundo,Sosa,PHI,138.0,113,0.23791033178400584,0.2556587530301167,0.21623526866928644,0.6494470283395352,0.5789549610015039,0.6188575826580495,0.18683907994123905,0.29126781594818335,0.5201555504849247,0.7054437693503541,0.5495623851235449,0.40776720835377317,0.6144942289186515,-0.06929519753450453,0.340100849177349,1.9785763197211155,0.017081673306772908,0.039840637450199196,0.28643862051792823,88.29766515417644,0.02163592896174863,0.270585543520687,0.27936551278298205,0.34278532073986623,0.22229859571322985,0.26187499999999997,0.2449754901960784,0.3115275974025974,0.3057536871178284,0.6309874092009685,34.2462971810798,920,2026-10-01,7.142857142857143,0.35,7.6,3.5502905073649753
699393,Pedro,Ramírez,CHC,47.0,218,0.20841767156647767,0.26117181046917515,0.19704407281222638,0.6617262323542117,0.5442661340617294,0.5669625429375971,0.19045931768010788,0.2925073325912437,0.530740990361152,0.7103520152208787,0.5493368861701762,0.3983739722469014,0.6136972782384921,-0.017625656767420894,0.3114534379124644,0.9165124912648497,0.11396575821104127,0.15982005590496157,0.24879498602375966,89.03420715249663,0.016971509971509972,0.24548879011096114,0.244275754985755,0.2673367721394524,0.2240022443403591,0.11764275902668758,0.22473864141125705,0.20509137899478677,0.1893667113613391,0.35781284276954595,51.7947330505439,1017,2026-09-29,7.6,0.75,7.0,3.5808919803600654
630105,Jake,Cronenworth,SD,97.0,339,0.20881681865276686,0.21377381014037475,0.20739844645719765,0.5714936206295426,0.5591246607977274,0.5618982980905669,0.16261049730694385,0.23717323224906803,0.4649037809695096,0.6147675608774081,0.5489952928555226,0.4349725864921189,0.6168223413435806,-0.012903005235044285,0.30847952071525053,0.9407741963354997,0.2791690918753892,0.17261191305975285,0.6010510655922253,84.76279702773614,0.04442023988005997,0.23160934197901045,0.25489171525487253,0.24853678720096295,0.10144787644787645,0.16487002825030994,0.20877868852459017,0.14001899921799799,0.16930466917783943,0.3007486006739719,44.78452091035372,1796,2026-10-04,7.5,1.0,8.142857142857142,3.5235416179565116
645305,Ali,Sánchez,NYY,42.0,48,0.2240073514305578,0.21623533389869953,0.2308078667709338,0.5745602247438522,0.6016658003100299,0.5891752227177522,0.1579819438436464,0.330517056457328,0.452918545292452,0.7552338204925336,0.5489464745891073,0.24891373465561337,0.5410093854307492,-0.040228748128644964,0.3234256614261622,0.4721759259259259,0.006805555555555554,0.11990740740740738,0.07972222222222222,64.70478832642769,0.01718158890290038,0.17692870203566924,0.17786331742028466,0.26897727272727273,0.05966666666666666,0.3125,0.22486772486772488,0.18816194581280787,0.10442115624699894,0.41112745098039216,54.22624997465583,310,2026-09-25,8.25,0.2,8.5,3.507671849427169
672356,Gabriel,Arias,CHC,50.0,97,0.18059351942549962,0.19569457550162633,0.17280946990172297,0.5490884501567392,0.500363034240952,0.5173449055892062,0.17049881241017126,0.30577249510941695,0.4952395825798984,0.7367814723397301,0.5489414252108143,0.41245459838218734,0.6858903373450472,0.03159651962160814,0.28399204979969306,0.8517857142857141,0.02916666666666666,0.0,0.054166666666666655,51.0894375,0.017499999999999998,0.1695121875,0.17345187499999998,0.36464544721998393,0.10495283018867924,0.08412698412698412,0.07976858345021037,0.24245798319327733,0.25883281520865414,0.45556832547982984,40.34841698055583,570,2026-09-27,,0.0,,3.6573513366066557
687597,Jordan,Beck,COL,96.0,83,0.2131585045935138,0.23913656366568112,0.18311159289558535,0.6189115255114757,0.5102841611837363,0.5709642199340161,0.13439216775161802,0.2475860732401314,0.3991712847543418,0.6336415251336107,0.5488833338527416,0.34012932293855763,0.5827595186924353,-0.022080886081274564,0.31339274454801275,0.7974150372439478,0.4276664338919926,0.0,0.03763966480446927,80.49620061728396,0.006481481481481481,0.37893640432098774,0.3779818672839507,0.29607142857142854,0.20262725779967158,0.15333781362007168,0.1659061326658323,0.2791075917546506,0.3165299193840216,0.3469241918689753,50.36588840113713,710,2026-09-27,7.714285714285714,0.35,8.0,3.5298895253682487
814439,Ryan,Waldschmidt,AZ,84.0,193,0.19590447955161908,0.14003345507761764,0.22022140212061453,0.42406160416359595,0.5973746358709607,0.5495186866700186,0.18529203627876184,0.28415951611781487,0.5273900017538855,0.7055496738066206,0.5485152396201121,0.45972198968550965,0.6730617656538177,-0.001003447049906514,0.3014193740945345,1.5500544170736887,0.15673072839244,0.050504353365895094,0.042012635379061365,56.54326262626264,0.035,0.2016688888888889,0.22835909090909096,0.10186167473478215,0.33360389610389607,0.06016504126031508,0.09428571428571428,0.28675293028203763,0.33355141325536064,0.3339539526226549,58.11689719139619,1115,2026-09-24,9.0,0.25,,3.6573513366066557
703197,Michael,Arroyo,SEA,21.0,19,0.24984810981372374,0.2521407733742701,0.24731411324680408,0.6508371123199255,0.6426066400662166,0.6469449440695132,0.20084502231782703,0.4798225381012234,0.5560131868717597,0.9062396806754792,0.5482165359306929,0.24809535365737387,0.698830199745016,-0.09872840813882033,0.35466591617566434,1.5681392045454545,0.25659374999999995,0.0,0.16724431818181815,80.18305555555557,0.015517241379310345,0.37419928160919547,0.36297753831417634,0.55,0.4007352941176471,0.24333333333333335,0.365,0.23625,0.09642857142857142,0.3262087912087912,47.2728494623656,124,2026-09-27,7.0,0.35,6.0,3.6215834697217675
671976,Tristan,Peters,CWS,69.0,426,0.21142414688668237,0.21059946332856366,0.2115577223925748,0.5728686022721343,0.574730788473965,0.574471563284519,0.20485007339483854,0.27995618026424784,0.5615719271723598,0.6931712753186889,0.5479798095792185,0.45374850912928033,0.6104192680185561,-0.026491753705300436,0.3147988178573267,0.8785112871135599,0.24465970309152127,0.11443243036424855,0.3686306244260789,87.95540198687475,0.015247347388728127,0.2238878617627808,0.23370264328837675,0.1797062571683446,0.21359430923407302,0.45175304878048783,0.1989536143135356,0.20001955869507426,0.16808924272914716,0.35010174654864135,52.88137066513781,1812,2026-10-03,7.076923076923077,0.65,6.6,3.5971685761047465
656976,Pavin,Smith,AZ,7.0,114,0.22408415538194418,0.1424404632230949,0.2290973645495928,0.42499872038110487,0.6082054000811432,0.5989520926591765,0.10962287422309551,0.24155420456819165,0.3417301474749129,0.6305295132404674,0.5471084375081461,0.2634832568429192,0.5540410633965382,-0.0518436551510304,0.3276917435569964,1.1669154892028792,0.2320581178352439,0.0,0.4568148493735004,85.83833333333335,0.05267857142857143,0.3044193452380952,0.3285803571428571,0.28522889502236604,0.20932692307692308,0.15000000000000002,0.1888379942140791,0.22125,0.20897862575031279,0.3415289256198347,56.624524436640336,493,2026-09-27,6.909090909090909,0.55,6.5,3.6012377250409164
701358,Cam,Smith,HOU,147.0,422,0.20575620668916506,0.20567347549499962,0.20578502537528431,0.5586105923239872,0.5588307106719967,0.5587738510988889,0.1613398779019615,0.2259251417727632,0.4647006391235218,0.5972967463933708,0.5467591514193955,0.4309481518820816,0.5884265041231554,-0.012014699679493424,0.3055147166621761,1.3854140704052829,0.31578749933429195,0.10993325167314623,0.31930355843141434,87.38326738300407,0.14454673926369627,0.3705367772808078,0.4712691546474359,0.22193107955348312,0.15038573055814436,0.22857142857142856,0.1795995670995671,0.21691108908821477,0.31439324290800974,0.34266063624588955,58.684144695866294,2402,2026-09-30,7.631578947368421,0.95,7.571428571428571,3.551747720364742
519317,Giancarlo,Stanton,NYY,30.0,67,0.1616969476498137,0.028096100049366465,0.2215182226947901,0.0989805822902271,0.5998181596360597,0.4753729024644533,0.1635147536639664,0.3307408769424596,0.4795216052164688,0.7697831644288466,0.5464013370547458,0.3706733186979878,0.7333436111893266,0.07102843459029251,0.25974438950617257,0.2399484536082474,0.03788659793814433,0.0,0.08840206185567011,16.47381147540984,0.031557377049180324,0.06324959016393442,0.07763975409836066,0.028571428571428567,0.0328125,0.05217391304347826,0.02019230769230769,0.05333333333333334,0.05228571428571429,0.045,76.52185089974293,389,2026-10-03,,0.0,,3.6573513366066557
608348,Carson,Kelly,CHC,137.0,295,0.21193073739389534,0.2164938722898906,0.2098115866116874,0.5773495181916226,0.564487606463828,0.5685964448918948,0.1920231936596597,0.271084330270807,0.5288834874331758,0.6724587576150163,0.5462171779543654,0.5030073159832377,0.6775551970803649,-0.02237926693752934,0.3105771455237356,0.5491747150731914,0.08151533018867924,0.17621960225182978,0.15947654612159332,82.58064230019492,0.013874269005847952,0.265334410331384,0.27174340399610136,0.12420738517380986,0.24833619374523264,0.14218971631205674,0.16145169432700196,0.15946403893528813,0.21864679339477727,0.2811777773260563,58.97725681640614,1662,2026-09-30,8.076923076923077,0.65,8.0,3.5298895253682487
701678,Hao-Yu,Lee,DET,144.0,215,0.22165485578834915,0.2372487489513061,0.2112105738559501,0.6396347831559748,0.5910381831951965,0.61107434062449,0.20089349731386036,0.2892419447569376,0.5705116032631059,0.7238202184464955,0.5457469048103969,0.4659852332977716,0.6492206505667493,-0.06532743581409306,0.33349193000486954,1.0395569959288622,0.28695762802656954,0.0,0.2628749732161989,78.22794719452358,0.061768689986282585,0.2857407394062405,0.3153421875601301,0.27765412627818326,0.13061241569438292,0.08375,0.1920130733628074,0.16451306660246448,0.25801651305683565,0.2693096968649592,65.89332878850468,1389,2026-09-27,3.2941176470588234,0.85,2.142857142857143,3.7686462473696514
688363,Graham,Pauley,MIA,8.0,143,0.2227326660588071,0.1418966979466432,0.22725495798116593,0.42308619324408847,0.6041312984324423,0.5957405355864283,0.14286154428419245,0.26944055689028895,0.4254144405955753,0.6764689769885843,0.5453094595965707,0.32657579152922234,0.5854602451289419,-0.05043107598985752,0.3248629495204068,1.0939362582781456,0.1301117549668874,0.03661009933774834,0.321171357615894,76.65978104575163,0.04247899159663866,0.2677173062558357,0.2826894864612512,0.16941275602800104,0.07571428571428572,0.35502873563218396,0.2434891304347826,0.13567947646895015,0.14829865345528456,0.32718393024132925,53.753921436293304,630,2026-09-27,7.555555555555555,0.45,6.666666666666667,3.5944558101472994
664728,Kyle,Isbel,KC,74.0,238,0.22096912957530662,0.208269062307754,0.22491788998622636,0.5591979983628279,0.5908636302368115,0.5835054138162175,0.1698704610390401,0.2602233566880762,0.4795365492378091,0.6525855217000465,0.5445701285270521,0.41196037089885473,0.6080713876874436,-0.038935285289165344,0.31775961819812826,1.0613721955128206,0.04780248397435897,0.005889423076923077,0.043189102564102556,88.45989433293978,0.004772727272727272,0.3666109828807556,0.35080333161157023,0.2799798387096774,0.39087481146304676,0.09007936507936506,0.3098431186407673,0.0956487347190357,0.16779678984540097,0.4037547524819237,58.1008797677457,1148,2026-09-27,8.5,0.7,8.5,3.507671849427169
687859,Troy,Johnston,COL,109.0,334,0.20985103504254124,0.21520858697611583,0.20810261240553635,0.5783854647281421,0.5646214537945966,0.568037623352706,0.21035467616362002,0.2905868868942427,0.5690180783548362,0.705814665347154,0.5440319692299984,0.5228464818201277,0.6895298089950423,-0.02400565412270761,0.30903062682930077,0.7120608152967735,0.1887528216704289,0.15003950338600452,0.11876161864294249,91.35925524150743,0.0039012738853503185,0.38904530420647554,0.37090320295912954,0.1666459790867374,0.12373792270531403,0.0651063829787234,0.15951912712877497,0.09773809523809524,0.3227567744755245,0.4886034007959828,45.2870071691021,1637,2026-09-27,6.333333333333333,0.45,7.333333333333333,3.56389116202946
663457,Lars,Nootbaar,AZ,49.0,279,0.22365330908380437,0.18656797789660962,0.23016650345001421,0.5437485103280129,0.6299273944391561,0.6178873282057329,0.1669574025125074,0.2544530484831757,0.5005169106833094,0.6723716197075085,0.543753547881363,0.4362945616137018,0.6391027887609749,-0.0741337803243699,0.33597842690280344,1.0802559705284553,0.4191263338414634,0.0,0.36491679369918706,85.63252784577723,0.08198388412892696,0.3172089851081191,0.3627392992656059,0.25221980495123786,0.10589459222682383,0.22488865323435842,0.12951034986257445,0.23882988277220962,0.1584547370847949,0.23245839608089175,47.254262929481726,1398,2026-09-27,1.5,0.8,1.0,3.800184124386252
695734,Daylen,Lile,WSH,177.0,468,0.21671241059419985,0.2155198664501467,0.2171634369050917,0.5896812497894572,0.5928273499370793,0.5919657549677357,0.19866547342022045,0.26345274474307767,0.5563893486504196,0.6744382888123788,0.5435569748678991,0.5289051905524178,0.6786124929736372,-0.048408780099836624,0.32176711499565447,0.9288957522185977,0.05065503875968992,0.005697674418604652,0.2912507278403311,73.37768491336702,0.10186921948834937,0.22156645423931348,0.27335604633099775,0.18911650264300525,0.15357237874797136,0.29656546256946714,0.2485028506525322,0.10989422306510536,0.1897604386582219,0.4412903152963824,51.618475218132474,2407,2026-09-27,4.625,0.8,5.0,3.6699468085106384
800543,Josue,De Paula,LAD,13.0,30,0.19735713679795158,0.16054914313923696,0.21330726738339462,0.4727409730518133,0.5841633312966399,0.5524880018979637,0.13153678479384479,0.37744520297809003,0.4029750873514638,0.8233005851648,0.5435042058124073,0.253781597633706,0.746218402366294,-0.008983796085556328,0.3002795526924365,1.2483333333333333,0.6480426356589147,0.0,0.4327519379844962,75.03097222222223,0.05000000000000001,0.3225099537037037,0.3282993055555556,0.1396551724137931,0.16875,0.225,0.2625,0.081,0.2767307692307692,0.12397959183673471,52.97206165703277,173,2026-10-04,6.6,0.5,,3.6573513366066557
681297,Colton,Cowser,BAL,63.0,325,0.21774996841901895,0.13078013854354287,0.2346087354410343,0.39599705188064904,0.6177835454076972,0.5866231938101906,0.1618093882134423,0.2410103116104145,0.470030226127233,0.6291585630305749,0.5433760883355697,0.3720873778212364,0.5395743482513645,-0.04324710547462085,0.31875701637950016,0.982428413742847,0.4293157042351631,0.0015786082474226802,0.19183485998885486,68.8500349025974,0.01670454545454545,0.30489560606060606,0.3058202398989899,0.14038306451612903,0.5076322788353864,0.3056186868686869,0.1465084745762712,0.29131326544976777,0.2952400728059692,0.2807184305384847,58.012222409433214,1678,2026-09-25,7.866666666666666,0.75,6.6,3.5971685761047465
699302,Héctor,Rodríguez,CIN,41.0,111,0.2294920243468831,0.20766309668975458,0.23755496158960626,0.5663049033321481,0.6222165808399709,0.6076806562877782,0.1589758302199794,0.2891812863086289,0.46280081252563077,0.7062634195501978,0.5429224216578118,0.36484508651543807,0.6574557044556735,-0.06475823462996644,0.3299234535063689,1.0692269736842104,0.04382675438596491,0.004029605263157894,0.3646543311403509,75.17056114779245,0.05225730292116847,0.21304137174869947,0.24359557983193278,0.30914583333333334,0.16603260869565217,0.3078225806451613,0.14246704331450094,0.269755720180045,0.22698173134881997,0.4641031492469192,45.76504167240667,560,2026-09-27,6.5625,0.8,6.8,3.5890302782324057
683021,Michael,Stefanic,ATH,22.0,7,0.2354451703866278,0.24030032031987014,0.22018612773929475,0.6340130064124943,0.5973080193405275,0.6253856416002106,0.17275616744483213,0.4923013423309317,0.5002452736162644,0.9161896284413831,0.5427090847243421,0.26799202452413634,0.7320079754758637,-0.0826765568758685,0.33940246915259575,1.3175287356321839,0.46817528735632186,0.0,1.1908045977011494,70.581625,0.0,0.29974625,0.280313125,0.4951190476190477,0.042777777777777776,0.1433333333333333,0.47810897435897437,0.1,0.05301724137931034,0.17751335072031793,34.47032146413162,131,2026-09-27,8.0,0.05,,3.6573513366066557
679822,Justin,Foscue,TEX,162.0,84,0.21231921491663044,0.2559971466015499,0.12808320381000005,0.666389970716111,0.3987956358191157,0.5876982754195885,0.1981560366728978,0.30552921802699506,0.5594985370590919,0.7416770020699817,0.5426999418435617,0.37360956939896406,0.5674753279554245,-0.04499833357602678,0.31894381989177223,0.7984568839456724,0.08322023341201155,0.09850451803638272,0.20733346446367693,79.50123137598598,0.02676745544843704,0.2767015556529361,0.2798636722173532,0.3212339743589744,0.11350650492264416,0.24042279411764708,0.2840925141242938,0.2926635075136612,0.16872999372999375,0.3142308447967525,53.16156690646554,995,2026-09-27,2.4285714285714284,0.35,4.0,3.712356792144026
806956,Ethan,Salas,SD,8.0,36,0.2424803751259985,0.21747892231685706,0.24803625352802988,0.5809728643832632,0.6361821603872038,0.6265578388694388,0.14574213828964883,0.39440566358959156,0.42805584117535833,0.8311804465176763,0.5424189731875154,0.2455951812700563,0.6628358435795723,-0.08413886568192341,0.33985685960214973,1.3953740530303032,0.09458806818181821,0.0,0.3217092803030303,89.03685724431818,0.0140625,0.3535780184659091,0.3479336292613636,0.44956043956043956,0.13482142857142856,0.0,0.22642857142857142,0.4174199084668192,0.17003351752876167,0.3261666666666667,50.416666666666664,168,2026-10-03,8.555555555555555,0.45,7.666666666666667,3.546890343698854
663586,Austin,Riley,ATL,191.0,454,0.19279806065007285,0.20482400273906803,0.18773868853774228,0.5628035530334292,0.5279308980418522,0.5384596245830189,0.16659305179010683,0.22771199043962428,0.48203839368698687,0.6065513740747741,0.5414156079582804,0.4542845926725054,0.605295442381188,0.002955983375261484,0.29153044500460257,1.0588854337953177,0.3920532358468405,0.1493861531986532,0.3949537966878084,90.54655982390969,0.1416915144315654,0.30592059486975237,0.38604681062909385,0.15901948448104936,0.10683320648275893,0.24934065934065935,0.22442883306131087,0.08928282828282828,0.2866963011363217,0.2700819418725449,54.24167524141893,2629,2026-10-04,6.842105263157895,0.95,6.285714285714286,3.6099573299041383
641680,Jonah,Heim,ATH,158.0,229,0.20003644348820568,0.23381435295881592,0.17673116097136543,0.6075650265538788,0.4949055152703018,0.5433627173051605,0.15278535744165042,0.2305963320874451,0.4413951539299712,0.6017455857587368,0.5410958613543204,0.4477444255355315,0.6349446535848303,-0.0022668559508400854,0.2940113175480599,0.8632931693068193,0.26138626746058496,0.0031653746770025836,0.21707364341085272,65.65459336419754,0.009722222222222222,0.19347483796296294,0.1977270736882716,0.21749961813113378,0.15979171511252357,0.074875,0.2114344988591499,0.08610709943174769,0.1591801852672608,0.2866898525092427,53.906572731923596,1457,2026-09-26,8.076923076923077,0.65,8.4,3.5121153846153845
668901,Mark,Vientos,NYM,123.0,169,0.21541560153365907,0.20247128350618357,0.22483661406253175,0.5674057858074122,0.6106623076695662,0.5928461727944683,0.15691232138010425,0.24817444130155408,0.46857507661835807,0.6523412245586194,0.540670418179469,0.40269096786899555,0.6083172217063596,-0.05217575461499924,0.3205343881608829,1.0093214897260274,0.08214362157534245,0.006292808219178082,0.18833476027397258,69.62370433087027,0.025756509500351864,0.21322166901243256,0.22526695109078115,0.15044677544677545,0.21708638583638584,0.06228448275862069,0.18239683933274803,0.12654285159303127,0.29295220178372355,0.3297135428435268,54.7871506435981,1068,2026-09-26,4.375,0.4,4.2,3.7038747954173488
676551,Brewer,Hicklen,ATL,9.0,38,0.1990875546963187,0.1395922958117754,0.21317853706371054,0.41181579368784704,0.5710027755716316,0.5432633624971244,0.11989707998094996,0.3490402670919841,0.36289758963200125,0.7802814835086325,0.5404258231582026,0.24809535365737387,0.698830199745016,-0.002837539338921724,0.2935935498692015,0.6363696808510637,0.24026595744680848,0.0,0.03909574468085106,79.43637500000001,0.04211956521739131,0.22561684782608699,0.23254940217391304,0.19683201058201058,0.12767857142857142,0.04444444444444444,0.08333333333333334,0.19916571319603354,0.26969362745098036,0.19748636320137802,61.492872077829205,174,2026-09-27,8.25,0.2,8.0,3.5298895253682487
553869,Elías,Díaz,TEX,101.0,127,0.2178039562107525,0.23332713648162406,0.20545874985360268,0.6085409200152269,0.5559599929626068,0.5798388365512059,0.17442746434460282,0.28209769452507016,0.49165894903705054,0.6895965213621871,0.5397380901976825,0.41552028690262677,0.6345789980939448,-0.04010074635352345,0.31296110626259405,2.449301309339525,0.053028250773993806,0.005372807017543859,0.7776280314757482,81.33067187500001,0.1814453125,0.23475359375000004,0.3449478125,0.12007373845060412,0.16802173729884573,0.5881493506493507,0.12642045454545453,0.5176339285714286,0.19033915092473896,0.3681107336845042,51.27882046237063,942,2026-09-27,8.11111111111111,0.45,8.0,3.5298895253682487
687462,Spencer,Horwitz,PIT,89.0,357,0.19641187018000267,0.2138666011253545,0.19206041064460683,0.5775421822113627,0.5340559102532848,0.5429799345883382,0.17546209421265135,0.25100250805772706,0.49885973047252896,0.6447551913741719,0.5392736102170443,0.5047115802156262,0.6819799307361761,-0.003706324371293812,0.29281474960086773,0.6911498921078056,0.5357167083652338,0.00961322869955157,0.3015795610940975,82.1663688034188,0.008974358974358974,0.2608552938034188,0.2604816047008547,0.17400358647077432,0.12371178732183047,0.06457023060796646,0.11454991580999646,0.1619963612321691,0.16194065718042563,0.21450301673827793,43.815317891531635,1810,2026-09-27,7.076923076923077,0.65,7.0,3.5808919803600654
691011,Drew,Romo,CWS,40.0,163,0.09463345190770195,0.21467274856469631,0.06517595579555607,0.5692711982016284,0.2093572047929294,0.2928466909728338,0.08892387487328957,0.1810483982825566,0.277180863416411,0.5014995451606208,0.5392483180100215,0.27579361833967975,0.5173365819458839,0.2464016270371877,0.15791708554190115,0.5392241379310345,0.06034482758620689,0.009051724137931035,0.04525862068965517,28.91481203007519,0.010526315789473684,0.074821992481203,0.08536484962406016,0.3867615467239528,0.029177897574123986,0.024696356275303644,0.272140522875817,0.040361689230147504,0.2656980950084398,0.2918220522441911,57.20075608798114,737,2026-09-27,9.0,0.05,9.0,3.4854541734860884
642708,Amed,Rosario,NYY,160.0,83,0.22208506390058175,0.21683269623845408,0.23221010999624958,0.592195666048096,0.6208197815755363,0.6021433279770525,0.17450192918845353,0.27858832297188496,0.5052880740824871,0.6983246891871357,0.5391199079485869,0.3966097232742094,0.6033902767257906,-0.06302342002846562,0.3246274555508443,0.7201769648188494,0.42796840958605664,0.0,0.3233962720890825,66.75466449579834,0.031932773109243695,0.2560312647058824,0.25597236764705883,0.1758036272670419,0.2861244292237443,0.36798654244306417,0.23398705096073516,0.15943152454780363,0.1999363859276318,0.42865802575614687,52.51663196472885,891,2026-09-29,5.0,0.25,5.0,3.6699468085106384
666023,Freddy,Fermin,SD,75.0,182,0.22993901881251114,0.20199092023808157,0.24145609240087496,0.5542404726020712,0.6282731434673849,0.6076635064527189,0.1404056307294964,0.2346937083979988,0.41828221321614645,0.6162691647516545,0.5388451815401814,0.352733326843646,0.5647598410332293,-0.06881832491253759,0.3274365524498585,1.4677797972557856,0.16861176530821217,0.007149805447470818,1.2357560669670287,86.09345574387947,0.006920903954802259,0.2330987288135593,0.2372713747645951,0.2982442348008386,0.2654188316800504,0.075,0.30672010915913356,0.17656805259417202,0.23359701420192913,0.3397898198164286,44.163466865475485,1021,2026-10-04,8.5,0.2,7.0,3.5808919803600654
605170,Víctor,Caratini,MIN,126.0,247,0.20970730082031663,0.1885875202896214,0.22048095404650125,0.5234700495762558,0.586646826875989,0.5660245747401418,0.15618775527777248,0.2361296380455533,0.4524774347996984,0.6153342130016674,0.5387108330830082,0.42476730553927733,0.6116488167787049,-0.027313741657133628,0.3049235702037172,0.6860204208771569,0.054189008042895434,0.1831658446185926,0.30566779948901257,66.62232141250561,0.022407782276203325,0.17690192082771028,0.18032745389113808,0.3246137339055794,0.07820234027130579,0.06447368421052631,0.2066228728728729,0.11778502939529675,0.25118199089969706,0.24934344310532736,56.49438075459211,1464,2026-09-26,7.333333333333333,0.45,7.666666666666667,3.546890343698854
686780,Pedro,Pagés,STL,95.0,110,0.21499575691992356,0.21890306350836586,0.21162126486626887,0.5796179931783059,0.5657099081286832,0.5721953621203222,0.1509883120253367,0.26004817136944447,0.4368131860804846,0.6522968575113038,0.5375786180036902,0.3765217187108694,0.6093622535188515,-0.03461674411663196,0.30759999199676386,0.918760162601626,0.9517886178861791,0.005975609756097561,0.3572560975609757,82.25119360902255,0.007894736842105263,0.5144584586466165,0.5084626879699249,0.24509401852471824,0.12654977375565613,0.1880050505050505,0.1310587308730873,0.21207559681697613,0.28535859795636864,0.20666434801693495,47.09595928815212,879,2026-09-27,8.5,0.2,8.5,3.507671849427169
668709,JJ,Bleday,CIN,152.0,388,0.19862575838510932,0.1956770915398721,0.1997809062213878,0.5516699583031537,0.5600396444691693,0.5576953460964074,0.15640058083321573,0.22209476092880415,0.4655834970312156,0.6035715218672069,0.5375589827806824,0.4790094724543421,0.6452218836456789,-0.020136363315724992,0.29979414294910534,1.4480467565518735,0.25153457331600604,0.0034027777777777776,0.21074959389213777,82.41341736343367,0.05684434225195095,0.33946119843924194,0.37686869634894093,0.22354292572534862,0.17233437663015128,0.12209039548022599,0.11482070069875776,0.1764397758846584,0.22314845188410806,0.22453241294731677,64.31610022053395,2152,2026-09-27,5.222222222222222,0.9,4.666666666666667,3.6840834697217675
690291,Jace,Jung,DET,0.0,11,0.2206443742452211,0.0,0.2206443742452211,0.0,0.5981728055571466,0.5981728055571466,0.051367689746085105,0.47698056196084426,0.1754081844750831,0.9065625864112795,0.5374416245207838,0.09677141110578041,0.700006684861608,-0.06073118103636277,0.3214829643627878,0.8113636363636363,0.11136363636363636,0.0,0.0,61.10916666666667,0.0,0.6724416666666667,0.6194291666666667,0.5625,0.0,0.0,0.20833333333333334,0.0,0.7107142857142857,0.5182971014492754,36.799418604651166,43,2026-09-27,,0.0,,3.6573513366066557
657136,Connor,Wong,BOS,69.0,164,0.21028000561913013,0.21480268846335093,0.20837716954442748,0.5695195491619649,0.5571157634576951,0.5608151947348358,0.16288660725131796,0.2671118369729062,0.4618935697216342,0.6614715957940792,0.5369846576138226,0.4477154306941805,0.6725387725484672,-0.02383053712101313,0.3011491553293151,0.9764073676680975,0.044688841201716734,0.015772532188841202,0.4654649499284693,78.43925381263617,0.008006535947712418,0.21054828431372552,0.2051585511982571,0.17372767857142857,0.21123920945024988,0.08964646464646464,0.16414610723903056,0.14890873015873016,0.237351361124763,0.4021828580244193,44.00230375118933,899,2026-09-27,9.0,0.15,9.0,3.4854541734860884
571771,Enrique,Hernández,LAD,55.0,41,0.20980696279750166,0.19395130052782694,0.2310767536470653,0.5305967378361849,0.6021540151349883,0.5621940903798814,0.13910828905878486,0.30000247052485923,0.40868243918292757,0.713813344654729,0.536687537454576,0.2954126874008022,0.6041893824430271,-0.02550655292530546,0.3017225619374939,1.1764295847039474,0.1253495065789474,0.0,0.4404706345942982,78.48912125576037,0.048692396313364056,0.2370629982718894,0.27328035426267283,0.3065,0.09438725490196079,0.03333333333333333,0.11043478260869566,0.2246549344375431,0.1670591133004926,0.2672432844932845,56.513455676013976,342,2026-09-27,8.333333333333334,0.45,8.5,3.507671849427169
691026,Masyn,Winn,STL,138.0,387,0.20311777831835753,0.20086712047438343,0.20392033847977464,0.5445723370429807,0.5506466296735247,0.5490556049513198,0.17510876629711764,0.24437698906592853,0.490965735375264,0.6257735428588087,0.5366315520999543,0.5132181756799004,0.6781814178294647,-0.012424052851365497,0.2946405614742061,0.598239289446186,0.2948313841331082,0.008166666666666666,0.3269448195482678,69.21574737691688,0.005932203389830509,0.25804728006456823,0.2569645152340598,0.1427770193256439,0.09161904761904763,0.05117554858934169,0.15331439393939394,0.07627147447781485,0.2893389748543943,0.21604464184606867,49.74602437308116,2139,2026-09-25,8.083333333333334,0.6,8.5,3.507671849427169
690984,Petey,Halpin,CLE,45.0,144,0.21968422911688268,0.21176736263596363,0.22215824989216992,0.5659921403870685,0.5857311214221252,0.581090836694537,0.15944764778291515,0.275321199815623,0.45625164053315037,0.6768259313280689,0.5358656816857651,0.3625038659495962,0.5951480507395664,-0.04522515500877189,0.31138663732666966,0.791574074074074,0.4280555555555555,0.00648148148148148,0.3090145502645502,85.37099011565357,0.014671866594943518,0.27008562575245265,0.27300643010835324,0.1568061482535167,0.495355834641549,0.07151442307692307,0.14906250000000001,0.21026936026936027,0.16776256554295343,0.31594201756305507,44.54469265344779,663,2026-09-27,8.125,0.4,8.5,3.507671849427169
543877,Christian,Vázquez,HOU,60.0,199,0.1920427391482238,0.14106951493929717,0.20741155046749815,0.4114088950909579,0.5552299646325081,0.5244387378368349,0.1496103710938066,0.24546223003466672,0.43155741256604674,0.625318132840118,0.5358356858021348,0.3662334782927035,0.5761903355411505,0.011396947965299886,0.2810129907500064,0.5508614864864865,0.0402027027027027,0.0,0.056756756756756746,59.86275793650793,0.0037037037037037034,0.20472142857142855,0.19164847883597882,0.2527500830840811,0.015671641791044775,0.01,0.12874493927125508,0.17775239940937615,0.2575167974715684,0.4068649984628578,57.75103085054541,1030,2026-09-24,9.0,0.2,9.0,3.4854541734860884
694208,Moisés,Ballesteros,LAA,60.0,288,0.19521801794847193,0.23336768769225225,0.18727017008518437,0.6237626228879507,0.5336161443473839,0.5501744311146318,0.15716336054245025,0.2402925256666855,0.4668463230909815,0.6361132209552511,0.5357267019278681,0.3871534918338872,0.5757550217958225,-0.014447729186763736,0.2947431334660828,0.5557739072540037,0.4818096045688591,0.011521720757268428,0.1175950486295314,85.76613496036713,0.03397371714643304,0.19755358886107635,0.21377705778055903,0.14754844006568144,0.21251097747231767,0.09145220588235295,0.12198464912280702,0.17009862226186936,0.30331200576319,0.39012508504009613,52.33134204436297,1356,2026-09-27,4.857142857142857,0.7,4.8,3.6784288052373157
571912,Luke,Maile,KC,31.0,17,0.20945458216562673,0.21849830649231394,0.19296308486402064,0.5788533924951743,0.5285750085159862,0.5615088826941346,0.0724824932660371,0.27167176524746284,0.23197261649968826,0.6710811168900965,0.5355334146258026,0.23098652405492354,0.6682144360118811,-0.025975468068331953,0.30070676929190915,1.1985677083333335,0.30085720486111117,0.0,0.06380208333333333,81.82668055555555,0.005833333333333333,0.12914805555555553,0.15165375,0.12420634920634921,0.02395833333333333,0.4,0.04111721611721612,0.15584415584415584,0.23423582995951414,0.28441981059734683,54.636856972940826,177,2026-09-27,8.25,0.2,8.5,3.507671849427169
691002,Yohandy,Morales,WSH,21.0,26,0.22089501500948655,0.2144433479717422,0.2261059768476647,0.5800281380257646,0.6020114807132642,0.5922945173377266,0.152531540350547,0.3950817553041746,0.4483758705889481,0.8358207093750297,0.5353073322108638,0.30963235060004424,0.7383489355759056,-0.05698718512686285,0.31705959795917965,1.5866601343784996,0.0,0.0,0.7185680291153416,69.94783854166667,0.141953125,0.25560213541666665,0.33867739583333334,0.1437675070028011,0.1798611111111111,0.14583333333333334,0.17673913043478262,0.140625,0.47331799214531173,0.32800570425625275,60.41760159561207,191,2026-09-26,6.0,0.5,6.666666666666667,3.5944558101472994
686217,Sal,Frelick,MIL,97.0,278,0.20459144285105035,0.22049219082875188,0.1990433401394063,0.585967219584372,0.5442074284172436,0.5552862392747426,0.17243313904809804,0.2547678841041589,0.48829984944569704,0.6468976273290428,0.5349601328829827,0.4524405818800455,0.6354008785473941,-0.020326106391759913,0.29705600035050805,0.6695770175438596,0.6130937719298246,0.0032666666666666664,0.3553466081871345,85.13060634969747,0.010424401815181518,0.3097246510588559,0.30096616731985704,0.13686224489795917,0.1427250889207411,0.2458133971291866,0.15252722406792174,0.2117825016063397,0.05383638254105799,0.27981745330408586,46.51958470793453,1475,2026-10-04,7.555555555555555,0.45,7.8,3.5400900163666122
669224,Austin,Wells,NYY,101.0,291,0.20800982154012085,0.20981086892890682,0.20738471574538758,0.5635738328021095,0.5588374757480963,0.5600613146239186,0.13458318690064003,0.2085881909166259,0.3988674746801778,0.5611914856415383,0.534453392373644,0.3514524976882728,0.5233924849363307,-0.02560792225027464,0.299326669537996,1.5618865132452089,0.4890906195254021,0.004687499999999999,0.4837132165087327,90.59873700904306,0.0940781481981374,0.3829970793243738,0.42941303916086615,0.26839168714168715,0.40794385026737967,0.08887445887445887,0.22213263772151337,0.22785603233830848,0.2388701766787929,0.21600095130607658,52.24258890820445,1626,2026-10-03,8.0,0.8,8.2,3.521002454991817
678545,Osleivis,Basabe,SF,60.0,81,0.16625815513746234,0.18351211494646114,0.15347744416783354,0.5161602463015023,0.44934269048099074,0.4785379759990126,0.12905875098270114,0.2564762973063583,0.39031348493711693,0.6539645080106198,0.5339722045156303,0.3772246413134498,0.6664039876929454,0.05543422851661772,0.2555259779886406,0.6428669746173945,0.35868631019036956,0.013031914893617021,0.12288703807390819,68.20976730769232,0.02325,0.29121057692307695,0.28782953846153847,0.11730769230769231,0.10496323529411765,0.12907407407407406,0.10328282828282828,0.12704761904761905,0.29903856404242846,0.21700208258240217,48.45902789016562,555,2026-09-26,5.5,0.4,7.0,3.5808919803600654
702332,Caleb,Durbin,BOS,162.0,418,0.2054386487472611,0.2083301640525208,0.20431801362895471,0.568845247324246,0.56092426529106,0.5631471670255404,0.1856009190145272,0.25260273191747457,0.5225764577179645,0.6495477009787387,0.5339284435204064,0.4764168824349282,0.6319728260504724,-0.029218723505133992,0.3006802903628731,0.7399885955459771,0.2511889367816092,0.0470941091954023,0.086214529454023,82.80447115921206,0.06389441737464602,0.21573517141429283,0.23163658863276693,0.14383068508068508,0.2102193204868154,0.11541666666666667,0.16612736406619388,0.1357953703809209,0.15907459827136766,0.28188985258735916,48.36430998209282,2190,2026-09-30,6.631578947368421,0.95,6.5,3.6012377250409164
642133,Rowdy,Tellez,ATL,2.0,11,0.18382370974611456,0.031686307768256095,0.21148505556027064,0.11109394258442307,0.5806297146961439,0.5242673033606011,0.04325817835808121,0.42234631019482544,0.14933280639976954,0.8656200417180606,0.5334632620389888,0.071479212752109,0.5907245696898311,0.009195958678387628,0.27967734583113035,0.23557692307692307,1.3158653846153845,0.0,0.18846153846153846,83.05875,0.04375,0.6064281250000001,0.6459593750000001,0.03,0.0,0.0375,0.0375,0.016666666666666666,0.3294871794871795,0.18257575757575759,45.400728597449906,61,2026-10-04,,0.0,,3.6573513366066557
676391,Ernie,Clement,TOR,199.0,415,0.2021890127162324,0.2055539660508629,0.20057545677986743,0.5522406448339711,0.5423660943272589,0.545583323172601,0.21660296788950834,0.2848872678290602,0.5736111354424346,0.6898979675728196,0.5333033176776074,0.5788177216270113,0.7258300996453954,-0.01228000549499364,0.29096139631752244,0.6125468280382067,0.04856665132417504,0.0019951140065146574,0.06585586319218241,82.27198680135297,0.018998015873015868,0.20478951067964626,0.22645700869297228,0.1169285677320144,0.1331181356532693,0.15446428571428572,0.09388746889600423,0.14730202808980944,0.09612746145171991,0.40306673373574786,46.23289634565941,1916,2026-09-27,8.294117647058824,0.85,8.857142857142858,3.4918020808978256
695670,Harry,Ford,WSH,59.0,59,0.16545909165540645,0.21986746769837937,0.11105071561243351,0.5872378425133125,0.3426402066230896,0.47513464924698134,0.1055728121111261,0.2378362312939548,0.32808919477770127,0.6201317660227245,0.5321276111583892,0.3046601928840721,0.6181027493151624,0.0569929619114079,0.25283226588237534,0.720105746357419,0.4798168178213896,0.005190677966101695,0.14785951903062744,75.13225115740741,0.04616898148148148,0.27790194444444444,0.3005247106481481,0.17430555555555555,0.11290849673202615,0.06666666666666667,0.20844298245614035,0.07995901639344263,0.15106643356643357,0.16658519900497512,57.58500506585613,525,2026-09-27,7.444444444444445,0.45,7.333333333333333,3.56389116202946
502671,Paul,Goldschmidt,NYY,185.0,196,0.21547193078285443,0.1970815512955994,0.23283019713562061,0.5657559187936507,0.6347699477704114,0.6023574557346812,0.18903176119428758,0.2730844031235342,0.5489778626863745,0.7024132108814405,0.531777712960702,0.46187689818306105,0.64939756092781,-0.07057974277397927,0.3203202701954161,0.8906856955380577,0.8304691601049871,0.004822834645669291,0.2652788713910761,77.37342680608364,0.01730038022813688,0.20529298954372624,0.21602915874524714,0.19391567336772814,0.1449316851008458,0.13213203463203463,0.1736773076759696,0.14716386554621846,0.2500534630026567,0.2965454319163185,40.60406848863406,1531,2026-09-30,1.0,0.25,1.0,3.800184124386252
643396,Isiah,Kiner-Falefa,BOS,55.0,125,0.20296249833390184,0.19563874282318316,0.2061849507586181,0.5332827435737997,0.5543530097342144,0.5479885422965405,0.16274157861520305,0.282432536873711,0.4629832651837942,0.687045465110385,0.5317678797064608,0.39010383924176983,0.6433178058754173,-0.016220662590079704,0.2914027052404655,0.4145929109470776,0.3706912608995942,0.0,0.09900462962962964,63.1071393034826,0.003917910447761194,0.197854493159204,0.18601290422885575,0.13724080267558528,0.10854166666666666,0.5987745098039217,0.1705265296644607,0.07737268518518518,0.16464909560038526,0.24253371291579262,49.45875803589321,663,2026-09-25,8.272727272727273,0.55,8.666666666666666,3.5002659574468087
663728,Cal,Raleigh,SEA,193.0,332,0.19569232626124938,0.2153971093617224,0.18423743729019126,0.5936475758697455,0.5304377626930195,0.5544530169893227,0.12764621930331682,0.18972953863173092,0.3976763061974502,0.5420669533768869,0.5314480851492017,0.4217096500541492,0.5936937505096255,-0.02300493184012098,0.29466299418417335,1.0272974932249324,0.410468450767841,0.0035,0.3539609981933152,77.81271054858303,0.07014537100698288,0.28002870502332594,0.3289518726960562,0.2017565359477124,0.08457286119156623,0.24690005727376862,0.21413619246888327,0.09662124029490443,0.29180718197239014,0.33997404243879825,50.370190624214196,2284,2026-09-27,4.0,0.95,4.0,3.712356792144026
620443,Luis,Torrens,NYM,86.0,191,0.2210524211594122,0.21010472669148011,0.2259817495585858,0.5639165672347304,0.5939870606759319,0.5848153762368384,0.17214978678473347,0.2688159429217265,0.48561267909186134,0.6676927434774749,0.531328777601022,0.40776720835377317,0.6144942289186515,-0.053486598635816396,0.31072923897820115,0.6770931107099881,0.25079121540312876,0.008844765342960288,0.32294449458483754,88.62793537414966,0.02691326530612245,0.2253880229591837,0.24956673469387758,0.20014314544515888,0.14512362637362639,0.055574324324324326,0.12628143133462283,0.1826493916784298,0.22885324413299657,0.294867651642203,53.24201086270052,1105,2026-09-27,8.555555555555555,0.45,8.25,3.5187806873977086
595978,Austin,Hedges,CLE,127.0,116,0.1688984368369263,0.19878839297592366,0.1361740883054378,0.5439514477575216,0.40463815210142884,0.48076568456972524,0.17079085638773203,0.27419702913794486,0.4849420280583864,0.6786850837134699,0.5307251113958686,0.44746771381455486,0.6666854250875085,0.049959426826143405,0.2551544214985785,0.6000208976337449,0.42709137088477367,0.0025205761316872428,0.1612043467078189,76.44300816993464,0.038488562091503274,0.2562527777777778,0.26250222222222225,0.08391690485912617,0.2517890442890443,0.1625,0.06749635380919697,0.1966736694677871,0.2394796323572132,0.18074817392320758,60.559935020821996,946,2026-10-03,7.666666666666667,0.45,7.75,3.542640139116203
699912,Jose,Fernandez,AZ,68.0,149,0.22001750194678205,0.2200378014462308,0.22000823774569134,0.5794406225432889,0.5793850586850074,0.5794024709641143,0.18768064105856816,0.30064007279911786,0.515429568548299,0.712451199813134,0.5298399549824634,0.42656606428685023,0.6569511707260848,-0.049562515981650956,0.3069905791323544,0.4912903225806451,0.03104838709677419,0.2562672811059908,0.053629032258064514,64.61312908496733,0.006862745098039216,0.26836727941176475,0.25371282679738566,0.2346396993810787,0.08698630136986302,0.1638888888888889,0.1388888888888889,0.2079326923076923,0.28159478081863987,0.30858596828102175,58.10110009093701,869,2026-09-27,9.0,0.05,9.0,3.4854541734860884
660844,Leo,Rivas,SEA,47.0,97,0.21477455811440227,0.20641737443889846,0.21882391515304844,0.5532824204524684,0.5771548608125324,0.5694657929742364,0.08612287093995369,0.1968928619570039,0.26940575049742765,0.5343148928754928,0.5296737892689751,0.24523754590839625,0.5139990357661031,-0.03979200370526126,0.3016311044237255,0.8705034722222222,0.06805555555555556,0.01701388888888889,0.32545138888888886,73.10524390243904,0.002134146341463415,0.22678231707317073,0.21512317073170734,0.2763157894736842,0.06826923076923078,0.08206521739130435,0.23434466019417477,0.014634146341463414,0.22584340609778097,0.23214285714285715,65.35141206675226,648,2026-09-27,9.0,0.15,9.0,3.4854541734860884
807726,John,Peck,DET,26.0,53,0.19083364019892513,0.21216811292934695,0.18036767244437857,0.5652326732126722,0.5007897065424987,0.5227027072787909,0.07956540644605792,0.23237331588651922,0.25143011249136116,0.6029499617189471,0.5289319276559039,0.2581978582556242,0.6579146575496577,0.006229220377113043,0.27647415055193053,0.26303511779184247,0.3257043336849508,0.028958992616033755,0.08850870253164557,79.19151379079977,0.025403225806451612,0.20039180998282113,0.21434419879748046,0.20502757901013716,0.05083732057416268,0.05357142857142857,0.13524436090225564,0.0940204563335956,0.2538181131779449,0.32610216817210813,56.185459284028326,279,2026-09-27,8.75,0.8,8.833333333333334,3.4928600654664486
672275,Patrick,Bailey,CLE,55.0,285,0.22399382218076383,0.18858332122211396,0.23082742762892433,0.5234613027197983,0.6057797948805856,0.5932159968715054,0.15292015259550798,0.23633325297036809,0.4449200097821031,0.6156977711202322,0.5283940937381276,0.38320001995226777,0.5708616027586422,-0.06482190313337777,0.31345182905787905,1.3825837893296855,0.17029582763337894,0.02056429548563612,0.3457626538987688,89.09863237045862,0.13803355171729204,0.46915775511216995,0.5331883834623784,0.09708431912500484,0.38441972898999416,0.28972940205334574,0.46430942057548286,0.19329031993909296,0.23913148839417422,0.2946650016907041,46.742119544119056,1364,2026-10-03,7.545454545454546,0.55,7.666666666666667,3.546890343698854
666160,Mickey,Moniak,COL,89.0,340,0.2023712371126678,0.2045234459565169,0.20180786479766025,0.5603100992639755,0.5548960137845924,0.5560231480095599,0.1868881898797086,0.2655672180525108,0.5242883478694722,0.6699154999688817,0.5283681368862957,0.4866297002803476,0.6635687383662602,-0.027655011123264184,0.29378491477946417,0.8890318015318015,0.06254578754578756,0.0042832167832167825,0.23142274392274392,71.24449523995827,0.07124413145539905,0.2622283828899322,0.321997093114241,0.10814699792960662,0.10553042763157895,0.15065707133917394,0.1474089635854342,0.07612149145029437,0.28311091308298064,0.5274699151393988,39.580135053470336,1516,2026-09-26,6.153846153846154,0.65,6.75,3.591064852700491
806367,Turner,Hill,SF,41.0,79,0.20637369843999143,0.19166356554697805,0.21400807120725152,0.5500127208298129,0.5949469878072623,0.5799833373545553,0.1312502592495093,0.2712115600420246,0.4102386407888339,0.6949622643839786,0.5279685360356856,0.3250404210813369,0.6478162455108586,-0.05201480131886971,0.30621295354817574,0.717922487745098,0.16950265522875815,0.010208333333333333,0.12712520424836604,75.88208773291926,0.07719008799171843,0.26813481862491373,0.3237160747713941,0.18374322493224932,0.13007662835249043,0.15763888888888888,0.12876262626262627,0.1732078853046595,0.13229632389468454,0.24858970559178029,53.114889669072,493,2026-09-27,3.642857142857143,0.7,2.6666666666666665,3.7529255319148933
683766,Christian,Koss,SF,65.0,149,0.2149385529622664,0.20410696752668625,0.21966374123953292,0.5493864521873879,0.5793999498667115,0.5704394913355006,0.15688042148952547,0.2647172822620321,0.44891363614266133,0.6582684703821293,0.5274660360664525,0.3765217187108694,0.6093622535188515,-0.042973455269048166,0.3008874573105,0.6710812062763247,0.07766429707695367,0.00572429906542056,0.1267592960827202,76.71759548611112,0.013430059523809523,0.2004177083333333,0.20024965277777781,0.16892101990049752,0.13393518518518518,0.04,0.15869016041429834,0.1395073759841015,0.35328056838788036,0.42332725778058267,51.76205558855348,765,2026-09-27,8.95,1.0,8.857142857142858,3.4918020808978256
669236,Jeremiah,Jackson,BAL,92.0,196,0.19255664513750084,0.21377147534522406,0.18259866361142668,0.5847080552401521,0.5213103827713024,0.5422760098192798,0.16542111055994202,0.25892387223012026,0.48351757210362123,0.6654188720725714,0.5274076242970174,0.4472633315237413,0.649676118957986,-0.01486838552226244,0.2860005020520524,0.8387659974989358,0.1558616615448063,0.004253472222222222,0.3041203537409536,66.73841856060605,0.06897581585081584,0.21853554195804195,0.2566846933275058,0.15449378966104318,0.09230769230769231,0.03157894736842105,0.09363339552238806,0.13932759269715791,0.31252240459247144,0.3308434177879061,58.748059084492844,1064,2026-09-25,6.0,0.5,5.333333333333333,3.653825695581015
669221,Sean,Murphy,ATL,42.0,88,0.20129696790275659,0.19243435110577845,0.2055268531922234,0.5335582658111644,0.5599839268638631,0.5515675116016838,0.11449563024308641,0.2429530948547683,0.3520089864014929,0.6295811996349965,0.52677716523521,0.31986041515179053,0.629940619770124,-0.024790346366473814,0.2905531701973738,1.0661405701933275,0.5033919467330126,0.0,0.1963876794599886,93.85752247536946,0.13769704433497537,0.3492511225843123,0.4028840501452571,0.22071642723097226,0.08791666666666667,0.043172268907563024,0.15675595238095238,0.1938888888888889,0.2716823789100634,0.2639683391613003,44.62056315309097,494,2026-10-04,8.071428571428571,0.7,7.25,3.568141366612111
694378,Jacob,Gonzalez,PIT,33.0,192,0.1984044047322974,0.1513768598266212,0.20648726401296047,0.4383998361063369,0.5564688205006038,0.5403836277509235,0.15691870169470284,0.2618929040108416,0.4511857572535597,0.6561022217618115,0.5261712015793165,0.33867787511454334,0.5526808705169162,-0.014212426171607007,0.2843343027274935,0.9449401709401709,0.38517948717948725,0.010888888888888889,0.23731196581196584,77.52897735247208,0.09047527910685804,0.17240803349282297,0.23647990430622007,0.12615384615384617,0.5125,0.09099381977671452,0.10916556945358788,0.1970227216318058,0.30183852121302945,0.3794866519074711,42.69974989685429,889,2026-09-27,8.25,0.4,8.333333333333334,3.5150777414075285
695720,Tommy,White,ATH,69.0,125,0.23069860222612354,0.23966867005444792,0.22574712478488845,0.6261704334267921,0.6010017188494066,0.6100892384921648,0.19199816110089374,0.3126557138545145,0.5349370508594782,0.7398148847481159,0.5261692379650713,0.38076259846972194,0.6362322215099673,-0.08392000052709347,0.321010189708113,0.8151556389975116,0.03717116956985425,0.0,0.144477648418059,77.60001726448155,0.050394248608534316,0.3058074933003505,0.32357207276850136,0.3945693779904306,0.0803453947368421,0.25601851851851853,0.277470297029703,0.14618615591397852,0.1967167189601076,0.4529820668895127,52.142768787214656,703,2026-09-27,6.4,0.5,6.75,3.591064852700491
571657,Kyle,Farmer,ATL,11.0,7,0.10229350408293,0.034388327933595364,0.20900163803188443,0.12013219307666156,0.575778830823419,0.32609928454179915,0.09000928108601691,0.45214584316212625,0.291754568799357,0.8892851320109348,0.5260066382446389,0.1516647109536757,0.6461988254921511,0.19990735370283974,0.17153038839581372,0.1701388888888889,0.0,0.0,0.06805555555555556,43.78586538461539,0.2778846153846154,0.16202211538461536,0.22235,0.03333333333333333,0.049999999999999996,0.024999999999999998,0.03461538461538462,0.03,0.32054054054054054,0.21125000000000002,39.725829725829726,63,2026-09-27,,0.0,,3.6573513366066557
621493,Taylor,Ward,SEA,190.0,412,0.15028342353547594,0.20135101747078077,0.12673283409929165,0.5605784248136532,0.39080773243276024,0.4487729758379351,0.15698634568533654,0.21908804721639857,0.4645103169628849,0.5952302596814265,0.5254467011764758,0.4845226269394671,0.6448686236827472,0.07667372533854078,0.23580627973119328,0.4540031492248062,0.3203306686046512,0.007122093023255813,0.3329275678294574,47.72301403985507,0.009035326086956522,0.14654839221014493,0.15056983695652174,0.43880093814130755,0.04592956943256345,0.09649159663865547,0.4661685448309652,0.05340589887640449,0.11361798786279156,0.10018062480919915,69.6019330353696,2529,2026-09-26,7.0,0.2,,3.6573513366066557
690924,Braxton,Fulford,COL,59.0,24,0.15776388206445946,0.13205510550119487,0.22096462444915166,0.40427723986732966,0.5987763685767482,0.46631446273994703,0.09388012275121073,0.24975135495472323,0.30271085057188385,0.6503917731948641,0.5254123046120659,0.19084603675596176,0.4745575989060954,0.05909784187211886,0.2450073565421329,0.4048192771084337,0.2870983935742971,0.007379518072289155,0.036897590361445784,52.76625,0.013125,0.14069500000000001,0.136865,0.4703900709219858,0.05178571428571428,0.01875,0.2625968992248062,0.02625,0.48427672955974843,0.5089370463428252,54.46732326581465,352,2026-09-24,8.0,0.05,,3.6573513366066557
650559,Bryan,De La Cruz,PHI,46.0,48,0.21234862077960381,0.18260902653915032,0.24084906526003844,0.51821048228171,0.6313634967767965,0.5787256036282888,0.1689346109643276,0.34047581097178026,0.4883745334163554,0.7785228150975315,0.5252981397221883,0.3798593853621745,0.7015706148612388,-0.053427463906100536,0.30400348299554064,0.7266223404255319,0.31336583924349876,0.17988179669030735,0.08973404255319149,95.66826904296875,0.08989257812500001,0.440472998046875,0.4984396484375,0.18022448979591837,0.1569327731092437,0.07272727272727272,0.13290273556231003,0.20641337386018235,0.26781794788544566,0.2378091788817278,47.99953880562902,369,2026-10-01,6.571428571428571,0.35,6.0,3.6215834697217675
677943,Will,Banfield,CIN,6.0,14,0.19207368062795904,0.13440135834683584,0.21679039017701185,0.3991938026821663,0.577913861093504,0.5289873922093082,0.052368745896216595,0.36041886474075696,0.1729351237624751,0.793541355155181,0.5249834867795424,0.1205838183869109,0.6457978644196039,-0.004003905429765808,0.27770964562446,0.5461458333333332,0.0,0.0,0.0,74.88992788461539,0.0,0.21570937499999998,0.2076925480769231,0.11153846153846154,0.23750000000000002,0.0,0.225,0.05607142857142857,0.39891630761195984,0.4440447154471545,41.2987578360808,73,2026-09-27,8.0,0.25,8.0,3.5298895253682487
609280,Miguel,Andújar,SD,82.0,172,0.13190725246409257,0.20985695849320996,0.09474518331067616,0.5774541141292672,0.30514243579564226,0.40390600627533535,0.1953381097127283,0.30047609877573883,0.548357124806579,0.72936221646331,0.5245610623149886,0.4409312201066907,0.6618417767153216,0.12065505603965321,0.21187336372719434,0.2435531496062992,0.02170275590551181,0.009645669291338583,0.053051181102362205,37.37019704433497,0.007758620689655172,0.08577339901477832,0.08546527093596058,0.09889705882352941,0.11708333333333333,0.04342105263157895,0.030737704918032786,0.09204545454545454,0.05091118487907323,0.13892746913580245,54.8826831287746,944,2026-10-03,,0.0,,3.6573513366066557
815873,Sean,Keys,TOR,3.0,63,0.20209215958039314,0.08493446610566217,0.20767109736490413,0.27723403788641543,0.5732133033769563,0.5621178748980663,0.10718606405608061,0.2914519267707184,0.3394728316518614,0.7164220044763587,0.5236421171163284,0.24467602609811764,0.6116533413477125,-0.03847575778173795,0.29434859408055486,0.7464591567852438,0.12810853096179187,0.10954792490118577,0.21445569828722003,65.07291823561054,0.13735879505110277,0.27272916442531825,0.320965761161915,0.16596153846153847,0.115625,0.16375,0.13303571428571428,0.14052353896103897,0.21384223952148484,0.40753308868171456,46.920519136036376,290,2026-09-27,5.4,0.25,5.25,3.6578559738134206
681508,Mickey,Gasper,BOS,27.0,196,0.20701646456380887,0.1936595942499349,0.20885644159684252,0.5560846057993536,0.5868345692647576,0.5831974267284996,0.1663681348372607,0.27376948083383845,0.49668334880694154,0.7008814952054795,0.5228112033580146,0.44082635379991364,0.6737187908045056,-0.06038622337048505,0.3049021484632244,0.8463223825307078,0.2738192142717879,0.05051423279391694,0.19799668551374539,66.60435228696741,0.10203634085213033,0.17500326597744362,0.24805007832080203,0.10395021645021645,0.13601190476190478,0.12540981670445955,0.12712143928035982,0.11397270114942529,0.2609183416569045,0.1866574471300257,57.008628554451256,860,2026-09-25,2.0,0.45,2.0,3.7729337152209492
664023,Ian,Happ,CHC,143.0,495,0.18936946177992825,0.18527547558305005,0.19055216890347088,0.5292554231745261,0.5403692648224525,0.537895023503542,0.15820325616436634,0.21858988409966165,0.46913279783259243,0.5962481097880791,0.5225638769189113,0.4729357239712649,0.6271634625479746,-0.01533114658463075,0.28108450885739983,0.6768983907110615,0.442564630118096,0.006720219435736677,0.19487549006245541,77.11303135687976,0.049467656537753216,0.23698003280386737,0.254187726502894,0.1387561956246673,0.18616451163620068,0.07377985092342021,0.2013126499600107,0.11542355100970364,0.24308843764183113,0.21606671477467526,43.22287120428555,2774,2026-09-30,4.9375,0.8,4.833333333333333,3.677015139116203
642350,José,Siri,LAA,123.0,121,0.2323905472136994,0.24180239362909262,0.22282313308896085,0.6342633953701367,0.599884987137625,0.6174948284559468,0.17747050092548888,0.28186128061899846,0.5083136839818194,0.6997327611034888,0.5224812063534725,0.3254240646742609,0.5253881437468567,-0.09501362210247433,0.32262944288869366,2.897326578627808,0.13100239071038247,0.007530737704918033,1.2533616993017607,80.14052622265123,0.0986040057915058,0.35455860601673106,0.4216923455598456,0.32249212184873954,0.17252775081247626,0.19037545372050818,0.16228233830845773,0.34446825337049036,0.32161926015137027,0.26528454994447637,51.666508968566994,974,2026-09-27,5.166666666666667,0.6,5.75,3.633674304418985
641857,Ryan,McMahon,NYY,64.0,301,0.19781799871439043,0.13815686795131035,0.2105034218666732,0.40540572902876626,0.5623986148085567,0.5373162894355186,0.1571810168197449,0.238223174691146,0.45004730918820735,0.6138079722635812,0.5223606026649161,0.3867079546074994,0.5640477236478818,-0.014955686770602439,0.280672860771214,1.025732639786336,0.29059418167197953,0.003356164383561644,0.679488850119181,74.58590503048102,0.05293574511636186,0.2986995088550705,0.3205133565834557,0.25215781329714015,0.17714101772550014,0.10757984705353127,0.2705993628036639,0.07738138612258116,0.25416161443435725,0.2793722621704273,59.47929911636203,1515,2026-10-03,7.833333333333333,0.6,8.75,3.4965630114566286
805249,Otto,Kemp,PHI,23.0,5,0.1776501134067052,0.20975710247160428,0.029957963708169402,0.5772587782498126,0.10527737975863771,0.5109736312550772,0.019812064115305714,0.22645362568399058,0.07057307346296571,0.6090192089139689,0.5222163870450867,0.04325817835808121,0.42234631019482544,0.01124275579000944,0.2668388035893348,0.04375,0.021875,0.021875,0.0,14.266,0.0,0.047191666666666666,0.04802000000000001,0.011538461538461539,0.01875,0.0,0.0075,0.01875,0.48,0.33403755868544605,75.8,125,2026-10-01,,0.0,,3.6573513366066557
665877,José,Fermín,STL,162.0,197,0.21892434313602283,0.21123140936509444,0.22525051202379132,0.5734800393615391,0.6000819256838695,0.5882306918122748,0.18542451411687055,0.27163863230446567,0.5212060525712032,0.6796101120331559,0.5221078776212529,0.4440648694183697,0.6226899922023449,-0.06612281419102195,0.3071198780537881,0.9753765281646549,0.18656037217579696,0.025419278087279486,0.14621314995357476,85.58282287906138,0.0037906137184115524,0.2849566764440433,0.2960444934566787,0.15768895237364827,0.13530364372469636,0.2931339977851606,0.17246738117427773,0.15090432724814062,0.14702573807980965,0.2070820121018319,63.339707230298984,1541,2026-09-27,5.333333333333333,0.45,6.75,3.591064852700491
669016,Brandon,Marsh,PHI,127.0,434,0.1945577862617583,0.13953283931329624,0.21065955645174608,0.41883592457277097,0.574421769688161,0.5422255059638326,0.21215820733442564,0.2832754306371247,0.5773325908707112,0.6996568469360485,0.5221047172757087,0.5306606636400572,0.6820501077133266,-0.020120788688123836,0.28309849449092495,1.133892899584076,0.2635824420677362,0.0021836007130124776,0.3129318181818182,86.99577572168764,0.04706883789785344,0.3308218760794473,0.3584878679373304,0.21291377386560875,0.211218487394958,0.14757376395534288,0.18233305966064584,0.22321079526080462,0.22451592102038975,0.33061348167178334,56.745138217749194,2160,2026-10-01,6.785714285714286,0.7,6.25,3.611410597381342
596142,Gary,Sánchez,MIL,121.0,153,0.20440551374625587,0.20881622877924313,0.200917301203828,0.576665795237344,0.5609471283719324,0.5679400026680742,0.13151598754602756,0.22063253354216772,0.40398228720794827,0.5994101881284212,0.5216442552937479,0.3525159468245965,0.558438304085705,-0.04629574737432629,0.2962626397433168,1.3288376392623895,0.51171112658471,0.0067062043795620445,0.5843729590856704,78.47855966724039,0.12525602409638553,0.25416578384968447,0.31254262980493397,0.16431999810847875,0.18336917562724014,0.16364468864468865,0.14075780849974398,0.21139903846153846,0.3725723971887655,0.28224051824262086,64.44414763799556,1157,2026-10-04,5.0,0.35,5.0,3.6699468085106384
681047,Christian,Franklin,BAL,29.0,30,0.21563363709820418,0.21216662467365566,0.21898508244193443,0.5716648303641609,0.5846999616675193,0.578329043494445,0.0823846399859648,0.2651798378377357,0.26337897952815736,0.665634552143969,0.5205993548957426,0.14547724486760422,0.5189728183535234,-0.05772968859870242,0.30107772696067997,0.5875847457627118,0.27911016949152545,0.02076271186440678,0.099364406779661,64.25059523809524,0.014999999999999998,0.2235145238095238,0.21968714285714286,0.24217171717171718,0.2575,0.3208333333333333,0.0,0.33473684210526317,0.2903597508591065,0.26252141144227475,54.63494603413655,249,2026-09-25,7.5,0.2,7.5,3.5553907528641573
691785,Marcelo,Mayer,SF,25.0,216,0.20707037829611624,0.20114845538630813,0.20775578604030698,0.5602205160152687,0.5733801416275166,0.5720285146000279,0.14625821110889958,0.24518472213584197,0.4392072721761968,0.6425964938420353,0.5205226889379816,0.40781596889792504,0.6312254554326613,-0.05150582566204631,0.297753820568806,1.0801348547717842,0.2821058091286307,0.007624481327800829,0.0508298755186722,83.73887573964497,0.0378698224852071,0.2947059171597633,0.29366967455621307,0.1678044871794872,0.02426470588235294,0.01607142857142857,0.08666559519982857,0.037815126050420166,0.2799026523702032,0.15805640243902438,74.11247745779144,909,2026-09-27,5.25,0.2,5.25,3.6578559738134206
703155,Lazaro,Montes,SEA,15.0,43,0.21691422552710332,0.20096864162994654,0.22247663851448354,0.547038737970647,0.5886319667865099,0.5781493887823004,0.10934251661120264,0.3085237387049923,0.3355161934539084,0.7280860543066671,0.5201075674254455,0.24469968925375948,0.6345344563069328,-0.05804182135685487,0.3006998722080704,0.8502874253978782,0.3234240301724138,0.0,0.331974676724138,70.15877409297053,0.11658163265306123,0.2476876842403628,0.31525520124716555,0.22313218390804598,0.21558014354066984,0.27464285714285713,0.22633536173089927,0.1267543859649123,0.38526101928374656,0.2810709263212573,66.84935020519835,256,2026-09-26,8.0,0.5,8.0,3.5298895253682487
680574,Matt,McLain,CIN,123.0,367,0.18491368192674723,0.2319952396985816,0.16913430425389808,0.6087774202899348,0.48251156124592887,0.5166139512058046,0.13504493446327037,0.2007742963010476,0.40298198300410515,0.5492332884780966,0.5198637783673408,0.3781784643431,0.5471062711333948,0.0032498271615362118,0.2685688806311306,0.7662949290293041,0.14146434294871796,0.007499999999999999,0.15342862866300366,80.60704122722915,0.0261385426653883,0.20798665987535955,0.22511291706615535,0.11714379618296387,0.10750418935902807,0.2078525641025641,0.11591138966152513,0.13501257897325314,0.26264303423887536,0.3072960600166557,48.32397938640916,2012,2026-09-27,7.6,0.75,7.5,3.5553907528641573
670032,Nicky,Lopez,TEX,53.0,202,0.2181823222177946,0.13581928448963732,0.23979242617617252,0.4077952526149409,0.6261804311419712,0.5866172471650262,0.20172704265670405,0.30762512766939487,0.5545299881538817,0.7327116164302707,0.5196649929770915,0.39989831509207535,0.6001016849079247,-0.06695225418793471,0.304844447628254,0.9981225490196078,0.04820588235294117,0.2729031862745098,0.09400980392156863,72.38976705134245,0.0,0.2891509100329722,0.2858701945360339,0.5568248272195641,0.09964523986021391,0.11145484949832776,0.16555555555555557,0.2573611111111111,0.1548901327037369,0.3428671328671329,53.295313873282964,990,2026-09-27,7.25,0.6,6.8,3.5890302782324057
672724,Oswald,Peraza,LAA,136.0,232,0.2123149676883807,0.2134281728760879,0.2116623991300696,0.5766978966002163,0.5732852124357058,0.5745487229420039,0.1707899070161294,0.25369599974986945,0.4886165775364645,0.6493086143031176,0.5194290051291497,0.40420290969708783,0.5870894335884381,-0.055119717812854185,0.29843727155598854,1.028102355072464,0.07911005434782607,0.016644021739130436,0.09217617753623188,84.14113742236025,0.010652173913043477,0.3267284802018634,0.3103613004658385,0.1182005708354956,0.14752226093689508,0.36099071207430344,0.16667385677308025,0.19612325560854973,0.303025620196428,0.45492329179462143,42.53854045953629,1416,2026-09-27,6.6,0.25,7.0,3.5808919803600654
696030,Alejandro,Osuna,TEX,49.0,183,0.2122965619856787,0.15952584067389378,0.2264264272549544,0.464565726956649,0.602603518921716,0.5758881059667459,0.17910768931871893,0.2866350997987982,0.508067529961035,0.7030143123216163,0.5184072060280908,0.4039270123076001,0.6205104797510615,-0.05748089993865513,0.2985445439990298,0.8878661344043887,0.05016163793103449,0.16859693377742951,0.21611848550156737,64.87612275449102,0.0010479041916167664,0.32660089820359284,0.31484371257485033,0.2968438658630046,0.18481351981351982,0.3397997835497836,0.20166666666666666,0.256043956043956,0.24358024691358024,0.522129611604119,46.916713915300534,836,2026-09-27,6.666666666666667,0.15,6.666666666666667,3.5944558101472994
666126,Carlos,Cortes,ATH,23.0,355,0.20790607663408706,0.2138857222317706,0.20751866297564558,0.5765407518747114,0.5641660706124964,0.5649263729789735,0.18811630311366467,0.27239277665932593,0.5248504136967509,0.6787250978641042,0.518238056609268,0.4365832905642543,0.6110957498428434,-0.046688316369705496,0.29276634565994575,1.1573585390946504,0.16381687242798354,0.006481481481481481,0.3348765432098766,86.35064795918368,0.04547704081632654,0.23853232653061227,0.25901905612244897,0.252484593837535,0.15656723682380752,0.08185975609756098,0.1725616469914642,0.11547441010302426,0.23634138272627134,0.3047597282717806,47.946916063812374,1534,2026-09-27,6.6,0.75,7.2,3.5706914893617023
500743,Miguel,Rojas,LAD,160.0,84,0.22394240682729782,0.22729436806537923,0.21755771875476188,0.6028171308254181,0.5846021603798008,0.5966127774592995,0.19982677416633488,0.307923056792079,0.549896471145372,0.7323235868529809,0.5178355964583609,0.3579461994455504,0.5475728654707694,-0.07877718100093867,0.30894733347031567,2.1362247793190416,0.35035308953341743,0.005020491803278688,0.30853404791929384,88.87328568437427,0.017348648001914335,0.42110188382388136,0.4078761447116536,0.2668184326710817,0.2415422077922078,0.07323232323232323,0.32391171584913037,0.1924330532212885,0.16613255074391967,0.28083084280929116,50.72076539449104,887,2026-10-04,6.555555555555555,0.45,7.0,3.5808919803600654
693306,Aaron,Sabato,MIN,3.0,3,0.1748979466517912,0.13989803807116843,0.20989785523241394,0.4148065507773566,0.5672630894759048,0.4951618872632929,0.0,0.39033428790216546,0.0,0.8278459401072162,0.5168335009555902,0.0,0.5614970317550455,0.02167161369229731,0.25591625173406496,0.0,0.0,0.0,0.0,71.48083333333334,0.0,0.1364,0.165075,0.0,0.0,0.0,0.0,0.0,0.4807692307692308,0.15,45.30303030303031,22,2026-09-25,7.5,0.1,7.5,3.5553907528641573
668952,Ryan,Kreidler,MIN,112.0,154,0.17589628305764543,0.13877374504604026,0.20289449252063102,0.405907339923019,0.5463322909479309,0.4904830122158468,0.1556792436872655,0.2513799950996188,0.445572019094134,0.6354610229586988,0.5162473360966714,0.34829808027402587,0.5473629403004981,0.025764323880824613,0.25321054845710206,1.2051359649122808,0.41226315789473683,0.038377192982456135,0.33122587719298247,68.64490180835648,0.11906397174254316,0.29844192428450667,0.39403008468180173,0.31698041670840427,0.05909090909090908,0.01111111111111111,0.25466457023060796,0.08742322355183735,0.22784158526784334,0.2509074294503295,51.51590076590077,1001,2026-09-25,8.714285714285714,0.35,9.0,3.4854541734860884
678391,Jorbit,Vivas,WSH,52.0,304,0.2109163849810332,0.20947775195368376,0.21116246694623775,0.5690355880202445,0.572315410277308,0.5718374609370824,0.16894205022843592,0.2530256110808614,0.48452406360030587,0.6481792590245439,0.5161077458826979,0.4149931111269609,0.5932821944656652,-0.05572971505438451,0.2951297429755229,0.6425187265917603,0.22253511235955054,0.0068820224719101115,0.1926420099875156,66.57461644056848,0.005426356589147287,0.2283983365633075,0.22143336563307492,0.13408962288418996,0.17283298097251584,0.09633489461358313,0.13900257400257401,0.1337878787878788,0.16549514314928426,0.3179360705120854,54.622468935773924,1318,2026-09-26,6.916666666666667,0.6,7.0,3.5808919803600654
643217,Andrew,Benintendi,CWS,47.0,418,0.2092146784150489,0.22096349373261226,0.20789363937216498,0.6000341340373623,0.5748513235319418,0.5774476880076944,0.1841265744769687,0.2591820427760588,0.5261287818929447,0.6674567485176025,0.5159351720594102,0.443058468259943,0.6046119924956097,-0.06151251594828422,0.29792557226755845,0.9045919354838708,0.6700060035842296,0.0013172043010752687,0.8798498207885306,83.14523222579493,0.06491068238656662,0.34920770453733474,0.37409568774562346,0.1469100755473327,0.3142851927265444,0.16858952702702704,0.1602157289050493,0.19979533104533104,0.2963290292543236,0.3526539770228274,50.43212990711773,1793,2026-09-30,4.909090909090909,0.55,5.0,3.6699468085106384
693409,César,Prieto,STL,4.0,35,0.20608820434570777,0.2135891856971337,0.20523094933411623,0.5717925863325735,0.5555104419559025,0.5572004903248166,0.026507395303779754,0.20321071167954996,0.09047306060993354,0.5515093348217837,0.51545663597408,0.06591599071428139,0.43008880961974144,-0.041743854350736576,0.2872126903059378,2.176282051282051,0.1391025641025641,0.0,0.0,83.61719696969696,0.0053030303030303025,0.20103257575757577,0.2660166666666666,0.02266666666666667,0.41333333333333333,0.07916666666666666,0.06666666666666667,0.1550595238095238,0.2982294188861986,0.4231520614345624,46.85675465838509,112,2026-09-27,8.0,0.05,8.0,3.5298895253682487
596117,Garrett,Stubbs,PHI,8.0,56,0.19099427574026956,0.143727854443959,0.1977466216397425,0.4330591666760307,0.5532817076970413,0.5393759162893427,0.07578572556030862,0.24616281741577029,0.25041888601027185,0.6442368992852658,0.5153521841099085,0.1719475260508347,0.5462654802574476,-0.02402373217943421,0.2779685565159959,0.19140624999999997,0.6316406250000001,0.019140624999999998,0.019140624999999998,36.96426136363636,0.0,0.0751846590909091,0.07090795454545454,0.07478070175438596,0.08888888888888888,0.06875,0.12166666666666667,0.038213213213213214,0.30779077553271106,0.30608388704318934,44.3158464799893,236,2026-09-26,9.0,0.05,,3.6573513366066557
680776,Jarren,Duran,BOS,139.0,460,0.20754402419950577,0.2162681879608138,0.20490780949771922,0.5821454253262657,0.5600475093967291,0.5652486834205672,0.16089253744136778,0.22368860811261077,0.4664206721084415,0.5961401792205876,0.5146848569400185,0.4570141945810369,0.6131203226742222,-0.05056382648054869,0.29092493776184847,0.8382191367359905,0.49630195061945354,0.02121989029334605,0.07745945623658478,85.32436318728523,0.02934707903780069,0.28472922250859106,0.29753163659793813,0.1975976556459345,0.1791098484848485,0.12150114942528735,0.22259466033643985,0.09697329134011962,0.29169694477671454,0.33958515189226823,59.23913075667828,2270,2026-09-30,7.166666666666667,0.6,7.0,3.5808919803600654
814430,Brett,Callahan,DET,1.0,78,0.19885920478234392,0.08615362112153291,0.20030414816261072,0.27574560591412156,0.550857295514158,0.5479444733632297,0.11858230779759435,0.2899264184181298,0.36364154766383516,0.7065504984179471,0.5145535225453792,0.2916173598052002,0.622278323626455,-0.033390950817850484,0.28194675892832255,0.5575297840655249,0.5587118391660462,0.007753164556962024,0.09952531645569622,69.67174891774891,0.09167207792207792,0.2335784956709957,0.27567096320346324,0.1948809523809524,0.0667016806722689,0.114375,0.16509792626728112,0.11249999999999999,0.3508190883190883,0.36592052313883305,41.05398127150453,278,2026-09-27,6.8,0.5,7.0,3.5808919803600654
691728,Zac,Veen,COL,9.0,68,0.21174451455937815,0.14117436867172603,0.2210846809268615,0.4143057947263604,0.5844916301891878,0.5667121832844584,0.13215077794236724,0.31120414592399037,0.39238728486950314,0.7303033163265404,0.5142141874740045,0.27235596633410203,0.5919273666268756,-0.05249799581045389,0.29141144485923687,1.059621212121212,0.21022727272727276,0.007954545454545454,0.2387878787878788,64.66416575292398,0.01381578947368421,0.25281247258771933,0.26441322185672517,0.33485740450026164,0.17083333333333334,0.14583333333333334,0.47951945080091535,0.10846153846153846,0.3376890756302521,0.3566927344908404,52.51125641301617,304,2026-09-25,8.555555555555555,0.45,8.333333333333334,3.5150777414075285
666139,Josh,Lowe,LAA,53.0,285,0.21000695643756162,0.21008482391789685,0.20999247581841157,0.5722767279496825,0.5720966219371821,0.5721248670332524,0.15384365692900026,0.23768714007388148,0.45206074401836693,0.6237003626872613,0.5142122059905043,0.3630130366510685,0.5475746818439831,-0.05791266104274806,0.29419358997919265,1.0719278317836012,0.07661665257819106,0.08423499577345732,0.08205304311073541,81.79641484627831,0.1194680420711974,0.323072972289644,0.3680799908980583,0.20304597701149424,0.22694749694749694,0.14625046347793846,0.14682042863328043,0.19583958147577746,0.3716439429307076,0.3764171272591639,46.71524964951569,1465,2026-09-27,6.75,0.6,6.5,3.6012377250409164
669720,Austin,Hays,SD,56.0,54,0.23231751865017458,0.2611570309242634,0.20240987629186025,0.6644683001251785,0.5577992523654671,0.6147584991284694,0.18238190751253097,0.343274206179295,0.5164064925315868,0.7806598415098838,0.5141116153868579,0.3874647126766947,0.6794376602366395,-0.10064688374161146,0.31605448505973766,0.971719696969697,0.16714772727272725,0.0,0.49789393939393933,86.56277574211504,0.01522154316271963,0.2846919187902434,0.2802845816053694,0.3012165994924616,0.2544148936170213,0.1871345029239766,0.22769719687092568,0.3419790993320405,0.30846455047363563,0.3541052300982819,51.746753861362535,428,2026-10-04,5.5,0.3,6.333333333333333,3.6080196399345335
680779,Henry,Davis,PIT,88.0,204,0.2025535558421408,0.2051045726614844,0.20145311721418863,0.5507013963175671,0.5434665678365126,0.5456556068158788,0.11420412821561213,0.1962373467108555,0.3447095218915771,0.5329887158018407,0.5133742543012552,0.3122675920054905,0.5135191473881263,-0.03228135251462361,0.2801255402544007,0.9070377713690619,0.2002974044700793,0.016780821917808216,0.21495083313306096,59.873543979768066,0.04268288921786331,0.20045152202072541,0.238392803170491,0.24059110823816707,0.06566666666666666,0.19333959899749376,0.12511112119013063,0.31408033973823446,0.30300637958532695,0.3603457055118604,45.56010923567792,1121,2026-09-26,9.0,0.4,9.0,3.4854541734860884
681807,David,Fry,CLE,149.0,65,0.21134236062705652,0.20549710066833732,0.22474149499396662,0.566268342589803,0.6032179036744818,0.5777440427283409,0.12811810397600976,0.2292126779701653,0.3921638683967503,0.6114647405717644,0.5119120171583575,0.23466771186193952,0.42433162167204347,-0.06583202556998335,0.2957541183142893,1.4540407389591352,0.09642523364485982,0.09060678944474987,0.48336883818948145,77.6153052,0.054344,0.3256859346666666,0.365653336,0.1954040404040404,0.1874380521439345,0.5700268817204301,0.13044768069039914,0.23410693301997648,0.25440790068370767,0.27581009758509684,52.29482980629269,916,2026-10-03,5.666666666666667,0.45,5.8,3.6312561374795416
663757,Trent,Grisham,NYY,136.0,351,0.20132576708130795,0.22509121230815587,0.19211750340366884,0.5987469825138576,0.534173803130402,0.5529085690943154,0.15284602528008231,0.2216974357845055,0.4478704808572702,0.5924185612913323,0.5116444750244125,0.40118564593204986,0.575162781247104,-0.041264094069902946,0.2828926145707601,1.3013186601642712,0.44960857289527717,0.0,0.0716889117043121,82.78264782934133,0.016766467065868262,0.3331751309880239,0.3454905314371257,0.25720673635307784,0.06777348466553972,0.044978567054500915,0.31232020155748974,0.06008859299643531,0.2165963195378256,0.13451420303931966,52.69739504420728,1994,2026-10-03,7.0,0.1,7.0,3.5808919803600654
687363,Victor,Scott,STL,60.0,124,0.21530637612579961,0.2089400671184446,0.2183868482261327,0.5582124357258067,0.576329694156795,0.5704812701186008,0.12596902088004525,0.23519437322164155,0.3745473574999988,0.6072442006875215,0.511378597802855,0.26665980178824633,0.49749621315995507,-0.05910267231574584,0.29173191198604187,1.0361141304347825,0.05326086956521739,0.006657608695652174,0.026630434782608695,62.241712500000006,0.002916666666666667,0.31732283333333333,0.29359175000000004,0.2158805031446541,0.018421052631578946,0.1392857142857143,0.03028846153846154,0.29770833333333335,0.2701291690765375,0.289121687136393,50.632957344211626,716,2026-09-25,9.0,0.1,9.0,3.4854541734860884
663494,Bryan,Torres,STL,31.0,155,0.20261964831881296,0.2074315439222692,0.2016572691981217,0.5670801929487569,0.5556136727836053,0.557539814725792,0.15261948721057986,0.2679496514626783,0.4492005711595547,0.6747781130995694,0.5112403829913407,0.35430428496377675,0.5884231427340136,-0.04629943173445128,0.285036868413335,0.27438109527381843,0.29516997304881776,0.12325268817204302,0.07792729432358089,64.95257874015748,0.005511811023622047,0.1841254094488189,0.1856751181102362,0.11586304858934168,0.14858156028368796,0.05818965517241379,0.09921630094043887,0.12108644044127916,0.24369854977688876,0.20986851180439314,48.47487821064813,756,2026-09-26,3.3333333333333335,0.6,6.5,3.6012377250409164
669357,Nolan,Gorman,STL,48.0,249,0.19085764462642216,0.21208365073717966,0.18676588441230024,0.581441299564216,0.530167113077026,0.5387470620311652,0.1271016532798105,0.21142036831892502,0.39145661783196684,0.5801524339344909,0.5111880273246467,0.3792074367906816,0.587024544990991,-0.027559034706518437,0.2754010478666604,0.5410497248911883,0.4741767266157511,0.0,0.18202040732528535,71.17032738095239,0.04594494047619048,0.23507574404761905,0.25002522321428566,0.097625,0.1458867276887872,0.0822960372960373,0.08777401477832512,0.11414473684210526,0.3905290053763689,0.27734807080880675,47.48723276696315,1253,2026-09-27,6.083333333333333,0.6,5.333333333333333,3.653825695581015
664702,Myles,Straw,TOR,170.0,153,0.22781244595248484,0.22826673213456394,0.22730768352795255,0.5993439302993314,0.5975836216153283,0.5985107893029473,0.178090855450631,0.26812383024719244,0.4995767631617629,0.6677387249674536,0.5108461928907411,0.320417879949689,0.48851118408451627,-0.08766459641220625,0.30574695811944314,0.7784216976264189,0.2152896026831785,0.0018962848297213624,0.07738648090815274,88.0332636122178,0.004880478087649402,0.23174689905178536,0.22563257632402234,0.31500647137264415,0.12933978873239438,0.07535885167464115,0.2801266259928629,0.17224765306003748,0.1100690992241197,0.22901439753034758,54.467732343878275,1273,2026-09-27,8.636363636363637,0.55,8.0,3.5298895253682487
655316,Andruw,Monasterio,BOS,130.0,214,0.20272149130419842,0.19453839335750645,0.20769253211293653,0.5340399543448089,0.5603509844815409,0.550536558824144,0.17230220110215588,0.2584729552829105,0.48702461267444175,0.6520133042065466,0.5106541980148696,0.4384248649180046,0.6258888632867213,-0.03988236080927443,0.2811338049242093,0.38579305959302324,0.17773437500000003,0.00534156976744186,0.4154024345930233,82.88023712737129,0.011382113821138212,0.16002566310975613,0.15998914634146344,0.14659142604410186,0.08251597666018338,0.0876923076923077,0.138721326559385,0.08255012131273146,0.19785282072487667,0.24898890678956642,42.79975244713198,1503,2026-09-29,7.666666666666667,0.3,8.0,3.5298895253682487
656537,Derek,Hill,PHI,139.0,79,0.21764751682883482,0.22595096970117545,0.2030376440534507,0.609351460653317,0.5652075452354528,0.5937506137255475,0.17439995431979397,0.2846732025287131,0.5050637577681505,0.707558343572264,0.5104951103813067,0.38360858051531044,0.5847596833504767,-0.08325550334424081,0.30310678509279193,1.3778120221712538,0.062096234709480114,0.002809633027522935,0.22057291666666667,76.32487050960735,0.0487468671679198,0.2328789348370927,0.27331199248120297,0.3176357029298206,0.0833836892321672,0.026785714285714284,0.13592906234658814,0.21258924230849363,0.3222856822979976,0.4736354270704578,51.372533392524645,846,2026-10-01,8.0,0.2,5.0,3.6699468085106384
623168,Tyler,Heineman,LAA,51.0,137,0.20612784253200686,0.20375257336663677,0.2070120668198454,0.5480322112839131,0.5544481241123707,0.5527140995889896,0.11866590219385542,0.22454176118319008,0.3561421715227985,0.5878446754150567,0.5095127690864322,0.27149446993737936,0.4994152408537821,-0.04320133050255748,0.28161489139470014,0.6066776315789474,0.016289893617021274,0.15970744680851065,0.022805851063829784,64.28119047619047,0.0011904761904761906,0.16209547619047618,0.15496285714285712,0.24808943089430896,0.0872562358276644,0.08766447368421051,0.08907271241830066,0.23206701913952257,0.20623235937189424,0.43232044711824125,47.53329027171122,693,2026-09-26,9.0,0.45,9.0,3.4854541734860884
676609,José,Caballero,NYY,146.0,301,0.2009380684846707,0.20881088119397395,0.19711936198779934,0.5610173387162654,0.5377884445160752,0.5454698715566262,0.1771354625991599,0.2528193586094804,0.49606728406031475,0.6410109650347453,0.5091948645401926,0.4371972120523062,0.6090129896390177,-0.0362750070164336,0.2777504573580325,0.5122705290169759,0.40377544194411547,0.009591722595078296,0.1202189432820108,60.48056833333334,0.01641666666666667,0.1766147666666667,0.1799868166666667,0.11441913619167718,0.10620805369127517,0.23048642533936653,0.08147805507745266,0.1528559012301658,0.2709727956291804,0.4200091790419386,55.921332780549314,1856,2026-09-25,8.8,0.5,8.333333333333334,3.5150777414075285
669242,Tommy,Edman,LAD,113.0,220,0.2017999266243911,0.19909473004470551,0.20318941395850235,0.5387498488346417,0.546917064983655,0.5441572655350262,0.17537160598198387,0.26353356720630944,0.4893514671695157,0.6556756631964502,0.5087082849160743,0.41832105651727897,0.6272155278439278,-0.03544898061895185,0.276817309274944,1.1695950871400218,0.40807228797424877,0.058908377331579956,0.4287481628984897,84.52833526214283,0.04342835527046053,0.2568070252207588,0.28377496261961727,0.20368245209055902,0.18588954853527742,0.12488095238095237,0.10679585798816568,0.2856722714954423,0.2523194019315313,0.29069895919077593,48.96958045449004,1228,2026-10-04,5.117647058823529,0.85,9.0,3.4854541734860884
668800,Andrew,Knizner,SF,50.0,30,0.18365437819468292,0.20345184207099545,0.15065860506749534,0.5660362706155418,0.45079335836245427,0.5251214898459308,0.12702844043960787,0.3004624372817084,0.3926018185133181,0.7305583248600438,0.5078710922240351,0.23565686541579586,0.5759095570340281,-0.01725039762189562,0.26669402459836544,0.7536408235027224,0.07211206896551722,0.1320559210526316,0.08761513157894736,68.49691585956417,0.015889830508474576,0.18379052158999193,0.1934936339790153,0.07153209109730849,0.26576923076923076,0.13541666666666669,0.12215653153153154,0.15031492248062017,0.23175230566534916,0.4955392156862745,49.57806022527315,291,2026-09-26,6.25,0.6,5.0,3.6699468085106384
668942,Josh,Rojas,KC,21.0,91,0.19143031008521638,0.14921178736934054,0.20117304609657233,0.43470190511637774,0.5474476295763235,0.5276620730192815,0.14844068354005335,0.299080086212486,0.43289128274723654,0.7147494452255436,0.5073207994113262,0.32056233976336046,0.6125352873233052,-0.020341273607955235,0.2676939447031795,0.23807291666666663,0.07947916666666666,0.095703125,0.07109375,60.15278838951311,0.001966292134831461,0.14942792134831462,0.14705048689138578,0.11126696832579186,0.14500000000000002,0.058333333333333334,0.08164251207729468,0.14624168514412417,0.08878706556272264,0.20364537119195505,55.276803901718495,413,2026-09-27,7.25,0.2,8.0,3.5298895253682487
810938,Ben,Williamson,TB,132.0,153,0.20447903288802916,0.19706481891842234,0.21087560964612134,0.5443082972002586,0.5717582284371772,0.5591973256264848,0.17357262832425702,0.26902816500595206,0.4947353106727499,0.674431104741307,0.5071662736019273,0.40776720835377317,0.6144942289186515,-0.05203105202455749,0.28360602384614786,0.2531950067476383,0.4978879892037787,0.0042982456140350876,0.05587719298245613,92.51820048309179,0.035265700483091786,0.1731355072463768,0.17990978260869567,0.11020905923344948,0.051923076923076926,0.08532388663967612,0.07785714285714285,0.0980946065428824,0.20217813733680606,0.34950103371501273,50.237509080407364,1109,2026-09-27,6.333333333333333,0.15,7.0,3.5808919803600654
664954,Brett,Sullivan,COL,65.0,167,0.15841258553996693,0.20412688656988198,0.14061959412113773,0.5567811585260635,0.4173012348584103,0.45916870297413714,0.16360658543386916,0.2682151109292045,0.47097056120699055,0.6713926063389899,0.506908182953068,0.3706911114274907,0.5912578422718215,0.04773947997893091,0.23275637289353687,0.3375287356321839,0.03432112068965517,0.0026400862068965514,0.1631667564655172,66.75746839887641,0.006882022471910112,0.16309341058052435,0.16425720973782773,0.09969070889521217,0.04989878542510122,0.2554024767801858,0.13470082177709297,0.08213885778275476,0.19173583719651136,0.3225383435582822,58.591451374415335,830,2026-09-26,7.5,0.4,7.333333333333333,3.56389116202946
622268,Donovan,Walton,ATH,18.0,247,0.2005221438713417,0.13218282650689578,0.2055023370396009,0.4022543420261582,0.5661178438115939,0.5561645649009463,0.1801445738972404,0.28050409005488885,0.5137081212765773,0.6972642357304064,0.5061153732828758,0.4355004304533109,0.6451062301792937,-0.05004919161807053,0.28148343637155065,1.1948501152444255,0.2820538298670669,0.016179245283018867,0.5655029883147513,81.07470436507937,0.041107444789510006,0.2235150754830918,0.23936229835231196,0.153198043404229,0.09615911582024114,0.21187794348508637,0.15240300766379905,0.14086199294532628,0.3364643323272698,0.27457636445361616,61.059024314280094,1024,2026-09-27,6.111111111111111,0.9,5.833333333333333,3.6296440261865794
624424,Michael,Conforto,CHC,12.0,297,0.20900009518114293,0.2242786590035108,0.20838277947114828,0.609413033202977,0.5789551805437512,0.580169325314609,0.16861015926191045,0.2592150379649242,0.4951797670562538,0.6706691732204982,0.5052120157794159,0.3427011480788536,0.5215232075925629,-0.07495730953519308,0.2931085143355773,1.1910637702496039,0.20196184436032819,0.038260650432383685,0.2560476048781275,84.15492443830084,0.11915184678522572,0.3558627729711146,0.3991954535850624,0.21776515151515152,0.16257309941520467,0.15571631878557873,0.09744996549344376,0.2441277331310973,0.19019291366413077,0.26992614327484626,63.64458415885708,1276,2026-09-30,5.923076923076923,0.65,4.25,3.701754296235679
661531,Brian,Serven,ATH,35.0,50,0.19524840364887117,0.21272473054655633,0.18301497482049156,0.5655357395718423,0.5056594283663001,0.5309828855938321,0.1007246206539652,0.25768303319781055,0.30929097547321216,0.6460472920362383,0.5045633661762436,0.30031285954112963,0.6650148304964323,-0.026419519417588466,0.2679145121371992,0.21617647058823525,0.81375,0.007205882352941176,0.10088235294117646,79.5583813559322,0.01483050847457627,0.2348459200968523,0.22654416464891042,0.08554443053817272,0.0,0.10909090909090907,0.05432330827067669,0.07441860465116279,0.29705950078290505,0.3071111356606275,55.306096044256805,322,2026-09-27,8.571428571428571,0.35,9.0,3.4854541734860884
683083,Nasim,Nuñez,WSH,150.0,332,0.19348776318413374,0.19920758425503043,0.19090350667619851,0.5389763427098986,0.5220974722662115,0.5273966620856486,0.15445941885187262,0.2239386274304294,0.44277513724299056,0.5867262803471012,0.5036624497786435,0.41712946884811464,0.5828705311518854,-0.02373421230700512,0.2656298948311372,0.6398900506622239,0.27999844136384594,0.11060082149293768,0.2883465424472945,82.19926455823293,0.001581325301204819,0.23338134203480587,0.22227044846050872,0.1678765920070268,0.07614678899082569,0.0803776683087028,0.1687964240542716,0.08939028314028315,0.2741228817026846,0.24492956969099067,51.7875758300248,1972,2026-09-27,8.909090909090908,0.55,9.0,3.4854541734860884
682668,Luisangel,Acuña,CWS,109.0,112,0.21339502454758824,0.21670221346547985,0.21017642104714018,0.5777460966415038,0.5651969769926296,0.5714192813529859,0.16791361485120485,0.2761390938634961,0.47735917842694087,0.6804063912490141,0.5026511895850154,0.3595509602047087,0.5705527439677377,-0.0687680917679705,0.287224581523893,1.1740852332057083,0.061460146188652975,0.002771493212669683,0.21834645840584754,84.91129840319363,0.07786427145708584,0.3149731936127745,0.35037479041916175,0.28042610044822436,0.23953947368421052,0.043333333333333335,0.28607558139534883,0.06541725601131541,0.2039150627378587,0.31750560029353264,42.070266994660614,781,2026-09-30,8.166666666666666,0.3,8.0,3.5298895253682487
592663,J. T.,Realmuto,PHI,123.0,348,0.19436239253470786,0.17478662388471575,0.20128141421272233,0.49057881655452484,0.5457241511648538,0.531757242524296,0.1522667331559256,0.2222613446205543,0.4400758425992244,0.5862539116924854,0.5023085718985338,0.42533066900099115,0.5979537615500091,-0.029448670625762174,0.26710622108908144,0.8934306935103111,0.24118545394132912,0.021671608463284284,0.441428152344032,89.86061904761904,0.06263328157349896,0.2987934886128365,0.33132195522774327,0.19129011587285388,0.08288277511961722,0.1182247899159664,0.1227862477862478,0.17458646616541354,0.218442773112898,0.3019597350520724,50.902399753098116,1882,2026-10-01,8.11111111111111,0.9,8.428571428571429,3.510845803133037
669707,Jared,Triolo,PIT,143.0,214,0.2115140281644523,0.22680655220282253,0.2012951920079713,0.5966616066328718,0.5476918444886616,0.5677906879966982,0.17616809617834814,0.2612579671585902,0.49543214549531434,0.6566048571119598,0.5015537548049569,0.4349725864921189,0.6168223413435806,-0.06623693319174129,0.28477755150803374,0.42513574660633485,0.092420814479638,0.00857843137254902,0.05318627450980392,61.41076923076923,0.004166666666666666,0.22204439102564102,0.2170505608974359,0.1267483435681965,0.18915882967607106,0.1173469387755102,0.13725071225071228,0.13536858974358973,0.3053391067735495,0.32757590356286403,47.09462031089714,1345,2026-09-27,8.0,0.3,8.0,3.5298895253682487
694197,Angel,Genao,CLE,44.0,95,0.20294005433834184,0.210628589843046,0.1993790484203736,0.5753843563885659,0.5530564828642357,0.5602140197459423,0.13707039050278225,0.26786427831281207,0.4136870828815129,0.6766989119052771,0.5011577529565144,0.30705307810904925,0.6017090820106795,-0.05905626678942788,0.28075559931061284,0.4993705035971223,0.2637574940047961,0.004406474820143884,0.026438848920863303,90.13490566037736,0.014369946091644202,0.23634947776280324,0.22806022293351302,0.2268181818181818,0.09416666666666668,0.11056547619047619,0.12122222222222222,0.1667857142857143,0.226204233409611,0.17242753623188406,49.80185968896229,519,2026-09-27,6.625,0.4,6.0,3.6215834697217675
666624,Christopher,Morel,NYM,44.0,61,0.21175917292039298,0.19648017142286,0.22278009203336757,0.533480289630448,0.584571931869862,0.5636756800164734,0.10361287552599628,0.2440621669689257,0.3169922605593051,0.6228893433389076,0.49988619111666727,0.2555072885938059,0.5642729098710749,-0.06378948889980612,0.2817736887085322,0.6292708333333334,0.035,0.005833333333333334,0.3009375,65.4138492063492,0.031746031746031744,0.1103577380952381,0.12460456349206349,0.04102263856362217,0.2877822580645161,0.12948717948717947,0.050854700854700854,0.1801785714285714,0.2461382759910247,0.34714893914014516,58.82972002158049,387,2026-09-25,8.0,0.1,9.0,3.4854541734860884
676439,Hunter,Feduccia,LAD,42.0,204,0.19317959699674503,0.19233941192696943,0.19335257627581645,0.5295340101805075,0.531613951635032,0.5312593071601703,0.15044668324509156,0.24917257647252092,0.43759291775750053,0.6363610487974655,0.4998283454741524,0.37606627979227725,0.580380405056127,-0.031430961686017944,0.2655384605156125,0.24912601626016256,0.5506334688346882,0.002489837398373983,0.1246341463414634,87.94313131887576,0.013375796178343948,0.18047696580224448,0.19907439022849055,0.08303030303030304,0.0985294117647059,0.07961672473867595,0.09671217827997489,0.0958654718693285,0.13691052875978285,0.1874936247836299,49.33593551502599,1018,2026-09-27,7.857142857142857,0.35,8.0,3.5298895253682487
686475,Tyler,Tolbert,KC,83.0,60,0.21324020401589222,0.20078754771730722,0.23046637856226815,0.5466762557514764,0.6033604706136786,0.5711214477258255,0.19393814475156684,0.33616731351512846,0.5328130647987037,0.7645565396994438,0.49931284035221063,0.3137344236063191,0.5673018365358555,-0.07180860737361489,0.28516827225004854,0.4454545454545455,0.05139860139860139,0.0042832167832167825,0.03426573426573426,81.04342424242424,0.0035353535353535356,0.2390869696969697,0.22675343434343437,0.16197008478643415,0.11164596273291925,0.06933333333333333,0.09631274131274131,0.1425820707070707,0.36447951273532675,0.37227319355835975,52.34821617814956,521,2026-09-27,8.333333333333334,0.15,8.0,3.5298895253682487
687221,Dalton,Rushing,LAD,66.0,186,0.17878558492592567,0.07460418149229268,0.21575317969269864,0.2469081338983563,0.5888723511102252,0.5134386583274742,0.17169321510756838,0.27327555322829244,0.4978926893318244,0.6888423069879943,0.4990292626988939,0.35532396322799065,0.5713635605960244,-0.014409395628580235,0.2562209151062687,0.2503472222222222,0.05590277777777777,0.012152777777777776,0.08750000000000001,66.49158333333332,0.01983333333333333,0.1168808888888889,0.13775827777777777,0.06768073641670408,0.08695652173913043,0.158,0.1013157894736842,0.06491754122938531,0.23170648856557546,0.24750656565656565,65.3471677531818,957,2026-09-27,,0.0,,3.6573513366066557
677956,Rece,Hinds,BAL,32.0,37,0.20426526068033052,0.18979035975977665,0.2167840939089176,0.5320303943427624,0.5858836632166942,0.561499448420179,0.07016627839603491,0.22968299939587294,0.23085951040254882,0.6099670770156629,0.49873701055288394,0.1720519030690798,0.5158973072689776,-0.06276243786729502,0.2800405563321733,0.5184269323671498,0.22158212560386475,0.008876811594202899,0.035507246376811595,67.99113767281105,0.0,0.24864573732718895,0.2476750720046083,0.17088235294117649,0.05926573426573427,0.0,0.1443627450980392,0.053181818181818184,0.5450606532935754,0.4582397704590818,40.6436754302608,287,2026-09-25,6.0,0.4,6.333333333333333,3.6080196399345335
695257,Billy,Cook,PIT,32.0,26,0.1406823604077992,0.08159730201637773,0.21340243227416406,0.2567177847069263,0.5668378888495663,0.4104836801094306,0.09644292662938798,0.28908256509326224,0.29776054318530865,0.6955454344902142,0.4977642138892712,0.14698755102087954,0.45717132416865947,0.08728053377984063,0.2043240863440458,0.6515948275862069,0.010560344827586207,0.07219827586206898,0.2835560344827586,51.86901515151516,0.0,0.11936212121212121,0.13738636363636364,0.05555555555555555,0.3882575757575758,0.016666666666666666,0.04411764705882353,0.18140192662430826,0.5229166666666667,0.3510931994362227,50.52326146076146,208,2026-09-27,9.0,0.05,9.0,3.4854541734860884
657041,Lane,Thomas,ATL,167.0,208,0.13187320318207707,0.20323339525949408,0.07457920281222782,0.5470042255951382,0.2367320670911378,0.38915021470388045,0.1577721032293494,0.23775340046588947,0.4503472998572784,0.6118056116026613,0.49762645024504604,0.3891511237352886,0.5687760167625077,0.10847623554116559,0.19365143995518955,0.20416666666666664,0.1194925925925926,0.003266666666666667,0.062066666666666666,48.49043091168092,0.011217948717948718,0.10922752849002848,0.10907339743589745,0.07867823581864325,0.0715370018975332,0.05062611806797854,0.08501912960306074,0.06281283778165793,0.3667670506745615,0.24682640833521616,49.14222934693304,1546,2026-10-04,9.0,0.05,9.0,3.4854541734860884
642086,Dominic,Smith,ATL,38.0,260,0.22449784089646108,0.2054595951371765,0.22728035373820266,0.5536868729607644,0.5952211975838646,0.5900853527542254,0.19032891564421367,0.2862174785545425,0.523155517922856,0.6935516682368015,0.49692278653496247,0.3895137339402881,0.5747213534577323,-0.09316256621926289,0.29322685778409596,1.343498322147651,0.2564317673378076,0.004110738255033557,0.398839485458613,86.64085061659193,0.09709921524663677,0.41062275784753366,0.46833291760089685,0.14388316212488705,0.12817460317460316,0.3780555555555556,0.2873611111111111,0.16200262762762763,0.2504922027290448,0.2170487410953959,56.48294947866648,1182,2026-10-01,8.5,0.1,8.5,3.507671849427169
668723,Ryan,Vilade,TB,167.0,106,0.20654723625641083,0.21968954822985706,0.18584189569447196,0.5913996351045055,0.5237495298793334,0.5660196425729696,0.1747345553243763,0.27260255721737015,0.4998868315118733,0.6828462643998408,0.49581406485742174,0.34829808027402587,0.5473629403004981,-0.0702055777155478,0.280640499773249,0.44173093881427217,0.2978359449192783,0.11992758784425453,0.3016278320444987,68.08455987654321,0.03666975308641975,0.21588357407407405,0.2211785648148148,0.1842169687059999,0.05331154987022618,0.19274193548387097,0.13127389641988182,0.1448258958755916,0.26283539320110444,0.25497769224775213,51.25517145765932,1102,2026-09-27,4.222222222222222,0.45,6.333333333333333,3.6080196399345335
701162,Ben,Malgeri,DET,84.0,55,0.22086665350648077,0.2238676321762773,0.21628334062897336,0.6082956958590222,0.5939523757202372,0.602665250667068,0.15557293536416306,0.2913663450644481,0.46492994813235233,0.7202134747966744,0.4955930247216225,0.29868052083500907,0.5580567462609698,-0.10707222594544552,0.29867669447270706,1.4432117942010028,0.22241207034372495,0.07695843325339728,0.5241025361528959,83.18426312229437,0.10779626623376623,0.26900034902597403,0.29479800865800865,0.1301360225140713,0.4663196452670137,0.3483333333333334,0.2336981409001957,0.14517221908526257,0.28908629947645587,0.12073482283908825,66.487159853315,530,2026-09-27,5.833333333333333,0.3,4.333333333333333,3.698220130932897
622761,Jorge,Mateo,TB,89.0,130,0.19842304531117635,0.1971823008077348,0.19927247808660944,0.5360329752218257,0.5402429816246226,0.5385353703816691,0.1451304388120697,0.24905769514452217,0.42205894368598895,0.6326749568109196,0.4951684496510641,0.2921286505753673,0.5026600911729452,-0.043366920730604996,0.26666572443415265,0.8460930365296803,0.030764840182648398,0.02565068493150685,0.09325342465753424,76.84247840022297,0.10960144927536232,0.21975410395763656,0.2532468018394649,0.21262531328320802,0.10098028556932666,0.07647058823529412,0.1093859649122807,0.13411996948705263,0.2961620774668805,0.5148225650850964,43.83738782807867,842,2026-09-27,8.583333333333334,0.6,8.75,3.4965630114566286
621020,Dansby,Swanson,CHC,137.0,350,0.19046088053893961,0.2099140445368388,0.18284635634547622,0.5624021601571381,0.5075181463707241,0.5234280745534091,0.1547381390601464,0.2238799574372454,0.44549004710664275,0.5889386000622066,0.49372609866920336,0.4139974353838816,0.5860025646161183,-0.029701975884205756,0.2584301011831876,0.6501950718685832,0.32668762833675563,0.002515400410677618,0.2921008726899384,83.44174411550594,0.012697160883280757,0.23298313256144487,0.2474479538600201,0.11116924333836099,0.11906064751481989,0.055464480874316935,0.10251887736535663,0.10649224806201549,0.2875014294931696,0.2490283515231878,62.41550545597453,1916,2026-09-30,8.666666666666666,0.45,8.5,3.507671849427169
502054,Tommy,Pham,CWS,32.0,6,0.18815850693369662,0.18203510807048412,0.2208166342041633,0.528618318316336,0.6069789540747158,0.541691429054221,0.02721459550698771,0.20799371457771462,0.09812002490342853,0.582218493896427,0.49287682908734204,0.06591599071428139,0.43008880961974144,-0.048814599966878924,0.26698715389603533,0.4298245614035088,0.6493421052631579,0.0,0.1699342105263158,94.15661696428572,0.1515267857142857,0.4601465535714287,0.5746565178571428,0.08761904761904762,0.14375,0.0,0.0965587044534413,0.05812200956937799,0.32118524774774776,0.19070499515704994,59.45608440020691,151,2026-10-03,2.7142857142857144,0.35,3.0,3.7429214402618656
683227,Cody,Freeman,TEX,46.0,48,0.21151366900046864,0.22100585803333017,0.20241698784397638,0.5988540320040232,0.5627196727375317,0.5806853696138736,0.151019162326953,0.31750879477049726,0.45051657665361944,0.7526939971406755,0.4928283516834613,0.31451504475088465,0.6326328701993108,-0.08785701793041234,0.2861782135535068,0.23480718085106383,0.4628656914893617,0.0065159574468085105,0.03909574468085105,59.06985476190476,0.0025,0.12322854761904761,0.11974978571428571,0.06104849726775956,0.18860645933014353,0.17929292929292928,0.08921052631578946,0.12374127282491944,0.13933383599695423,0.3781933394200252,48.168498168498175,400,2026-09-27,8.666666666666666,0.15,,3.6573513366066557
640459,Brian,Navarreto,MIA,37.0,19,0.2075880372164316,0.2122459294740442,0.19851740492529135,0.564614080819584,0.5375899390541994,0.55557505996111,0.06189068695717119,0.2362547655819014,0.19963025658383093,0.6091389382656913,0.4928176788519065,0.09244825352851854,0.40470453253188665,-0.06275738110920348,0.27379721147804303,1.0066220238095236,0.021875,0.021875000000000002,0.11272321428571427,69.5548870967742,0.011290322580645157,0.14622975806451613,0.18236604838709675,0.22272774327122152,0.028054298642533938,0.11363636363636365,0.07039473684210526,0.23589041627834734,0.24216223698781839,0.5309537030158966,48.344818376068375,240,2026-09-27,9.0,0.15,9.0,3.4854541734860884
680728,Adrian,Del Castillo,AZ,26.0,168,0.19104491710978458,0.08413222725328384,0.2075909286351954,0.27488137939645163,0.573005192008436,0.5394813625175465,0.13267746014151943,0.2405580551081808,0.4058380240691819,0.6344669142281003,0.4913626653077434,0.3341971316759952,0.5746748753015569,-0.04811869720980311,0.2650810001704746,0.1768041237113402,0.04104381443298969,0.0,0.07893041237113403,86.98230666666667,0.0112,0.3563432666666667,0.34428753333333334,0.06274509803921569,0.1718045112781955,0.044920634920634916,0.13214285714285715,0.0703030303030303,0.220249343832021,0.29136028195662816,61.573604372470136,789,2026-09-27,,0.0,,3.6573513366066557
666211,Taylor,Trammell,HOU,42.0,245,0.1840601406142516,0.18922575681433712,0.18317460640852268,0.5219879105184582,0.5093158451330949,0.5111851378394465,0.13161870294120975,0.21854271913954015,0.39139494610340986,0.5800892109990299,0.4910539536807462,0.33811568850921186,0.536677536180217,-0.0201311841587003,0.2510194829988974,0.3767512762336926,0.6401818633011912,0.008536585365853657,0.08516732841747021,69.20406841563786,0.0564891975308642,0.17762695473251025,0.20155610339506172,0.0691039029535865,0.10583333333333333,0.10707236842105262,0.09678818042319495,0.08247566099610576,0.40051667362686605,0.3963973675710595,51.93731126293971,1121,2026-09-27,7.916666666666667,0.6,8.25,3.5187806873977086
691858,Jared,Serna,MIA,18.0,13,0.21030047314810565,0.19539128764535071,0.23094396076730475,0.5330807752782702,0.6014481854015081,0.562693888256659,0.09187008361586094,0.3628025781179547,0.2865183165348716,0.7937817154166831,0.4909152707242815,0.12680703655710507,0.5763065681945096,-0.07177861753237752,0.27623502248841636,1.006563620071685,0.3487455197132617,0.0,0.4937556003584229,77.31448214285714,0.023875000000000004,0.23979347321428574,0.23639466964285716,0.20789473684210524,0.0,0.1125,0.20710526315789474,0.10104166666666667,0.2283646953405018,0.2723401639344262,60.71739671478347,119,2026-09-27,8.428571428571429,0.35,8.6,3.5032283142389526
691277,Deyvison,De Los Santos,MIA,21.0,22,0.1931768669153636,0.202523494492108,0.18425508604665303,0.5518698557812536,0.5143839124038526,0.532961158399843,0.0655572342796488,0.27263587967382863,0.21376263773198845,0.6766677252919477,0.48981229768188445,0.1848123255886363,0.6135895945449727,-0.04314886071795859,0.2610509295710259,0.3761796205630355,0.0,0.08173194614443084,0.0,78.08137008153138,0.00564516129032258,0.24688088739217773,0.2384083156091221,0.1463865629984051,0.024999999999999998,0.04791666666666666,0.12241161616161617,0.047098214285714285,0.2813253382381987,0.3258272603754941,47.347477314856036,169,2026-09-27,7.625,0.4,7.666666666666667,3.546890343698854
686555,Isaac,Collins,KC,152.0,361,0.17877937209372793,0.2072936855818598,0.16677334536188296,0.5584312081955407,0.4737611366536265,0.4999620441316479,0.15215515694834741,0.21902531928208013,0.4405502646716245,0.581000998504839,0.4890126326770754,0.443058468259943,0.6046119924956097,-0.01094941145457251,0.2444877554394293,0.45467308317089017,0.6409772985705002,0.07378015350877193,0.04417641325536062,89.77897256728777,0.21295031055900623,0.3977867805383023,0.5135214803312629,0.14368267743827653,0.05164141414141414,0.06460597826086957,0.11004221574993633,0.08743028534370947,0.20493043730657504,0.27448406824821053,50.991887646574405,2077,2026-09-27,8.357142857142858,0.7,8.25,3.5187806873977086
665923,Esteury,Ruiz,MIA,122.0,129,0.19631414430119093,0.192280855843518,0.2001285721448816,0.5385382461833073,0.5545699624919447,0.5468289019668503,0.14030182566989483,0.23578085437836202,0.42159961276253743,0.6223722277345947,0.4882445605725412,0.29446055347923916,0.48869017291695915,-0.058584341394309125,0.26698623694917,0.6109290013857613,0.3884043608175992,0.09215312662393904,0.3758700199203187,66.95325381679389,0.034526081424936385,0.1866970737913486,0.19492546119592877,0.15365431627196333,0.08810633565564387,0.1375,0.13904166666666667,0.11011892908507578,0.30354221822161037,0.26294717484233615,36.58227475298962,1029,2026-09-27,7.0,0.45,6.0,3.6215834697217675
807713,Matt,Shaw,CHC,96.0,104,0.206455561473382,0.22398780472784588,0.19027195231541538,0.5949548038442096,0.5286637700903704,0.5613856122705199,0.15486176203836208,0.2662569805242252,0.4509922693109999,0.6682481236728746,0.4882061068054982,0.3193530887999687,0.545221634401498,-0.07317950546502167,0.27407188418321143,0.5950458333333334,0.6527833333333333,0.0091875,0.09610416666666667,79.70775079551744,0.007553956834532374,0.2575181910625346,0.25956593248478144,0.19142177144389536,0.17092532467532467,0.22291666666666668,0.15713675213675216,0.15385579937304078,0.2665354990968128,0.26603169642007196,45.95318799771811,812,2026-09-30,7.142857142857143,0.35,7.333333333333333,3.56389116202946
687551,Drew,Gilbert,SF,49.0,337,0.21689850862552862,0.19350213360690022,0.2203003554383262,0.5509173329338302,0.604000493226595,0.5975305539133874,0.17218152803713951,0.2532259166260823,0.5051087620815641,0.6627583318338255,0.4880262390179503,0.367806930332062,0.5357835520485328,-0.1095043148954371,0.291610588924663,1.2547014082635843,0.6719943619635979,0.11222017404012224,0.44506194366945667,80.1094286107669,0.0701363073110285,0.35033490981688015,0.37672621506264625,0.15729229882267265,0.12091822297679683,0.14382066139061617,0.1876472564389698,0.09435311161501637,0.224837250933753,0.19678506856135336,44.65759499863021,1567,2026-09-27,1.8888888888888888,0.45,3.6666666666666665,3.7225450081833062
668885,Austin,Martin,MIN,175.0,180,0.1612648946686897,0.18010254049712882,0.14295051677992943,0.5038868870838545,0.4198794915888958,0.4624683322449774,0.15656488027325735,0.238711237728396,0.45176014750680993,0.6181590209203672,0.48701658097467715,0.4014766825557199,0.5893356419864622,0.02454824872969974,0.22522974597900994,0.2859154929577465,0.2947287342475908,0.03877501853224611,0.13129702557449963,55.07053418803419,0.005235042735042735,0.1112201566951567,0.11205398860398862,0.11017156862745098,0.0333578431372549,0.016666666666666666,0.09843844984802431,0.04438796824954742,0.22286569050713445,0.16202968856268202,57.858874097101044,1396,2026-09-27,6.166666666666667,0.3,8.0,3.5298895253682487
695391,Brett,Harris,SF,28.0,22,0.19777927920320892,0.19921379142899315,0.1959535363703926,0.5591668403539886,0.5525134002840422,0.5562482742149624,0.056176001509322726,0.23804817383202986,0.1919738513201681,0.6329905246191587,0.4867888089743293,0.12499753379553993,0.5087265656029747,-0.06945946524063307,0.27077543489912764,0.4706975845410629,0.17622922705314012,0.06027777777777778,0.2073403381642512,75.17315848214287,0.017299107142857144,0.2815765625,0.28238772321428574,0.07788461538461539,0.11420454545454546,0.15000000000000002,0.060770750988142296,0.1327485380116959,0.33489130651961074,0.2282060348892032,46.20253927599289,194,2026-09-27,5.1,0.5,4.6,3.6869108019639936
518595,Travis,d'Arnaud,LAA,45.0,39,0.16217731293723636,0.13923053786848888,0.1886543610934835,0.4109423815492943,0.5219130612398184,0.46452961049365227,0.08365020540566917,0.23330102917623077,0.2653499139483023,0.6084938636747548,0.48524027109004625,0.18569426566359173,0.4985899069191436,0.02071066059639398,0.2254084741252934,0.3604166666666667,0.043750000000000004,0.014583333333333334,0.021875,52.51732371794872,0.01682692307692308,0.10040855769230769,0.11373509615384617,0.06116557734204793,0.1264705882352941,0.08368055555555555,0.025050813008130078,0.13901808785529718,0.24742220062734138,0.38269662921348313,45.20856759945462,317,2026-09-25,7.75,0.2,8.0,3.5298895253682487
694673,Abimelec,Ortiz,WSH,10.0,124,0.1876426592656842,0.14994393706690073,0.19068287879784412,0.456913415464967,0.5484385756734933,0.5420309036517243,0.12341461988689191,0.2526802013971032,0.39042824775556007,0.6653070663755914,0.48477723265426487,0.296827234085178,0.5777585300637058,-0.05725367099745948,0.2627642414853734,0.3989738805970149,0.054415422885572134,0.0,0.14039179104477614,70.3631434139016,0.02700228832951945,0.1833019129004577,0.20651035647883295,0.07228122209465493,0.11815789473684211,0.18891625615763546,0.12609943977591037,0.09125,0.1848311057005306,0.37842999212164385,47.308680902585216,596,2026-09-26,2.4444444444444446,0.45,2.5,3.7579275777414076
701852,Drew,Cavanaugh,SF,18.0,144,0.21218949547598118,0.2201174896982968,0.21119849619819175,0.5908301149644946,0.5737591609389983,0.5756808623896328,0.14888703628910727,0.272246854580762,0.43980129043854665,0.6809138788900395,0.4829096752631633,0.2505491282997591,0.4907247629518832,-0.09277118712646948,0.27800185831179536,1.0030092592592594,0.14826388888888886,0.0,0.22145061728395063,68.36625664893617,0.007446808510638297,0.19321765292553192,0.20712769281914897,0.3865305280528053,0.04086206896551724,0.06830357142857142,0.24465986394557823,0.11975446428571429,0.2687963129718326,0.23888172809711863,57.779583018959926,660,2026-09-27,7.0,0.4,6.666666666666667,3.5944558101472994
663647,Ke'Bryan,Hayes,CIN,61.0,181,0.18399963234411942,0.1945378857547691,0.18044806627754692,0.5295379859010363,0.5002247107028598,0.5077329385137634,0.09524609732350608,0.18071003776506206,0.29451314161964603,0.5007813055440953,0.482296628274899,0.28455217113432496,0.49982523316177774,-0.025436310238864446,0.24487788430929472,0.22869759659532385,0.03290289256198347,0.00506198347107438,0.108657819453274,67.01385315243417,0.011731843575418992,0.16096767757382283,0.16421523144453312,0.07073183240166163,0.032675438596491226,0.20833333333333334,0.08176691729323307,0.06326923076923077,0.15562405364481938,0.2974625312971427,55.22562143433299,872,2026-09-24,8.8,0.5,9.0,3.4854541734860884
687529,Grant,McCray,SF,25.0,62,0.14316731871492605,0.22043334179349944,0.11201166424775938,0.5848032532860336,0.3425188117344644,0.42039733400144275,0.07208952879445546,0.21237814880747352,0.23210818797328525,0.5694603690006395,0.4820952095502111,0.17952541633609737,0.4856667830095542,0.06169787554876838,0.20267154082977565,0.44224936143039595,0.375948275862069,0.0,0.0967528735632184,68.14351190476191,0.054478458049886616,0.14909623015873016,0.1751480725623583,0.1262443438914027,0.06980295566502463,0.0,0.08971326638477801,0.09889258028792913,0.5602040193670077,0.17747923156801662,57.67884336475707,394,2026-09-27,7.857142857142857,0.35,8.0,3.5298895253682487
669743,Alex,Call,LAD,75.0,118,0.17725509692553193,0.14394217888109342,0.19842856178428525,0.43357799043861955,0.5546689252505725,0.5101139554509924,0.146941674815093,0.25867134644087586,0.4408028488674023,0.6653554343966672,0.4805194344642463,0.30022017296828046,0.5142314683205054,-0.029594520986746087,0.24511966938563057,1.1552820955670697,0.1736902705814623,0.0889104778353483,0.5371149971214738,70.02879380580357,0.1391392299107143,0.19565145507812498,0.23468996791294644,0.06373195229127432,0.21307151979565775,0.18429621848739497,0.09818014705882352,0.20840015273004964,0.1049393384659196,0.27817996459046845,64.00594803209465,848,2026-09-27,7.75,0.2,,3.6573513366066557
642215,Weston,Wilson,SEA,117.0,66,0.19872574610200403,0.18817766987249945,0.217424608508853,0.5179529874289255,0.5760512710522807,0.5395223355836418,0.1313830849965913,0.24241756535970244,0.3892229372429279,0.6215813157629086,0.47760152403066003,0.2995846562675173,0.5358468230257744,-0.06192081155298179,0.2576766897233285,0.3679385716977577,0.19244229319766348,0.0033469945355191263,0.7651987940456002,79.19432681940701,0.006603773584905661,0.19073690869272236,0.19319937499999998,0.14550701186623516,0.11766666666666667,0.0225,0.048863636363636366,0.1825363196125908,0.25515951987277563,0.2123993037651115,58.11656373586399,781,2026-09-27,8.666666666666666,0.6,8.666666666666666,3.5002659574468087
672016,Denzel,Clarke,ATH,37.0,47,0.20244685755963082,0.21672678633887232,0.19120521149937686,0.5731850913262062,0.5227183118176544,0.5454436864647502,0.08365020540566917,0.23330102917623077,0.26249264826690266,0.6038448487633832,0.4774362700151398,0.21487920594879498,0.5208603688021827,-0.06800741644961039,0.2604145991690377,0.6438667582417583,0.3210989010989011,0.0,0.04375,76.1879920212766,0.0037234042553191487,0.23388807624113478,0.23209210992907803,0.19631578947368422,0.015,0.0775,0.16022058823529411,0.07491176470588234,0.3622677813163482,0.25460326347784357,55.44578669497624,356,2026-09-27,9.0,0.2,9.0,3.4854541734860884
656716,Zach,McKinstry,DET,84.0,333,0.1733299149096792,0.1312188144649526,0.18395253484168228,0.39009059256926604,0.51059000075157,0.48782740878542585,0.14378174798713797,0.21702267286577157,0.42053232895952264,0.5768248764763801,0.477399201201013,0.3667887444174813,0.5393449925509713,-0.010428207584412874,0.23288841527812232,0.2755672961630696,0.293863346822542,0.28247339628297363,0.03525179856115108,79.10229914604392,0.00347682119205298,0.16878390989891948,0.1824096854304636,0.0973162588543155,0.07889150943396225,0.08540202702702704,0.091866576819407,0.08724157955865273,0.2220237092410925,0.2290651046070592,52.207396935475536,1622,2026-09-27,7.636363636363637,0.55,8.333333333333334,3.5150777414075285
695657,Colson,Montgomery,CWS,203.0,441,0.17703277202763879,0.20193065548351713,0.16557184154794874,0.5474514315937568,0.47073149368139866,0.49584618959595406,0.15092383134822718,0.21003092947608037,0.4373452930240491,0.5633921914164215,0.47698502416638155,0.44131178018906725,0.5962254147556477,-0.018861165429572502,0.23651120672723436,1.116718786806771,0.32267300444205144,0.10259132811448378,0.36893242382050073,90.88938947783724,0.22815561959654182,0.36961983669548515,0.5859843395773294,0.17378794631803102,0.05979308638268176,0.08366606170598911,0.09380971799333043,0.1533911720610283,0.3359399819752804,0.3497944473100231,56.817668173344224,2507,2026-10-03,7.352941176470588,0.85,8.333333333333334,3.5150777414075285
694497,Evan,Carter,TEX,72.0,371,0.20216337423944505,0.20423387249914499,0.20176155247475935,0.5508113480086658,0.5459033476682316,0.5467036312646291,0.13931244576774632,0.20944986297592205,0.4087801711640854,0.5610415152174592,0.47553722572712437,0.34541197176462135,0.5075718875898196,-0.0711664055375047,0.2599779281065265,0.7805474524742178,0.18819200084096843,0.023706146538750937,0.24857820314920553,81.91781943011861,0.01724793708096957,0.33550271402784937,0.34543056665807115,0.14139338731443996,0.18559343434343434,0.2508116883116883,0.11266754188547137,0.2119123931623932,0.28144346029478273,0.26586470437594034,47.13994980550134,1833,2026-09-27,7.916666666666667,0.6,8.6,3.5032283142389526
664774,LaMonte,Wade,HOU,16.0,130,0.20120152791370124,0.21428015309434972,0.19959185096839066,0.586041058268312,0.5570280862104983,0.5602775325806756,0.12452458190809183,0.24814570080395848,0.38515470157615017,0.6476474846786793,0.4712387585933753,0.2542337519166027,0.5037253264773333,-0.08903877398730031,0.26402448892107694,0.5471746575342465,0.2913670091324201,0.0,0.1654109589041096,67.47677590266876,0.005769230769230768,0.13061544348508633,0.1328587912087912,0.08660372587611394,0.1325,0.186,0.14438063063063064,0.050422932330827064,0.1682814789112499,0.14029745961546447,49.94894022052484,669,2026-09-27,8.75,0.2,,3.6573513366066557
677588,José,Tena,WSH,20.0,267,0.1894809708825029,0.0932735343752293,0.19668752043360954,0.30100211730409476,0.551121039929763,0.5362167875955302,0.15656461185143636,0.24860959989443523,0.4635299012059111,0.6484419552812499,0.4708177042093931,0.3074029431755071,0.48541734548169513,-0.06539908338613704,0.25246035689426327,1.076124237804878,0.1135861280487805,0.0064024390243902435,0.8707698170731708,68.38182207014543,0.01467065868263473,0.2596004704875962,0.2664029512403764,0.10911276030128489,0.1304642857142857,0.0412828947368421,0.058962510897994765,0.14289772727272726,0.2236064858891191,0.15148703189096202,68.22961072831477,1172,2026-09-26,6.666666666666667,0.15,,3.6573513366066557
678489,Jorge,Barrosa,HOU,60.0,104,0.2017001296526278,0.21346645084041613,0.19491186742890376,0.5669607513239417,0.5302989050940276,0.5439585885817169,0.120846131559082,0.23568948986102886,0.361676633763351,0.6081297015887095,0.4685060755743934,0.26300465135235673,0.4864436436088385,-0.07545251300732347,0.2548479036114062,0.2966463414634146,0.6354420731707316,0.00746951219512195,0.041082317073170734,73.3405218855219,0.008838383838383836,0.13233291245791245,0.1385469276094276,0.07621359223300972,0.01923076923076923,0.18825757575757576,0.09322493224932249,0.08072185267307219,0.18172510685560353,0.2011395960451822,46.066153569962545,746,2026-09-27,9.0,0.15,9.0,3.4854541734860884
676369,Nelson,Velázquez,HOU,81.0,33,0.20374765487850155,0.20104441593670597,0.21038287773563613,0.5599611366432303,0.578481822270266,0.5653819742052677,0.11653758961213888,0.25550005536816184,0.364389757097222,0.6600898925631735,0.46721752058225463,0.22436949222500085,0.47846173949767395,-0.09816445362301307,0.2641563641700854,3.815844298245614,0.33589638157894736,0.005372807017543859,1.8373081140350878,96.90056410256409,0.38974358974358975,0.41524570512820513,0.7431684615384615,0.2934955289193303,0.05178571428571428,0.0,0.21763820710612436,0.08454415954415954,0.30118607852633095,0.20650641025641026,55.79957046668215,472,2026-09-29,,0.0,,3.6573513366066557
669701,Josh,Smith,TOR,31.0,207,0.18531697342379497,0.1261300958684536,0.1941807087098606,0.3887124673565684,0.5453145424848396,0.5267887064887509,0.1369893994699153,0.23449967134033103,0.4159898556712722,0.6230091246303837,0.46551989600621924,0.32403652422604634,0.5398946793857299,-0.06126881048253163,0.24523062386189406,0.5512867647058822,0.11884191176470588,0.02417279411764706,0.09310661764705883,78.42746023266857,0.011217948717948716,0.25667091642924983,0.26576391263057936,0.16472575543441687,0.11385941644562335,0.07583158263305323,0.14337966475822583,0.09868782299741602,0.1626673310466302,0.2657330321525628,57.32925882096607,982,2026-09-27,6.357142857142857,0.7,5.4,3.65060147299509
573262,Mike,Yastrzemski,ATL,42.0,374,0.18811818568869018,0.223796124429627,0.18411157224719457,0.5994493297120523,0.5204184817462842,0.5288693184971038,0.16173263821597966,0.23804078885849095,0.47118598728884986,0.6253661848432539,0.463570388583146,0.3779940937726433,0.5397247764509912,-0.06529892991395786,0.24516815548540602,0.9108404118191434,0.2586328554031241,0.005889423076923076,0.37802690439022907,89.45467491863774,0.07696154527009544,0.2567377796274358,0.28893638629028967,0.1740684896347122,0.11160256410256411,0.11495659512900892,0.17626843813843399,0.12208042560523821,0.24499812045842811,0.2908584473704633,47.04014025059054,1772,2026-10-04,6.916666666666667,0.6,6.25,3.611410597381342
676914,Davis,Schneider,TOR,84.0,70,0.19204117573843674,0.18259176872159458,0.20338046415864733,0.5181736419186768,0.5610934295904992,0.5380421398868042,0.07522597613265464,0.17718843462081868,0.2466528127798593,0.5065384899546448,0.46011596380127395,0.15776522530056675,0.37232070077047824,-0.07792617608553021,0.24756177775971677,1.2884469696969698,0.8967803030303031,0.1509469696969697,0.8410984848484848,82.91296232876712,0.09922945205479453,0.39135436643835614,0.4221767979452055,0.10756821829855538,0.006521739130434782,0.047368421052631574,0.01381578947368421,0.12115384615384615,0.28473108163729155,0.2411111267715919,53.64176057245365,707,2026-09-27,6.0,0.15,6.0,3.6215834697217675
665966,Carlos,Narváez,BAL,77.0,198,0.1682187089186751,0.11673121191799109,0.18824162441894113,0.35120242497217113,0.5165949462666581,0.473745830075908,0.10867070452585409,0.1920071759273802,0.33033073251195744,0.5243657749006811,0.4588141198127232,0.28107922931825335,0.47937753734796973,-0.014931710263184794,0.21736127604122565,0.3380717171717172,0.1795181818181818,0.04776262626262627,0.026727272727272725,63.8765659471067,0.060043512658227854,0.17633739715189872,0.1943413268535262,0.07766806722689076,0.08849206349206348,0.08103448275862069,0.10863728005865103,0.04102221747489852,0.30090531663727604,0.27058654433067686,53.26581982831983,1144,2026-09-25,8.75,0.4,9.0,3.4854541734860884
823550,Sung Mun,Song,SD,11.0,138,0.20879873600804855,0.21051481500351632,0.2086619471026127,0.5658541970225252,0.5622468648976156,0.5625139097679951,0.11630849695340292,0.23596149075888526,0.3536803948661549,0.6132683285610132,0.4567653556587934,0.2208329108492607,0.455759453215292,-0.1057485541092017,0.2569368660581967,0.5732130872483223,0.5379488255033558,0.0,0.2866065436241611,75.3500775,0.007000000000000001,0.258653725,0.2501074,0.4390579178885631,0.17311781609195404,0.10277777777777777,0.24075000000000002,0.058681408681408684,0.27765172943268146,0.23112315680989381,54.369287130074305,634,2026-09-27,8.0,0.05,8.0,3.5298895253682487
663330,Jahmai,Jones,BOS,159.0,26,0.201333635333051,0.20041124537280425,0.20697440470532916,0.5699465727872104,0.5831140115389846,0.5718153381893949,0.12992857515078268,0.23991319188941437,0.4085137331182007,0.6447740110484912,0.456344816780036,0.21726302757387253,0.4006692046480007,-0.11547052140935887,0.26094496573805376,0.4911351351351351,0.16872972972972974,0.036878378378378374,0.07660810810810811,86.0948800096962,0.0851708952811894,0.24598394675177762,0.3135566923884939,0.1321203830369357,0.04971590909090909,0.17687687687687687,0.13347902097902098,0.10213504728132387,0.29354876498831745,0.2847420809595508,51.79483953416213,715,2026-09-30,2.2222222222222223,0.45,2.0,3.7729337152209492
805811,Bryce,Eldridge,SF,143.0,301,0.159991483258994,0.15616023082011035,0.1618116463777992,0.46258860176224437,0.4756353823342454,0.4714587955981214,0.1972230573906708,0.2758047399430968,0.5522145332841928,0.6927846039171751,0.44509754603735885,0.5890181027627126,0.7628358011369958,-0.02636124956076258,0.2098451529784526,0.74240990990991,0.20101745495495493,0.0,0.2885982545045045,42.01433245208195,0.04959655210398767,0.1826877960453845,0.2131007628332232,0.2011904761904762,0.1432214146658014,0.1291044776119403,0.1828770681408296,0.15902777777777777,0.18790093783070938,0.15802086611064897,37.68314474541243,1881,2026-09-16,2.727272727272727,0.55,,3.6573513366066557
650402,Gleyber,Torres,DET,124.0,291,0.14392858453561344,0.15751055313793283,0.1381410790143502,0.47783541665361173,0.43084302210029224,0.44519725417659517,0.18661261599252324,0.2666411267368115,0.5429870191331022,0.691396044232558,0.4359833734328665,0.5742551255842591,0.7596128726599239,-0.009213880743728697,0.19409860071896126,0.4487700803212851,0.41494477911646593,0.004427710843373494,0.08822289156626505,65.66011270844078,0.0180440948942754,0.23190368317001891,0.23082548457108476,0.14527420411566755,0.1537321670775293,0.1226388888888889,0.14476732033595563,0.14406158812938474,0.1500457780242378,0.13475873325170773,38.55524561131864,1785,2026-09-22,1.9,0.5,1.3333333333333333,3.7911006546644845
673490,Ha-Seong,Kim,ATL,72.0,80,0.18235878630650065,0.1781201766252859,0.18617353501959397,0.49701609216248466,0.5140713574456826,0.5060449442368032,0.06071896222537342,0.15643415657102436,0.19703499609715414,0.4489665771106881,0.43351231085156644,0.14920633673797906,0.38784372809507967,-0.0725326333852368,0.21937671317084864,0.3120372807017544,0.8134025119617225,0.004029605263157894,0.11495504385964914,79.02266692546584,0.0038043478260869562,0.16390213509316773,0.16376249999999998,0.10730322468793344,0.059313725490196076,0.12178571428571429,0.09026470588235294,0.09104377104377104,0.17817508563493517,0.31063066668323724,55.683485111159825,670,2026-10-03,8.833333333333334,0.6,8.6,3.5032283142389526
687749,Jase,Bowen,SD,51.0,50,0.1979224208714595,0.21369986919472017,0.18182942358173365,0.567408510210236,0.5031546176660582,0.5363923756929059,0.08439988610512007,0.21931068010467697,0.2645935182859269,0.5780725059158225,0.42748222086257903,0.13307826266911238,0.36539264090003465,-0.10891015483032684,0.22929820401495826,0.14554455445544556,0.07775371287128714,0.012128712871287127,0.04245049504950495,59.91627272727272,0.015909090909090907,0.2031611363636364,0.21045386363636365,0.0578125,0.0552738336713996,0.08125,0.03875,0.07732900943396226,0.36059873808564913,0.404987581096121,49.18115389503114,366,2026-09-27,9.0,0.05,9.0,3.4854541734860884
646240,Rafael,Devers,SF,219.0,403,0.16491987876924594,0.12978104402687904,0.18401517606100365,0.3985488529357317,0.5246753433400619,0.48271208950637445,0.20007204976027837,0.26624646383041006,0.5579992807293702,0.6776929013131262,0.425900951512539,0.5757819862019191,0.7271655773770127,-0.05681113799383547,0.20558753822737078,1.2663960342979637,0.1857757234726688,0.001969453376205788,0.5882288317256162,42.2547355163728,0.11835292471312622,0.1954804086202071,0.2613456968933669,0.16855399648349004,0.22515354868061876,0.19259530791788856,0.16645454314969016,0.21475376475376476,0.18155346206279122,0.20877941981390258,37.31470814840479,2614,2026-09-12,2.0,0.3,,3.6573513366066557
669364,Xavier,Edwards,MIA,142.0,440,0.14950465989026512,0.14130728533500855,0.15215017622400703,0.4271755986445469,0.4531891060259543,0.44692303619044393,0.21572369260159444,0.28584794319932777,0.5888158126173116,0.7080817885461039,0.4239386041311352,0.6495387677885649,0.795395540613989,-0.022984432059308724,0.18946792811662563,0.38918220638770973,0.48920494744289467,0.0,0.09437158884172225,55.425418901660294,0.005632183908045977,0.13029190293742018,0.1310916858237548,0.11891104294478527,0.19227886056971516,0.14047911547911549,0.16410714285714287,0.13283469048906776,0.15562351479526015,0.1863018934572659,36.99494519704124,2321,2026-09-19,5.4,0.25,,3.6573513366066557
808982,Jung Hoo,Lee,SF,177.0,397,0.15389398474451757,0.134450710321161,0.1625626486561904,0.4200291923804592,0.4879595881106734,0.46767297430703436,0.22539911248346298,0.2969612239256219,0.6184964270538078,0.7353554447816039,0.415553791857533,0.5691878151538632,0.7236450152016745,-0.05211918244950137,0.19434327782257874,1.1447984417344172,0.46023035230352305,0.007469512195121952,0.23672171409214093,71.04473885482197,0.003993775933609958,0.3773728620875719,0.37542483488237854,0.13512494846319384,0.1658708791208791,0.19288793103448276,0.13810311284046695,0.15735218410445145,0.07500813157762645,0.19322995549211103,36.753533421274284,2132,2026-09-20,4.363636363636363,0.55,2.0,3.7729337152209492
691176,Jasson,Domínguez,NYY,84.0,137,0.14010187516559078,0.1563481975585598,0.13014062639909882,0.4630262911660551,0.3994572975314643,0.42422917516931025,0.16386783427924587,0.2712897177748903,0.4803246530210018,0.6857212835307624,0.3987099210885991,0.522539035075616,0.7663729045791028,-0.02551925408071115,0.16914438095523718,0.2797008547008547,0.09401080945198592,0.005542986425339365,0.04157239819004524,38.00840838509317,0.03796583850931678,0.11527461180124224,0.12716638198757765,0.07716981132075472,0.06409266409266409,0.38055555555555554,0.0787878787878788,0.1367581130812981,0.17420068027210883,0.17362749546279493,35.408157449647796,829,2026-09-10,3.0,0.05,,3.6573513366066557
666971,Lourdes,Gurriel,AZ,54.0,144,0.14540886148130608,0.14779912759724997,0.1445125116878271,0.4428558209615707,0.43495693748286757,0.43711919502261776,0.14756804032247517,0.2579059356330692,0.44230307598610363,0.6640900281465949,0.3900030312191961,0.4326530210930224,0.6949876389209046,-0.04711616380342165,0.17047781106291587,0.44048295454545455,0.030934343434343425,0.006186868686868686,0.09468118686868686,41.057589285714286,0.004729729729729729,0.12795156853281853,0.12142972972972972,0.09705882352941177,0.2858333333333334,0.20147058823529412,0.21045918367346939,0.14100000000000001,0.16114783653846154,0.30751401721550975,30.70021729162929,727,2026-09-11,6.0,0.15,,3.6573513366066557
605353,Vimael,Machín,COL,2.0,4,0.16006127383760263,0.1555691541879217,0.1623073336624431,0.46121056273934014,0.47676863029874417,0.47161938271430914,0.18761630648265054,0.8123836935173494,0.5323025575415687,0.997801658332887,0.3885680546362597,0.2076596008020477,0.9385080552796037,-0.08305132807804944,0.18325622607005276,0.7874999999999999,0.0,0.0,0.0,40.5675,0.0,0.2995875,0.2813625,0.3375,0.3375,0.0,0.0,0.50625,0.3,0.18409090909090908,42.1875,24,2026-09-13,7.5,0.1,,3.6573513366066557
667472,Dane,Myers,CIN,144.0,188,0.14981422147204787,0.1539716173770257,0.1466298331192989,0.462439978160024,0.44491733099777964,0.452567962101162,0.18420511906380993,0.27387250887678966,0.5303686989750642,0.6951892925671088,0.3859339543845982,0.45701419490094186,0.6422266497887195,-0.0666340077165638,0.17466134324148044,1.0767990693423855,0.2544857836920437,0.0055346385542168666,0.23234722947517633,66.08830873015874,0.07853174603174605,0.25630265873015873,0.2922543174603175,0.146531375935521,0.1728047798066595,0.10909783813747229,0.18018804294465435,0.11202586505790167,0.14548873579817773,0.17864574163393276,39.23831205673293,1385,2026-09-23,1.8181818181818181,0.55,4.0,3.712356792144026
676724,Jared,Young,NYM,62.0,277,0.15891673877783613,0.1531373375347067,0.16021032317160516,0.45551398898566364,0.47196222437948276,0.4689813436091901,0.19935892102534725,0.29020106217515335,0.5565564310264413,0.7145371118115348,0.3852523044285034,0.4773666401385342,0.668488933790583,-0.08372903918068669,0.18067614335941626,0.5668213290724352,0.1762475417895772,0.01084070796460177,0.11235045886594558,41.77388265306122,0.040204081632653065,0.16152584183673468,0.17656762755102043,0.16504032258064516,0.13759567473159706,0.1981576354679803,0.1538905325443787,0.17696594427244583,0.12781220821661998,0.16261298802646082,40.225520739963514,1330,2026-09-17,5.0,0.4,,3.6573513366066557
663611,Nick,Madrigal,TB,21.0,41,0.15659778872238406,0.14190040171090723,0.1641257186550917,0.42862134373827543,0.4809106169977856,0.4636070755788335,0.15245896205333748,0.36152507516027416,0.4539171072394712,0.8062049930321663,0.3819146130024894,0.29031021505169974,0.7096897849483003,-0.0816924625763441,0.17705831685490606,0.5948588709677419,0.0691532258064516,0.009879032258064514,0.019758064516129027,39.568198529411774,0.0,0.12754301470588236,0.12123002450980393,0.26785714285714285,0.02045454545454545,0.06,0.2765625,0.02,0.01,0.16918158567774938,32.87184505331354,239,2026-09-16,6.666666666666667,0.15,,3.6573513366066557
695491,Joshua,Báez,STL,43.0,64,0.14953039435137067,0.15612221281995792,0.14510151631778861,0.4625000435518568,0.43637846723666684,0.44698423992625125,0.14772224640538784,0.301942160315581,0.4426719706080988,0.7314309050431846,0.38117207488549526,0.37547963210970914,0.7158683197696281,-0.06581216504075599,0.1703779101738052,0.6784118744347302,0.04146819415134157,0.01717289719626168,0.23139555697919806,41.05957089552239,0.048600746268656715,0.1509215485074627,0.18640251865671645,0.14943778110944528,0.1552272727272727,0.19166666666666668,0.13391544117647058,0.1713668850506254,0.211163351416516,0.25416666666666665,30.527712583498822,382,2026-09-16,5.5,0.4,,3.6573513366066557
694728,Brice,Matthews,HOU,86.0,144,0.14740965470840034,0.14627922686453407,0.14808477133737602,0.4392130113921766,0.44353851104670783,0.44192399835890706,0.141864567334418,0.24233359527447645,0.42853407133290633,0.6375827880237028,0.38094565438635986,0.33331457491249156,0.5525322861854451,-0.0609783439725472,0.16834902674387048,0.8236413043478261,0.4808695652173913,0.0,0.055923913043478254,57.471375,0.015000000000000001,0.44881482142857143,0.4242985714285715,0.21003649635036498,0.021052631578947368,0.012499999999999999,0.14773351648351649,0.21061151079136692,0.3506711409395973,0.21319875776397515,29.897892819979187,961,2026-09-22,9.0,0.1,,3.6573513366066557
673357,Luis,Robert,BAL,68.0,160,0.1411550649231163,0.1406348749052826,0.14137614568069565,0.42553335847407336,0.42734358474089007,0.42680412706229853,0.15090505310226085,0.25386059708833336,0.4502464162473263,0.6573442952876145,0.37999008043502897,0.4572808102264011,0.6993572144165839,-0.04681404662726957,0.16218133457240513,0.22297149122807014,0.16016081871345028,0.0,0.06716008771929824,44.10976510067115,0.06006711409395973,0.18989060402684566,0.1962234899328859,0.09120352914561496,0.05339861751152074,0.056108597285067875,0.06694054054054054,0.09599514563106795,0.15058250838867773,0.16265307561721398,41.151185770750985,884,2026-09-04,3.0,0.05,,3.6573513366066557
666310,Bo,Naylor,MIL,14.0,84,0.14381532447211498,0.14819675278372005,0.1430850864201808,0.443805981390353,0.4315011217098065,0.4332709505670671,0.08704470546990539,0.22561243033129502,0.28327926604289977,0.6074619528289908,0.3798906446511096,0.2268802210080984,0.559974557940115,-0.05338030591595749,0.16459558071952216,0.7455357142857143,0.16160714285714284,0.0,0.4357142857142857,38.31050995024876,0.09751243781094528,0.14109079601990052,0.1709455223880597,0.2,0.01111111111111111,0.555,0.008333333333333333,0.16028225806451613,0.08515625,0.2309543397778692,38.03673391701561,426,2026-09-17,8.0,0.05,,3.6573513366066557
675961,Alika,Williams,ATH,101.0,126,0.1597553905547762,0.16225067748032962,0.15775520024143574,0.4663038233430179,0.4560763258435603,0.4606441031894788,0.2031653574446198,0.3159851427858473,0.5531478566740244,0.7399867147457019,0.37776606867375395,0.4538575306835997,0.6713906818078295,-0.08287803451572484,0.17401571191963644,1.0204195886127185,0.06108351298153529,0.00539647577092511,0.05453885087637079,67.9986728091728,0.006175266175266175,0.23786814905814907,0.25616999999999995,0.19375,0.1570768662232077,0.09013157894736842,0.1770099255583127,0.16376960418222553,0.1415342523413659,0.24758239490156642,36.22079438069872,835,2026-09-23,8.285714285714286,0.7,7.666666666666667,3.546890343698854
687605,Andrew,Pinckney,WSH,15.0,12,0.12642671401112102,0.16055086357875098,0.08377152705158353,0.4727449252039574,0.27383637866555366,0.39002634210269793,0.1317037456190719,0.4467857131455308,0.40339476066457214,0.8852716397656093,0.3774019115668734,0.253781597633706,0.746218402366294,-0.012624430535824516,0.1471966870709935,0.45046296296296295,0.022685185185185183,0.022685185185185183,0.022685185185185183,28.414166666666667,0.02333333333333333,0.09426999999999999,0.09856333333333332,0.14285714285714285,0.21750000000000003,0.0,0.19166666666666668,0.10909090909090907,0.17666666666666667,0.16574074074074074,36.427415002698325,109,2026-09-15,8.0,0.05,,3.6573513366066557
642201,Eli,White,BOS,116.0,87,0.15608550153105177,0.14320042245481662,0.17326560696603205,0.43178092057041095,0.5013699493071101,0.4624145191008038,0.17881366317944145,0.2942126796946462,0.5134994995706692,0.7203935987600469,0.3756271102018439,0.3810787954038107,0.5950666578345774,-0.08678740889895986,0.17369542952521028,0.5566912972085385,0.03318965517241379,0.003017241379310345,0.27032019704433496,37.44876141552511,0.02208904109589041,0.12761769406392695,0.13332357305936074,0.23374711921223548,0.15106107660455487,0.04006410256410256,0.1574430010604454,0.2045756282598388,0.16501604500151013,0.2377371385882733,35.3379503535776,802,2026-09-08,8.5,0.1,,3.6573513366066557
592450,Aaron,Judge,NYY,77.0,200,0.14011147864241386,0.14508878424805782,0.13819521598424092,0.4363477666047846,0.41954620324574154,0.4242526926817831,0.16234872836078318,0.2572526343280893,0.47686318692098284,0.6630072185666223,0.37539462381642263,0.5157964063076522,0.7419301690522909,-0.04885806886536048,0.15926217997238235,0.5913257647729432,0.12060136804104121,0.004422382671480144,0.24898014440433214,41.93423245614035,0.06096491228070175,0.180978125,0.22273103070175437,0.10609022556390978,0.13271739130434784,0.15432692307692308,0.12122093023255814,0.11587837837837839,0.23896719978313907,0.2146268656716418,38.60686692577615,1234,2026-09-16,2.8333333333333335,0.3,,3.6573513366066557
677942,Blaze,Alexander,BAL,102.0,181,0.15456769666312054,0.15410713566603662,0.15482723932446063,0.4577909777028566,0.4594772270839049,0.45886990211708656,0.23011322706669995,0.33410597432099737,0.6157418227414562,0.7739885331158706,0.3741464495865583,0.47092823305023346,0.6787698509817465,-0.08472345253052826,0.17168454469923947,0.4787249705535925,0.13346584216725563,0.008657243816254415,0.12089222614840991,39.35933080808081,0.033712121212121214,0.15070871212121212,0.16074242424242427,0.1821225071225071,0.14238505747126437,0.07542016806722689,0.15120098039215688,0.10502024291497974,0.13954559178743964,0.2127593766411412,31.082415072273083,1110,2026-09-08,2.4,0.25,,3.6573513366066557
663616,Trevor,Larnach,MIN,54.0,377,0.15689955658808757,0.13432206488953086,0.1601334678658649,0.4099481775886933,0.47178546282749056,0.46430866253721337,0.201135684952074,0.28143435192939487,0.5601449565435248,0.7014291640490515,0.37070911370548937,0.4730239553146009,0.6471284375018274,-0.093599548831724,0.17212345277495153,0.813368543167664,0.15115093417999756,0.00568445475638051,0.15683538893637805,36.24510880566802,0.03209767206477733,0.13252551872469634,0.1434933577935223,0.19764423076923077,0.1300186741363212,0.06445147679324895,0.2551143790849673,0.13616672844345457,0.1754721407425432,0.2078122041840212,35.02796116171846,1694,2026-09-13,6.4,0.25,,3.6573513366066557
662139,Daulton,Varsho,HOU,135.0,388,0.13382730403296414,0.13475572712388836,0.13350427022555494,0.41102852394080014,0.40790695754750017,0.4087138637583484,0.1722291259862517,0.24125666783931463,0.4990798000164939,0.635695214133185,0.36967805610470805,0.49397831561805383,0.6594839477996192,-0.03903580765364034,0.1510925466572307,0.4772369644979587,0.05989483747609942,0.0023422562141491394,0.08622035036948994,53.99639304660857,0.040360932171277,0.14144746115953014,0.1577137599469496,0.12952305246422896,0.11684899184899185,0.09353023909985936,0.0958294742091764,0.1473724554940257,0.14295479138174866,0.25295766054500624,34.8231588474781,2007,2026-09-19,5.7272727272727275,0.55,,3.6573513366066557
695490,Edwin,Arroyo,CIN,42.0,115,0.09931259198367982,0.1406305106274538,0.08422256952247542,0.4255226883592702,0.27514294283432583,0.31787888761728744,0.1537658358131434,0.2804596389666726,0.4569904304471032,0.6999452560683401,0.3695936772425486,0.42247433694294984,0.6979073722198006,0.05171478962526116,0.11748602699224411,0.15214968152866237,0.02340764331210191,0.011703821656050953,0.015605095541401274,21.52581818181818,0.004772727272727272,0.0753465909090909,0.07414977272727272,0.07464285714285715,0.04636524822695035,0.11103896103896102,0.06039783001808317,0.08846153846153845,0.23109603462393263,0.26334595959595963,34.80117250152094,574,2026-09-04,,0.0,,3.6573513366066557
645302,Víctor,Robles,SEA,48.0,97,0.15514724498798704,0.1583774944896504,0.1535487710077825,0.46773512866611755,0.45648084028712754,0.46022535241499496,0.17292715813532156,0.30974386235796636,0.500622970363304,0.7422468263100892,0.3692405376151877,0.36118937082703245,0.6388106291729676,-0.09098481479980725,0.16993385654985196,0.17318965517241378,0.03801724137931035,0.012672413793103448,0.03801724137931035,31.39966216216216,0.003153153153153153,0.07736148648648648,0.07547905405405406,0.09211229946524063,0.15595238095238095,0.0875,0.1108695652173913,0.11885964912280701,0.21269100372457264,0.2813507326007326,31.045794133923632,520,2026-09-12,,0.0,,3.6573513366066557
805346,Ben,Ross,MIN,7.0,14,0.14115734340464092,0.16560694768020925,0.12893254126685677,0.467963894525359,0.3819078040195035,0.4116186418027419,0.07667565052761788,0.4000056469020493,0.24274184146295885,0.8314448201252338,0.3688622106282792,0.18877852109766458,0.733348706504507,-0.042756431174462706,0.15183056215116916,0.9283333333333332,0.0,0.0,0.15083333333333332,49.434083333333334,0.13875,0.243235,0.27965958333333335,0.13383838383838384,0.0,0.225,0.21750000000000003,0.1265625,0.2774415204678362,0.22783687943262412,34.43750000000001,90,2026-09-23,9.0,0.25,9.0,3.4854541734860884
672613,Eliezer,Alfonzo,LAD,14.0,14,0.11789939123701108,0.09203309833711251,0.14376568413690965,0.29749839310937154,0.4331507676151152,0.3679657259122774,0.07878501945604272,0.3559142478934295,0.25927734891207843,0.7999032857417181,0.36772674957112716,0.17709707797762567,0.6447710848733432,-0.00023897634115022104,0.13531084034330204,0.15312499999999998,0.0,0.0,0.109375,15.6191,0.0,0.041292999999999996,0.042105000000000004,0.08269230769230769,0.1625,0.0875,0.03611111111111111,0.16,0.054411764705882354,0.3201114488348531,25.455452127659573,94,2026-09-09,,0.0,,3.6573513366066557
657675,Rudy,Martin,TOR,1.0,2,0.14352033518563054,0.1453842356425868,0.14258838495715243,0.4370598707537767,0.4302950073632825,0.43255648754947384,0.0,0.5614970317550455,0.0,0.9509580442234383,0.3665348280698182,0.0,0.7934506856227627,-0.06602165947965566,0.15854701779443084,0.0,0.525,0.0,0.0,38.475,0.0,0.04365000000000001,0.041400000000000006,0.0,0.0,0.0,0.0,0.0,0.45,0.16875,47.25,10,2026-09-12,9.0,0.05,,3.6573513366066557
691777,Max,Muncy,ATH,105.0,176,0.15604491500845225,0.14114253521136916,0.16493553931921207,0.42677354234459497,0.482747568153687,0.4623199552042643,0.16641646976836622,0.26133537269566404,0.4860946038691941,0.6697327081865281,0.36627178781985126,0.4176473297995616,0.628950200752141,-0.09604816738441302,0.1693347565374594,0.6674132562277579,0.06988790035587189,0.008718861209964412,0.1553078291814947,40.190146167557934,0.03987522281639929,0.16123642602495544,0.18154182709447417,0.2313738738738739,0.140092526372251,0.035897435897435895,0.1833620627522583,0.185011655011655,0.18248129905239097,0.23851290533267033,32.956166589967786,1110,2026-09-17,5.666666666666667,0.3,,3.6573513366066557
700652,Kenny,Piper,TB,4.0,7,0.10733980566971799,0.1480053307654646,0.08410236275786279,0.4433487086974047,0.27479489914184074,0.3398509623459043,0.051367689746085105,0.47698056196084426,0.1754081844750831,0.9065625864112795,0.364240718197635,0.11762077423264788,0.7692757187239871,0.0243897558517307,0.12378755860502957,0.27840909090909083,0.4613636363636364,0.0,0.11136363636363636,15.70625,0.029166666666666664,0.03287083333333333,0.049845833333333325,0.08888888888888888,0.0,0.0,0.0,0.08,0.11200000000000002,0.057142857142857134,47.091836734693885,49,2026-09-05,,0.0,,3.6573513366066557
699013,Esmerlyn,Valdez,PIT,111.0,173,0.13109697834755646,0.12318963797285831,0.13617047419490616,0.3817188741950521,0.4145429736972158,0.4018685616545329,0.15508344252581968,0.24736538918627765,0.4600762518958902,0.6463081865834464,0.3631653748756255,0.440873908658052,0.6646092943867861,-0.038703186778907384,0.14594474684399686,0.6170598591549294,0.24325924295774648,0.00215669014084507,0.2143133802816901,42.18484962406015,0.09529180093089867,0.16444452201933404,0.22441878804153237,0.16029611211573236,0.038409810126582275,0.03482478097622028,0.064375,0.11919463087248322,0.24957108428935626,0.13802168068781312,41.75441969746725,1267,2026-09-11,4.8,0.25,,3.6573513366066557
681351,Logan,O'Hoppe,TEX,86.0,186,0.15068539226173594,0.16316467232170367,0.14491540255658958,0.47872448916323596,0.4359295732194607,0.4497260843965577,0.15877390787984452,0.2539322143521103,0.46865146236231914,0.6574645679738528,0.36078605431480126,0.38772115676987573,0.6004921529268207,-0.08894003008175644,0.16225489951187935,0.9510477941176471,0.038281249999999996,0.006755514705882352,0.04954044117647058,37.15875679347826,0.015217391304347825,0.16613783967391305,0.1689070652173913,0.26916666666666667,0.08781362007168458,0.05777310924369748,0.28515151515151516,0.1705952380952381,0.1672793148880105,0.22007441110953127,34.970479354532515,989,2026-09-11,7.0,0.1,,3.6573513366066557
678011,Anthony,Seigler,BOS,40.0,129,0.1329864637946194,0.0726003327665332,0.15171084550875463,0.24092675590326795,0.4521521138981446,0.4066118600645978,0.1632171092644875,0.28714624309211884,0.4788439416523418,0.7100180453592504,0.36073133993072043,0.40291074545649797,0.6742475770713254,-0.04588052013387739,0.14667764111282497,0.21745562130177512,0.06523668639053254,0.003624260355029586,0.03986686390532544,32.215696721311474,0.010040983606557375,0.058573770491803276,0.06307684426229507,0.09983835118205697,0.08529411764705883,0.047058823529411764,0.10671114599686028,0.06015741015741016,0.13558569082207686,0.24610622802611754,42.01393376078997,649,2026-09-12,9.0,0.05,,3.6573513366066557
656577,Alex,Jackson,MIN,25.0,48,0.1567135808533062,0.14176376463070903,0.16449994346924224,0.42828852064635037,0.48176007535223886,0.4638763622203266,0.19651731621782964,0.40005463236611083,0.550773100226242,0.8456606931895385,0.35832849340600625,0.3398561575495228,0.6925677302378154,-0.10554786881432032,0.16622011800106845,0.23493150684931502,0.016780821917808216,0.016780821917808216,0.05034246575342465,22.90588888888889,0.0038888888888888883,0.07126277777777777,0.0707072222222222,0.08769841269841269,0.15714285714285714,0.1433333333333333,0.1,0.13,0.19176470588235295,0.21110538596150108,35.10416666666667,272,2026-09-20,,0.0,,3.6573513366066557
694371,Tommy,Troy,AZ,31.0,111,0.14277082078181028,0.1476699308942337,0.14140260084050285,0.44254684035934055,0.4274081130778584,0.430738222605337,0.14009557324033284,0.2702229966957143,0.4242137422952603,0.6840354208859056,0.3564301273638426,0.3874647126766947,0.6794376602366395,-0.0743080952414944,0.15352807954369546,0.3445774647887324,0.05607394366197182,0.0,0.038820422535211264,38.14532894736843,0.016578947368421054,0.0952731140350877,0.10255561403508771,0.14341463414634148,0.013333333333333334,0.03,0.03515625,0.13,0.2614864864864865,0.24572072072072074,35.42207016076018,577,2026-09-13,6.0,0.1,,3.6573513366066557
690993,Colt,Keith,DET,25.0,396,0.1516483485923314,0.08491911502193585,0.15586105273187656,0.2771573148221087,0.46189141693776314,0.452004480757081,0.19715091165804932,0.27794739767593224,0.5520673344766835,0.6960959071709549,0.3555811489118422,0.4322265049400511,0.5955818893351084,-0.09642333184523877,0.16072427258090355,0.5947557897862232,0.13143185866983373,0.035566359857482195,0.1626336104513064,61.56299824561403,0.04043421052631579,0.15344964035087721,0.16823446929824562,0.17274184149184152,0.12854520020982688,0.19173076923076926,0.13226190476190475,0.184999153689912,0.14108636924200263,0.18362268255488284,39.598529693984055,1611,2026-09-19,2.8,0.5,,3.6573513366066557
694388,Joey,Loperfido,HOU,14.0,103,0.13051241891850424,0.02808887506170808,0.14443406565632122,0.09895608495152264,0.43476741599504065,0.4003955409543881,0.12758198294157502,0.26832070879671166,0.39297143018582703,0.6810127221995285,0.35528753002818836,0.28509392559950375,0.5780493145800893,-0.04510801092619976,0.1422555427799849,0.177991452991453,0.06805555555555555,0.005235042735042734,0.052350427350427345,15.585105633802815,0.01232394366197183,0.05808767605633802,0.06147183098591548,0.03046875,0.024324324324324326,0.028124999999999997,0.03461538461538462,0.023076923076923078,0.5679487179487179,0.3071280991735537,23.817427385892113,482,2026-09-16,,0.0,,3.6573513366066557
694377,Nick,Yorke,PIT,60.0,55,0.11618635323629345,0.1485940071075353,0.08083254901312056,0.4447540793498237,0.2652809058281296,0.36346506236867804,0.12986594771740817,0.2726994473512982,0.3987634425844192,0.6879392042442424,0.3552240544464103,0.2954126874008022,0.6041893824430271,-0.008241007922267729,0.12911153310421922,0.1544565217391304,0.2990217391304348,0.010652173913043479,0.05858695652173913,28.572916666666668,0.008974358974358974,0.057473397435897425,0.06154807692307692,0.08638392857142857,0.046825396825396826,0.12083333333333332,0.12678571428571428,0.05034090909090909,0.11100396539293439,0.1464393125671321,42.20888971218069,463,2026-09-05,9.0,0.05,,3.6573513366066557
702616,Jackson,Holliday,BAL,90.0,257,0.14384954981541864,0.14293836889597716,0.14416864040977556,0.43114504843507173,0.43412582002579414,0.43335380189094863,0.16814261806713787,0.25324845503363846,0.48997596149895006,0.6563150230596041,0.35293219423842936,0.37774492218389677,0.5726722965030077,-0.08042160765251927,0.15294450818293812,0.36997678514249116,0.05648414985590777,0.0,0.0949901270146227,39.2150655679603,0.01877104377104377,0.12261174463937623,0.12582034821903243,0.15316988280905808,0.04717391304347826,0.23003246753246753,0.11058812981889904,0.1397427423864965,0.14110256400187957,0.2009164816799347,38.86741412759953,1348,2026-09-14,3.888888888888889,0.45,,3.6573513366066557
694224,Gabriel,Gonzalez,MIN,6.0,5,0.14552537949096428,0.13823258523698786,0.15427673259573596,0.41963825134604327,0.4581884623429541,0.4373998282667474,0.051367689746085105,0.47698056196084426,0.1754081844750831,0.9065625864112795,0.3528627611142984,0.09677141110578041,0.700006684861608,-0.08453706715244902,0.15434211111312443,0.3301136363636364,0.11136363636363636,0.05568181818181818,0.0,39.96875,0.0,0.08829166666666666,0.08086458333333334,0.45,0.0,0.0,0.0,0.13833333333333336,0.1477536231884058,0.29959150326797385,26.143410852713178,43,2026-09-06,,0.0,,3.6573513366066557
596146,Max,Kepler,AZ,12.0,130,0.12695303377179745,0.09550975559716762,0.12985549021868636,0.3072864258781578,0.3987370148063135,0.39136935570327847,0.1340947901933951,0.26251025811325784,0.4093814125322911,0.6716498864126033,0.35233364056691036,0.329354701126789,0.6250263789330753,-0.03903571513636811,0.1378925899012622,0.17253521126760563,0.04313380281690141,0.0,0.056073943661971826,35.2148125,0.012249999999999999,0.093375625,0.09570225,0.09695652173913044,0.07119932432432433,0.0375,0.07348790322580645,0.07741379310344827,0.21813829787234043,0.24750393853271993,34.97682044323835,536,2026-09-05,7.0,0.05,,3.6573513366066557
624428,Adam,Frazier,LAA,20.0,121,0.1450789381680249,0.09007673350729134,0.1541702116656668,0.29194655422973015,0.4579388337781425,0.43632402407962856,0.15943347868326785,0.2951425754160097,0.4701735595715447,0.7217385725300818,0.3504500967820726,0.286175155495956,0.5330270757914608,-0.08587392729755594,0.15290979646704922,2.40861795446062,0.039095744680851065,0.013031914893617023,2.1391937290033596,62.42880555555554,0.0038888888888888883,0.3665297222222222,0.35733027777777776,0.21625,0.10669642857142857,0.07023809523809524,0.236729986431479,0.12326254826254826,0.17058050079315615,0.267710364056762,31.669379425811574,566,2026-09-19,8.666666666666666,0.15,,3.6573513366066557
641584,Jake,Fraley,TB,10.0,87,0.12084708282074265,0.034961466732488615,0.13071899271594425,0.12204072263082189,0.4009163833037178,0.3756560075422626,0.1291394035682155,0.28578377693725787,0.39692534029911175,0.7079858494180871,0.34935883591357,0.37772167637354503,0.7083826401947998,-0.026297171628692606,0.13123874549890413,0.20206185567010304,0.18015463917525773,0.0,0.03788659793814433,60.5621186440678,0.014830508474576272,0.15557796610169494,0.15285338983050847,0.026612903225806454,0.03214285714285714,0.039473684210526314,0.02608695652173913,0.03235294117647059,0.1532085561497326,0.19798209798994976,32.784557481751825,411,2026-09-19,1.0,0.05,,3.6573513366066557
592626,Joc,Pederson,TEX,35.0,391,0.13944341610544303,0.07476833462448025,0.14523274564977473,0.24739659942547576,0.43669482758987466,0.4226150398698941,0.1708331195086209,0.24755709188258407,0.4959831973204285,0.6466375601515473,0.3462775642504229,0.4060478486804078,0.5723447724755373,-0.07633747561947124,0.1463421066217423,0.7033890845070423,0.14788732394366197,0.04734448356807512,0.2325117370892019,38.91871980042017,0.05613182773109243,0.13420061055672267,0.17299690782563026,0.12796679419084056,0.2317575083426029,0.06938405797101449,0.12387206579162355,0.13917622848590672,0.18936480585679105,0.2133498294919158,35.85440504463948,1732,2026-09-12,1.0,0.25,,3.6573513366066557
660821,Jesús,Sánchez,AZ,35.0,274,0.13552058956867688,0.1429562471250144,0.13457077929688194,0.42217082877222656,0.4018175731230299,0.40414843863588823,0.18932806998202573,0.2832482291376822,0.5258575516394697,0.6939590941838384,0.34127512859125586,0.4476593463255317,0.6365776165476932,-0.06287331004463237,0.13792581036541804,0.3521511099755862,0.22271120763072727,0.015857605177993526,0.0634304207119741,69.05074282296651,0.09623803827751197,0.2681449102870814,0.2968603110047847,0.1721162377994676,0.03611708996986655,0.0663563829787234,0.10547929764797236,0.11644757051733796,0.2017517006802721,0.27303591315766507,23.399213216889926,1187,2026-09-23,7.5,0.3,7.5,3.5553907528641573
621550,Patrick,Wisdom,SEA,23.0,26,0.10686362788340428,0.13676584013252777,0.08041167089379504,0.4160173892734843,0.2640497474470719,0.3385621210784716,0.04437954674476263,0.21756361549195896,0.15297366238328036,0.5923328705628772,0.340587614951365,0.12499753379553993,0.5087265656029747,0.0020254938728934135,0.11531006533099192,0.11249999999999999,0.025,0.0,0.05,16.2225,0.03365384615384616,0.050043269230769225,0.06839807692307692,0.005,0.03214285714285714,0.03,0.023684210526315787,0.01,0.4676136363636364,0.30751329787234044,36.18421052631579,190,2026-09-04,,0.0,,3.6573513366066557
683090,Matthew,Lugo,KC,8.0,7,0.1391595340422762,0.12969793709248012,0.14997278769918598,0.39833875060514345,0.4480356056234557,0.42191812293601183,0.03736125910306534,0.3788198283232237,0.12999928701296803,0.824723353276744,0.340064868858268,0.08221892400405661,0.6410655481673807,-0.08185325407774385,0.14347953114516146,0.15652777777777777,0.11569444444444443,0.0,0.0,38.317421874999994,0.0,0.0746359375,0.07110234375,0.0,0.1601190476190476,0.0,0.1125,0.04444444444444444,0.29433333333333334,0.2737931034482759,30.793650793650794,56,2026-09-13,7.5,0.2,,3.6573513366066557
690976,Alex,Freeland,LAD,35.0,229,0.1469474438727569,0.13525297344822101,0.14873480834812264,0.41226550245083615,0.44508983737973506,0.44081667987704354,0.16029025675783287,0.25727563954937827,0.4721460201514598,0.6630453914268802,0.3360689827879164,0.32277092325066287,0.5247924737187519,-0.10474769708912712,0.1481448132022246,0.9920349326599327,0.7763139204545454,0.0023200757575757573,0.12293639520202021,68.29067106460418,0.022740370033363665,0.2541481649984835,0.25788536548377317,0.13780933062880324,0.22762141967621422,0.013636363636363636,0.10639231499051234,0.16928571428571426,0.1375989096487259,0.1298862587801066,42.2894374785553,1108,2026-09-19,8.571428571428571,0.35,,3.6573513366066557
700337,Edgar,Quero,CWS,87.0,123,0.14158631523526669,0.13310975473513353,0.1475819311987755,0.40692041235496645,0.44233631326396905,0.42785607594776986,0.13476772174141538,0.23859981540974629,0.41105838468422706,0.6310079018334984,0.3328687034308041,0.28503000494619546,0.5145159919960708,-0.09498737251696576,0.1424198972557258,0.14,0.18541666666666667,0.5783333333333335,0.04083333333333333,26.673790509259263,0.00486111111111111,0.07278807870370371,0.0729796875,0.09666666666666666,0.019354838709677417,0.07386363636363637,0.09278579356270811,0.06564685314685315,0.12876895628902765,0.12728211009174312,38.922843594197104,838,2026-09-11,5.0,0.05,,3.6573513366066557
683357,Owen,Caissie,MIA,40.0,282,0.12925745500622463,0.1494882006453246,0.12638784569571399,0.4468838889287514,0.3899270762654633,0.39722427902618773,0.1588338942714305,0.24578453365318967,0.46879002464440966,0.643583532164571,0.3312017627865784,0.397407007851655,0.5843849309893538,-0.06602251623960931,0.13156138143510107,0.4811413043478261,0.21994565217391307,0.007608695652173912,0.3077445652173913,41.007254464285715,0.08742559523809525,0.17288125000000001,0.2286352678571429,0.13670995670995673,0.02723909657320872,0.1259033613445378,0.122515848444641,0.04045943708609272,0.24984345663755114,0.20575403436516215,37.57351802439246,1364,2026-09-12,6.0,0.25,,3.6573513366066557
665561,Rafael,Marchán,PHI,30.0,65,0.13370356901955324,0.13726580274492717,0.13205946114630374,0.4172534541959241,0.40428817359652913,0.40840488051441903,0.05064423402767533,0.17033043673589754,0.17310589583242098,0.49486475508941075,0.3294944894912678,0.16095800156300613,0.4659232933074994,-0.07891039102315123,0.13456715761084073,0.09671052631578946,0.012894736842105263,0.012894736842105261,0.038684210526315786,32.24365131578947,0.004605263157894737,0.053259210526315784,0.05274440789473685,0.015789473684210523,0.012499999999999999,0.010714285714285713,0.007142857142857142,0.01981132075471698,0.02258064516129032,0.3404761904761905,22.511824324324323,370,2026-09-12,9.0,0.05,,3.6573513366066557
681230,B. J.,Murray,CHC,7.0,4,0.1401032946876896,0.1410978597498203,0.13836280582896082,0.42666448099230336,0.41995892838344484,0.42423265141561495,0.016232172885884855,0.3773584364515957,0.05809783001163038,0.8232104992604811,0.32895702844729924,0.030053369748306635,0.5635028221864703,-0.09527562296831571,0.13955431237999963,0.05568181818181818,0.0,0.0,0.0,39.299285714285716,0.0,0.04029999999999999,0.05956428571428571,0.05,0.0,0.0,0.06666666666666667,0.0,0.05448717948717949,0.19333333333333333,34.732142857142854,46,2026-09-11,8.0,0.05,,3.6573513366066557
677008,Heston,Kjerstad,BAL,0.0,19,0.14837106984033455,0.0,0.14837106984033455,0.0,0.4442221559212831,0.4442221559212831,0.0850767663291625,0.4333427844381418,0.2776126688166751,0.8747418133227517,0.32866167992091366,0.09746059290024889,0.5656453011761292,-0.11556047600036945,0.14599880002317894,0.4442724458204334,0.0,0.0,0.17770897832817337,37.32275,0.0,0.210495,0.19865062500000003,0.08928571428571429,0.084375,0.5416666666666667,0.1125,0.16730769230769232,0.2105855855855856,0.29389051808406647,29.084217506631305,65,2026-09-18,7.0,0.2,,3.6573513366066557
801126,Brock,Rodden,SEA,18.0,53,0.1344576730599904,0.15152465338611998,0.12866134011904073,0.43600494112512,0.38123680729636544,0.39546523516452936,0.09941454752428261,0.2725912799863349,0.30577744720000566,0.6702116526566533,0.31959143149407304,0.2340330237774797,0.5926054264103301,-0.07587380367045632,0.12638730061237216,0.41235915492957753,0.2561737089201878,0.0,0.025880281690140845,60.12972007722008,0.03706563706563707,0.11675839768339769,0.1420454633204633,0.1475975975975976,0.10037878787878787,0.03333333333333333,0.16466346153846156,0.07111111111111111,0.2702584586466166,0.216875,34.424917188075085,286,2026-09-22,9.0,0.3,9.0,3.4854541734860884
694212,Samuel,Basallo,BAL,99.0,295,0.12997253751144258,0.1222376708503066,0.13256830632314587,0.3752548671043662,0.4013793431631897,0.3948908262807824,0.16628097738255998,0.24554502814829382,0.4811550845321503,0.6381749482493805,0.3195684386183003,0.42626984959636616,0.6082601022941003,-0.07532238766248212,0.1261946447792401,0.4477540259058288,0.30639358699457375,0.028204314720812182,0.15383336250656396,67.45511445444319,0.04177446569178852,0.17710440101237343,0.20488213160854893,0.1121911663216011,0.06674868766404199,0.14083603896103897,0.09432849488819639,0.1187260278581522,0.18451162475151706,0.26383202948327866,33.94503939789807,1462,2026-09-21,5.8,0.5,6.333333333333333,3.6080196399345335
670770,TJ,Friedl,CIN,38.0,228,0.12940170960114283,0.15476096533875866,0.12517516697820688,0.4593221943077418,0.38682411472821787,0.3975894251757217,0.11569667009361191,0.202421454511305,0.362174250143933,0.5627286290884759,0.3102061487442135,0.27331684253954924,0.47916266109107675,-0.08738327643150823,0.12333468436518627,0.44492481203007517,0.16851503759398492,0.01151315789473684,0.09868421052631579,34.31576349431818,0.004971590909090908,0.16423629261363637,0.15731097301136365,0.09538250211327134,0.36150000000000004,0.04401595744680851,0.2581521739130435,0.05519301470588235,0.17030236582988878,0.08984806827619785,39.90345331484099,1010,2026-09-17,8.5,0.1,,3.6573513366066557
668670,Jake,Rogers,CWS,44.0,123,0.12194955765436077,0.1302386499406324,0.11898435390967822,0.39970477000034443,0.37080426022413326,0.37851472455226176,0.09355742548296511,0.19818357909956422,0.3018022045846488,0.5541709368912087,0.2997541134353974,0.2382301110811472,0.4851516927976368,-0.07876061111686439,0.11346134568040686,0.15037425149700598,0.21115269461077843,0.0036676646706586833,0.040344311377245506,38.139293478260875,0.017119565217391303,0.07992989130434783,0.08516358695652174,0.058333333333333334,0.026932367149758454,0.05150375939849623,0.07051282051282051,0.028189028420356907,0.18784869617950273,0.16972046462149581,42.49184039136383,688,2026-09-17,7.75,0.2,,3.6573513366066557
602104,Ramón,Urías,STL,40.0,59,0.1310297060882365,0.14187298341882149,0.12367833162682294,0.42855456905558287,0.3829782694808985,0.4016991775342108,0.07837241241376691,0.21179712779786347,0.25806324351311727,0.581236424703065,0.2980582093820585,0.1748947864983201,0.45783135911135653,-0.10364096815215229,0.1197297375660925,0.1732323232323232,0.05568181818181818,0.024747474747474744,0.04949494949494949,36.38807598039216,0.01801470588235294,0.09847720588235295,0.10568345588235294,0.05480769230769231,0.021428571428571425,0.0875,0.031069518716577538,0.07386363636363637,0.1041904761904762,0.18014251373626372,37.57803867403315,362,2026-09-15,,0.0,,3.6573513366066557
677347,Kyren,Paris,LAA,14.0,4,0.12062067852985453,0.11585306277768637,0.1373073336624431,0.36258671015575217,0.41735604610815413,0.37506776091127214,1.3877787807814457e-17,0.1758792236466577,0.0,0.5071110629811315,0.29780954780672725,2.7755575615628914e-17,0.3543304350666875,-0.07725821310454489,0.11169876027386764,0.0,0.2625,0.0,0.0,0.0,0.0,0.0,0.0,0.0,0.0,0.0,0.0,0.0,0.25540540540540546,0.08653846153846154,30.903614457831324,83,2026-09-14,7.4,0.25,,3.6573513366066557
801501,Nate,Furman,SF,0.0,37,0.1200939962175353,0.0,0.1200939962175353,0.0,0.3736977700353912,0.3736977700353912,0.04285189940411471,0.24708531544126022,0.14801089922575172,0.6458265775516527,0.28504009345516057,0.05520471638534141,0.37565475270329085,-0.0886576765802306,0.106518847294873,0.06621621621621622,0.2966591591591592,0.0,0.04966216216216216,37.97886363636364,0.0,0.06549696969696969,0.06408560606060607,0.02222222222222222,0.03076923076923077,0.13333333333333333,0.028571428571428567,0.05217391304347826,0.1575792910447761,0.225,23.068578782864503,147,2026-09-15,,0.0,,3.6573513366066557
650489,Willi,Castro,COL,165.0,309,0.09174177882925563,0.09084978163024787,0.09221808801319181,0.2941441317316791,0.29802172103516456,0.2966736879933566,0.19828394825912168,0.27434448247199905,0.5543750111213548,0.6905129263818683,0.27194561167160297,0.5837018144109374,0.7500617243292349,-0.02472807632175361,0.08067910754822365,0.2300105485232068,0.05297995780590717,0.007753164556962026,0.07236286919831222,15.101677852348995,0.014093959731543624,0.05889337248322147,0.06661803691275167,0.10629707576428887,0.09959901800327331,0.054911764705882354,0.11061732385261797,0.0784584980237154,0.11503042035398231,0.15212232620320854,20.828255472805235,1899,2026-08-31,,0.0,,3.6573513366066557
691016,Tyler,Soderstrom,ATH,145.0,303,0.09070097270669847,0.08352025252069917,0.09413729094752321,0.2731077536058235,0.3034343653649718,0.29372149183985474,0.1808749286114001,0.25698099398822183,0.5179508660293488,0.6625562446203253,0.267888794938599,0.5487844359404759,0.7259372871210739,-0.025832696901255725,0.07868469649654623,0.2556640625,0.0669921875,0.0041015625,0.0751953125,15.822581967213114,0.016639344262295082,0.05570622950819672,0.06344696721311474,0.11546094750320102,0.03666310541310541,0.08792372881355932,0.0808845029239766,0.10375615763546797,0.09150451505648544,0.10654943934760447,22.77783241864521,1753,2026-08-14,,0.0,,3.6573513366066557
694384,Nolan,Schanuel,LAA,117.0,323,0.0938888762372719,0.08844661486565329,0.09586022168767244,0.2872962569759544,0.3082675837687454,0.3027354865268661,0.20755999375653217,0.2877552915816658,0.5729442227684352,0.7109231442375652,0.25729057623888285,0.6050536120416237,0.7773156722971892,-0.04544491028798325,0.07789098777645594,0.21019886363636364,0.05846590909090909,0.008352272727272726,0.06542613636363637,15.275770958083829,0.0036676646706586824,0.058775898203592816,0.05974258982035928,0.09246961805555555,0.11102941176470588,0.08229166666666667,0.1005,0.09058139534883722,0.04799432096630056,0.09779146456879215,23.066446179226297,1678,2026-08-20,,0.0,,3.6573513366066557
805779,Jacob,Wilson,ATH,114.0,221,0.09231653241287957,0.08754937311697482,0.09477561005873086,0.28472721617967944,0.30522784954194415,0.29830010054687517,0.21010688997856075,0.30293971130138,0.5779427364253298,0.7328319164531394,0.2568293080113887,0.6053965378701002,0.8001307570773007,-0.04147079253548647,0.07661220840318163,0.22671641791044775,0.021940298507462687,0.005485074626865672,0.06764925373134328,14.490062277580071,0.004359430604982206,0.05181681494661921,0.051930160142348754,0.10760275599904967,0.06566985645933013,0.07584841628959277,0.10536700414173952,0.07939529675251959,0.0500963357233977,0.18352040816326531,17.50597204997378,1137,2026-08-16,,0.0,,3.6573513366066557
642715,Willy,Adames,SF,137.0,367,0.0837354072856025,0.09147062531010935,0.08084787358163129,0.29590543949722947,0.26532570520839716,0.2737316742342697,0.17884484523804559,0.25011079640366685,0.513567059802422,0.6510039752614218,0.24928743828769956,0.5225718017226483,0.6937025053469227,-0.024444235946570136,0.06823786784806418,0.2394097222222222,0.04496527777777778,0.002430555555555555,0.061979166666666655,15.237990797546011,0.015567484662576684,0.055225383435582816,0.06495774539877301,0.11050819844439771,0.04973707274320771,0.049999999999999996,0.08901911287414353,0.0803196853569988,0.10812913661039636,0.12095159075303273,22.844159743559967,1979,2026-08-23,,0.0,,3.6573513366066557
691458,Blaze,Jordan,STL,76.0,119,0.09197521581052592,0.09626307465290518,0.0892367513397627,0.3093941550556085,0.28955306957955806,0.29733458769520704,0.1817686446644982,0.30023073005905704,0.5198716462273028,0.7290148609951906,0.2463789464947053,0.48429732915809565,0.7293727611385934,-0.05095564120050175,0.07325698247278267,0.22301282051282054,0.021987179487179487,0.006282051282051281,0.07538461538461537,15.331009615384612,0.016826923076923073,0.05525961538461538,0.061424999999999993,0.11024144547489606,0.08232954545454546,0.07647058823529412,0.06574074074074074,0.11436699857752489,0.07547008547008546,0.14598849018280297,18.06652977143307,719,2026-08-27,,0.0,,3.6573513366066557
680977,Brendan,Donovan,SEA,52.0,106,0.09632169195899276,0.08062174773497117,0.10402355138964486,0.26466445428331054,0.3308370538935087,0.3095579661577825,0.18053233679427208,0.3127989727631345,0.5172130873768348,0.7463947626209739,0.24337443309017637,0.45899061456925083,0.7510862653443866,-0.06618353306760616,0.07533849452219832,0.2170886075949367,0.05814873417721518,0.023259493670886075,0.05427215189873418,14.721030701754383,0.0046052631578947355,0.051812280701754386,0.052955921052631576,0.09920212765957447,0.10210084033613445,0.09772727272727272,0.09126794258373205,0.10475195094760312,0.05083653364501586,0.10150535939470365,21.38824958445212,594,2026-08-21,,0.0,,3.6573513366066557
650859,Luis,Rengifo,SD,131.0,217,0.09334989202735747,0.0937426006054482,0.09311281910694322,0.30232372296104737,0.3005488799827776,0.30121738071727866,0.17554688551287884,0.2616996497201819,0.5063837225096223,0.670328003057452,0.24213594380878076,0.47353237624438765,0.6695562506909143,-0.0590814369084979,0.0729355547715871,0.17424568965517243,0.058081896551724146,0.005280172413793104,0.06512212643678161,15.193127376425856,0.007319391634980989,0.05241615969581749,0.05347148288973384,0.09279250161603103,0.07803825956489122,0.14870689655172414,0.07833202409007593,0.1147457627118644,0.07279330228432024,0.12217150238124527,21.81664961874651,1368,2026-08-29,,0.0,,3.6573513366066557
696135,Kahlil,Watson,CLE,17.0,74,0.09331147482527533,0.08892698143313382,0.09431872330725377,0.28866891478488743,0.3039444773396077,0.3011090830152835,0.1561815982722814,0.32716671153557714,0.4626383699349018,0.7652545649177035,0.2419335546346902,0.4072670096806468,0.7548524292560443,-0.059175528380593284,0.07284839078667955,0.2019230769230769,0.02019230769230769,0.0,0.07403846153846154,15.439374999999998,0.012499999999999997,0.057396875,0.06343750000000001,0.1348214285714286,0.04285714285714285,0.0,0.1315340909090909,0.027906976744186046,0.15550351288056205,0.13243562795585917,16.685263562908812,339,2026-07-21,,0.0,,3.6573513366066557
669477,Casey,Schmitt,SF,104.0,300,0.09058452316903186,0.09179804343536449,0.09016383614336988,0.29683302393302324,0.2921944128420303,0.29339062929002413,0.2195375806604135,0.3047873848274837,0.5960817946045165,0.7354128461091085,0.24138748483426065,0.5610358669448852,0.7463773771963067,-0.052003144455763484,0.07082082607825989,0.2835086633663366,0.015160891089108909,0.010612623762376237,0.07883663366336634,15.658725490196076,0.021160130718954246,0.06360220588235294,0.07510988562091503,0.09558936825885977,0.0800125313283208,0.04285714285714285,0.09064028457092041,0.0835064935064935,0.07477611940298506,0.1415773397879207,20.06826180121343,1453,2026-07-27,,0.0,,3.6573513366066557
682848,Endy,Rodríguez,PIT,28.0,130,0.09203580269409369,0.08822934249629381,0.09285565565977366,0.28667476482358434,0.29982320249409666,0.2975060456613273,0.16936427786008817,0.2992514858220699,0.4927100411511758,0.7276253701748938,0.23998552288115435,0.4117613449352105,0.6906106996500243,-0.05752052278017297,0.07139714392833822,0.2442246835443038,0.08916139240506328,0.0,0.07753164556962025,16.06872340425532,0.01861702127659574,0.06166143617021276,0.06952154255319148,0.11833333333333333,0.024999999999999998,0.09711538461538462,0.08400383141762452,0.10892857142857143,0.08828943192637258,0.12015789001525073,20.874241783044152,612,2026-08-07,,0.0,,3.6573513366066557
672569,Gustavo,Campero,LAA,5.0,6,0.09351355233444184,0.09443335776723963,0.09274704780711034,0.30426664157594896,0.2995165628433063,0.3016786008505241,0.1516647109536757,0.6461988254921511,0.4520431354858032,0.9776306114019575,0.23611556638192127,0.30064184258240184,0.9544127391902995,-0.06556303446860284,0.07123101370512706,0.27840909090909083,0.0,0.0,0.05568181818181818,15.3525,0.0,0.054075,0.052575,0.2,0.4,0.0,0.1,0.17142857142857143,0.13793103448275862,0.14666666666666667,16.799999999999997,50,2026-08-25,,0.0,,3.6573513366066557
807799,Masataka,Yoshida,BOS,30.0,263,0.0975015148992804,0.09356300492881042,0.09795077459172943,0.3018179224069444,0.3140992925265834,0.31284908380685517,0.1999381714564452,0.29811038081804403,0.5577286696580804,0.7259996857711355,0.2330601660454783,0.4698388741794011,0.6732675903002129,-0.07978891776137687,0.07291265941920143,0.21949658703071673,0.0564419795221843,0.006271331058020478,0.0564419795221843,15.53208695652174,0.00608695652173913,0.05235239130434782,0.05462054347826087,0.11728323699421965,0.09583333333333333,0.07894736842105263,0.10078630897317298,0.10742636746143057,0.05370979532163743,0.10645758842028172,22.896854019863504,1076,2026-08-15,,0.0,,3.6573513366066557
624585,Jorge,Soler,LAA,92.0,265,0.07508322119484312,0.08022997549232919,0.0732964234764706,0.26351778664019665,0.24300844619722373,0.2483329535276365,0.14296188165742105,0.22241037698375557,0.43120212317993145,0.6014929258717606,0.23288848448906213,0.5459355200216183,0.7434631645199017,-0.015444469038574382,0.057833885195743964,0.20245098039215684,0.060049019607843146,0.010294117647058823,0.07892156862745096,15.471944444444443,0.019444444444444445,0.05748219696969697,0.06749166666666667,0.08197940503432494,0.0401,0.05267857142857142,0.060981585981585984,0.06228571428571428,0.14741308433168898,0.10745949268722671,22.495421245421245,1456,2026-08-01,,0.0,,3.6573513366066557
682989,Victor,Mederos,ATL,0.0,1,0.09399675837643488,0.0,0.09399675837643488,0.0,0.3030390598669286,0.3030390598669286,0.2065493143772374,1.0,0.5709488035810448,1.0,0.2325904394259891,0.2065493143772374,1.0,-0.0704486204409395,0.07048398809768754,0.6124999999999999,0.0,0.0,1.2249999999999999,18.1475,0.0,0.10202499999999999,0.095025,0.0,0.0,0.4,0.4,0.0,0.0,0.0,13.333333333333334,3,2026-07-17,,0.0,,3.6573513366066557
678760,Eddys,Leonard,SF,5.0,3,0.08839403564301959,0.08716063049451234,0.09044971089053169,0.2836120566528295,0.2930074529178377,0.28714589394959567,0.071479212752109,0.5907245696898311,0.2375652567024824,0.9618929784174217,0.2302625508955613,0.2076596008020477,0.9385080552796037,-0.05688334305403436,0.06611894602002022,0.22968749999999996,0.0,0.0,0.0,13.501249999999999,0.029166666666666664,0.0700875,0.06979583333333333,0.16,0.0,0.0,0.13333333333333333,0.08,0.12727272727272726,0.18181818181818182,16.84210526315789,38,2026-08-08,,0.0,,3.6573513366066557
641933,Tyler,O'Neill,BAL,123.0,137,0.08462265283551598,0.09434497763014935,0.07589385028266998,0.30401827103697143,0.2507395647309092,0.27630046002166253,0.14559076684953415,0.2404041381055103,0.43755726896637825,0.6341958936058013,0.22983989247373848,0.41217757092124274,0.6223681407784449,-0.04646056754792405,0.0635048680218234,0.2049519230769231,0.06360576923076922,0.004711538461538461,0.05653846153846154,15.64114779874214,0.015408805031446541,0.05435125786163522,0.06547751572327044,0.10719696969696971,0.0638136511375948,0.05,0.07122844827586207,0.09090909090909091,0.10934691745036573,0.11551369542862483,20.528667921422926,1049,2026-08-22,,0.0,,3.6573513366066557
621439,Byron,Buxton,MIN,114.0,290,0.08171792678409,0.08536560371663339,0.08028401240371087,0.27844639488416456,0.26367602300947324,0.26786593888920984,0.19410624925286427,0.27627618654809355,0.5458232032613011,0.6935154245813977,0.2271400767685529,0.5549092077246491,0.7445493129663152,-0.04072586212065693,0.06084308992297563,0.2865408415841584,0.04245049504950495,0.009096534653465346,0.06670792079207921,15.789342592592593,0.02787037037037037,0.059519444444444444,0.07456425925925925,0.09054054054054055,0.062241735537190084,0.04136191677175284,0.054044117647058826,0.097,0.11233285790693529,0.1338398014147576,19.238026387131754,1509,2026-08-25,,0.0,,3.6573513366066557
669699,Braden,Shewmake,MIL,11.0,76,0.09631004394509651,0.08331630834766819,0.09819071620261902,0.2725159827779676,0.31476632929091697,0.30952541702923697,0.17333211159075584,0.3533157366689819,0.5015166339181953,0.7969349399090853,0.22543396440864896,0.3907078562746876,0.734914528758763,-0.08409145262058801,0.06977754184614124,0.2534482758620689,0.014080459770114942,0.0,0.06336206896551723,15.320615942028986,0.012681159420289854,0.052403623188405794,0.05970543478260869,0.17034883720930233,0.09784946236559139,0.06923076923076923,0.14591836734693878,0.02763157894736842,0.11530054644808743,0.22175324675324676,15.75757575757576,297,2026-07-19,,0.0,,3.6573513366066557
678225,Jihwan,Bae,MIL,1.0,2,0.087663466602378,0.09399675837643488,0.08449682071534959,0.3030390598669286,0.27593654862808425,0.2850542688519009,0.06149194472039626,0.7923403991979523,0.20714074671516636,0.9968134812453591,0.22397597870650798,0.09453120573423068,0.9054687942657693,-0.0610782901453929,0.06384530885057256,0.20416666666666664,0.0,0.20416666666666664,0.0,0.0,0.0,0.0,0.0,0.2,0.0,0.0,0.4,0.0,0.11428571428571427,0.2,18.461538461538463,13,2026-08-11,,0.0,,3.6573513366066557
676566,Shawn,Ross,PIT,0.0,5,0.08716063049451234,0.0,0.08716063049451234,0.0,0.2836120566528295,0.2836120566528295,0.036224108632430196,0.6244653702374748,0.12623465574851156,0.9721807397247468,0.22397597870650798,0.09453120573423068,0.9054687942657693,-0.05963607794632153,0.06352228796178308,0.48999999999999994,0.0,0.0,0.24499999999999997,14.962499999999999,0.05833333333333333,0.06597499999999999,0.12483333333333334,0.13333333333333333,0.0,0.0,0.08,0.0,0.2,0.10909090909090907,20.952380952380953,21,2026-07-26,,0.0,,3.6573513366066557
681146,Jonah,Bride,TEX,3.0,3,0.08667612598487132,0.08290254107921093,0.09044971089053169,0.27131430726408523,0.2930074529178377,0.28222042382492973,0.030053369748306635,0.5635028221864703,0.10559917799659513,0.951773511739756,0.22397597870650798,0.09453120573423068,0.9054687942657693,-0.05824444511842175,0.06321059563715412,0.10208333333333332,0.10208333333333332,0.0,0.0,16.741666666666664,0.0,0.031674999999999995,0.039316666666666666,0.1,0.0,0.0,0.1,0.0,0.11428571428571427,0.11428571428571427,27.27272727272727,22,2026-08-10,,0.0,,3.6573513366066557
677950,Alek,Thomas,LAD,18.0,101,0.08281865227424427,0.08690024855315391,0.08209123907602275,0.28286441060917433,0.2689539138058279,0.27107049911113257,0.11841874530971616,0.25475704778800945,0.36932564468155993,0.6588475677745385,0.2238046359334553,0.3406932564568249,0.6593067435431751,-0.04726586317767728,0.06066683436586704,0.19044117647058822,0.020588235294117643,0.010294117647058822,0.06691176470588235,15.195697674418604,0.012209302325581393,0.052351453488372085,0.05842965116279069,0.023529411764705882,0.12093023255813953,0.09755555555555556,0.10892857142857143,0.05512820512820513,0.0925099700897308,0.15323785803237858,17.76020209871745,415,2026-08-29,,0.0,,3.6573513366066557
691907,Tsung-Che,Cheng,BOS,5.0,38,0.0794389673763772,0.032685236435442126,0.08559077407913182,0.1144431774394733,0.2790958616281701,0.26119864731679254,0.13153678479384479,0.37744520297809003,0.4029750873514638,0.8233005851648,0.22231207614940252,0.29143795714506004,0.7679393219046169,-0.03888657116739003,0.05806761357241171,0.1566860465116279,0.05697674418604651,0.0,0.05697674418604651,13.914599999999997,0.013999999999999999,0.06481300000000001,0.07351399999999998,0.059920634920634916,0.1625,0.04285714285714285,0.059151193633952256,0.06428571428571428,0.11959051724137931,0.1242595818815331,20.439137134052388,165,2026-07-22,,0.0,,3.6573513366066557
671289,Tyler,Freeman,COL,100.0,181,0.08166951544542982,0.08627656746471808,0.07912418283808823,0.2810713027423333,0.26027426319208835,0.26772476359525565,0.17934350325258405,0.2764941383543159,0.5146465452734279,0.6938528588079713,0.2214922614694538,0.5248220271273843,0.7349456750683153,-0.04623250212580185,0.05929896334008807,0.17437722419928828,0.02397686832740213,0.03269572953736655,0.05231316725978648,15.10218325791855,0.0023755656108597283,0.05328393665158371,0.05377963800904977,0.08524096385542168,0.04821428571428571,0.06958525345622119,0.07103844771828961,0.06846153846153846,0.04611105466368624,0.12611136057476427,18.74304462679856,1024,2026-08-08,,0.0,,3.6573513366066557
668715,Spencer,Steer,CIN,94.0,287,0.07864828984492023,0.0983152517904754,0.07220684586275233,0.31511235188927433,0.2397481773552781,0.25887517903489154,0.17448910793969113,0.25644538474438117,0.5040635259363903,0.6616657482681365,0.22108412179735681,0.5295376612248861,0.7183762453405913,-0.03779105723753473,0.057233191612062514,0.2298884514435695,0.05626640419947506,0.009645669291338583,0.06269685039370079,14.70943897637795,0.020669291338582675,0.054981003937007875,0.06618169291338583,0.07270114942528735,0.032038834951456305,0.035869565217391305,0.032887700534759354,0.059773988897700234,0.08541701826037061,0.11224828620394173,21.391941391941394,1521,2026-07-26,,0.0,,3.6573513366066557
682818,Yohendrick,Pinango,TOR,32.0,148,0.08928800692236308,0.08577116691572031,0.0900484047616372,0.2796158684606709,0.2918659285734492,0.28969928781095744,0.18743271646074586,0.31213609358807853,0.5319158791049707,0.7454989193636097,0.2209211144941606,0.4498014139559942,0.6981240331724828,-0.06877817331679684,0.06400068953136132,0.2279861111111111,0.03743055555555555,0.0,0.0748611111111111,15.91016,0.013999999999999999,0.06209699999999999,0.0670572,0.07001404494382023,0.02608695652173913,0.15047619047619046,0.12083333333333332,0.07158385093167702,0.09376855728968406,0.14940781049935978,21.22648185866676,698,2026-07-29,,0.0,,3.6573513366066557
663662,Daz,Cameron,TOR,20.0,4,0.08262362390861469,0.07991192395997399,0.09618212365181814,0.2625859351291574,0.3091678840979005,0.2705034541783985,0.09244825352851854,0.40470453253188665,0.29867245395365993,0.8499908033375241,0.2196167098507793,0.2152160622138775,0.7847839377861225,-0.05088674432761919,0.05940707860993091,0.22968749999999996,0.0,0.0,0.05104166666666666,14.720588235294116,0.020588235294117643,0.06058088235294117,0.07003088235294117,0.1,0.0,0.1,0.06666666666666667,0.1,0.0816326530612245,0.12093023255813953,19.36842105263158,95,2026-08-29,,0.0,,3.6573513366066557
671286,Johnathan,Rodríguez,BAL,12.0,2,0.0874097381100253,0.08661317306041996,0.09218912840765729,0.2820394612981365,0.2979398142497788,0.2843267999946063,0.04009392127146488,0.39941379496970353,0.13899779143583202,0.8450568896372823,0.21902266379280638,0.036224108632430196,0.6244653702374748,-0.06530413620179992,0.06227401312250316,0.13124999999999998,0.13125,0.0,0.04374999999999999,15.512,0.0,0.05327,0.060655,0.20416666666666666,0.0,0.0,0.0,0.155,0.16666666666666666,0.10655391120507399,20.98997493734336,76,2026-07-22,,0.0,,3.6573513366066557
681190,Randy,Vásquez,SD,0.0,1,0.08615362112153291,0.0,0.08615362112153291,0.0,0.28071744313020863,0.28071744313020863,0.0,0.7934506856227627,0.0,0.9968753511026067,0.21720582404137373,0.0,0.7934506856227627,-0.0635116190888349,0.06097346355788443,0.0,0.0,0.0,0.0,11.567499999999999,0.0,0.008575,0.007699999999999999,0.0,0.0,0.0,0.0,0.0,0.0,0.0,40.0,1,2026-07-19,,0.0,,3.6573513366066557
542303,Marcell,Ozuna,PIT,102.0,177,0.08239744130387366,0.07663565661768973,0.0857177918009966,0.2529369434517966,0.2794620358480583,0.26984542699111247,0.14185555536351185,0.2323521695647907,0.4285121217116461,0.6198130676719521,0.21692993086635787,0.4337876750268811,0.6623114437075629,-0.0529154961247546,0.05853754982178485,0.1800179211469534,0.05707885304659498,0.00439068100358423,0.06586021505376344,15.325394736842103,0.01330409356725146,0.05610643274853801,0.06568640350877192,0.07434823091247672,0.0801470588235294,0.01875,0.067629179331307,0.06970108695652175,0.1009469696969697,0.11928319581258406,22.60914245216159,1245,2026-08-01,,0.0,,3.6573513366066557
682988,Tyler,Locklear,AZ,12.0,29,0.09250898835555676,0.08377152705158353,0.09612448958478709,0.27383637866555366,0.3090067548657771,0.29884409271223367,0.13825002738090336,0.3934333622257569,0.4196812112775672,0.8393390007692099,0.21659875448912094,0.26799202452413634,0.7320079754758637,-0.08224533822311272,0.0647292582679012,0.2390243902439024,0.0597560975609756,0.0149390243902439,0.07469512195121951,14.59824074074074,0.02592592592592592,0.05873518518518518,0.06785462962962963,0.06956521739130435,0.16666666666666669,0.06666666666666667,0.12631578947368421,0.07272727272727272,0.07529411764705882,0.10823529411764704,20.11695906432748,171,2026-08-14,,0.0,,3.6573513366066557
676694,Jake,Meyers,HOU,55.0,97,0.05238011428816523,0.08899882959451827,0.03161692519693413,0.28887405718740555,0.11086097354359781,0.178622248619836,0.14189553702057575,0.2677609132193307,0.4286094966542717,0.6801192311891964,0.21628243442913397,0.3495702375287849,0.629955353554168,0.037660185809297975,0.03863285477470415,0.18536184210526316,0.04029605263157895,0.004029605263157894,0.04029605263157895,14.949295454545455,0.011136363636363635,0.04603613636363637,0.04999590909090909,0.12246376811594202,0.017045454545454544,0.134375,0.03,0.12926829268292683,0.08502923976608187,0.09892473118279571,17.17032967032967,546,2026-08-08,,0.0,,3.6573513366066557
516782,Starling,Marte,KC,124.0,42,0.08496486497346832,0.08689103515433494,0.07927807682043356,0.2828379453941716,0.2607262872467496,0.2772894787014948,0.16625487254849705,0.29206348718058006,0.48573014671440085,0.7172670025786716,0.2162688577913078,0.4241321478993947,0.6761327874521665,-0.06102062091018698,0.05996907883631945,0.17710843373493976,0.033207831325301196,0.01475903614457831,0.04796686746987952,15.003125,0.0171875,0.054571875000000006,0.060399999999999995,0.042261904761904764,0.10196078431372549,0.11013824884792625,0.1032142857142857,0.05590277777777777,0.08669691097016678,0.14088083791208791,17.88187237800839,647,2026-08-15,,0.0,,3.6573513366066557
543309,Kyle,Higashioka,TEX,54.0,132,0.08199266359135848,0.08762624025089058,0.07968801859427717,0.2849475702541502,0.2619294065791087,0.2686667413299729,0.14320836306153872,0.2562905624725651,0.4318001803622864,0.6614080251614212,0.21598333275291876,0.39660081278706294,0.6561775652180385,-0.05268340857705417,0.05802753819231389,0.2008736559139785,0.06256720430107526,0.006586021505376344,0.06256720430107526,15.250360169491525,0.014830508474576268,0.05350402542372881,0.05958898305084745,0.09077669902912622,0.011194029850746268,0.028124999999999997,0.03148148148148148,0.05839285714285714,0.05334689349112426,0.1061147186147186,23.61645145863223,765,2026-07-20,,0.0,,3.6573513366066557
649966,Luis,Urías,TOR,34.0,24,0.08584142483793218,0.07957112153475955,0.09472435451742675,0.26158647586121464,0.3050839609595277,0.2798183226940312,0.13593660611409739,0.3466111763891869,0.41396306338616606,0.7891284572535766,0.21586736888663163,0.30722106273725014,0.6927789372627499,-0.06395095380739954,0.06040364508623096,0.26400862068965514,0.06336206896551723,0.0,0.07392241379310344,15.046249999999999,0.0125,0.0514,0.0549375,0.0667487684729064,0.07023809523809524,0.15625,0.10661764705882354,0.05208333333333333,0.053975155279503105,0.12523243801652892,19.900000000000002,230,2026-08-06,,0.0,,3.6573513366066557
678554,Curtis,Mead,BOS,141.0,188,0.0887033227332481,0.09409507228665585,0.08465951056819229,0.3033156251880008,0.2764070288520085,0.2880300444347058,0.17755279515166392,0.26662702350589756,0.5107619390229337,0.678303857148979,0.21446591878678084,0.45281790637182373,0.6560653815071656,-0.07356412564792497,0.061772628117886495,0.2643617021276596,0.07260638297872339,0.00930851063829787,0.09122340425531913,15.194256756756756,0.018918918918918916,0.057570270270270264,0.0677391891891892,0.11504362510554461,0.022727272727272728,0.1418604651162791,0.03264705882352941,0.11635220125786164,0.08007225151337628,0.09707770270270269,24.60626244254922,1403,2026-07-27,,0.0,,3.6573513366066557
669384,Raynel,Delgado,HOU,9.0,31,0.08658573139343388,0.08582217403098022,0.08680740933737205,0.27976285395375755,0.28259770026122066,0.28196056795878455,0.1231609132354074,0.37503096742310027,0.38164479061363477,0.8207815130744791,0.21387987680480458,0.24809535365737387,0.698830199745016,-0.06808069115397997,0.060305691538837566,0.19906249999999998,0.04593749999999999,0.0,0.06124999999999999,15.066916666666666,0.005833333333333333,0.049221666666666664,0.0497175,0.05971428571428571,0.049999999999999996,0.049999999999999996,0.06534090909090909,0.03333333333333333,0.07267080745341614,0.0888937664618086,21.553030303030305,132,2026-08-21,,0.0,,3.6573513366066557
680716,Jonathan,Ornelas,MIL,17.0,5,0.08432428814656083,0.08349006980892804,0.08716063049451234,0.27302019655875787,0.2836120566528295,0.2754373616085387,0.07306884583422055,0.3851660743712655,0.24232832208219235,0.8311841800890387,0.2131573948551681,0.18877852109766458,0.733348706504507,-0.06227996675337061,0.058711510446257005,0.11136363636363636,0.02784090909090909,0.0,0.02784090909090909,15.345749999999999,0.0,0.05703249999999999,0.0561925,0.12,0.0,0.08,0.11428571428571427,0.05333333333333333,0.13076923076923078,0.18181818181818182,16.629213483146067,89,2026-08-18,,0.0,,3.6573513366066557
663853,Romy,Gonzalez,BOS,40.0,32,0.07729461243178387,0.07189727422243467,0.08404128519347037,0.23882000915280355,0.2746180101593756,0.2548849719400703,0.09799371242561684,0.26910706930535505,0.3142186941850684,0.6822647695133415,0.21264158675630485,0.31707809245113155,0.7267019483882042,-0.04224338518376547,0.05419914487367279,0.17013888888888887,0.042534722222222224,0.01701388888888889,0.05954861111111111,15.336761363636363,0.007954545454545454,0.05979431818181818,0.06296420454545454,0.06350267379679145,0.008823529411764706,0.06363636363636364,0.06169354838709677,0.025609756097560978,0.10405343685773008,0.12147022332506202,18.4561713836478,288,2026-07-29,,0.0,,3.6573513366066557
666163,Ben,Rortvedt,LAD,13.0,14,0.0846471986764925,0.09514023297139967,0.07490366683122154,0.3062508229699765,0.24779913023852662,0.2763714320571171,0.08180707142976532,0.36698683618548433,0.2681258473594945,0.812199551717069,0.21242642847432544,0.2127127162245977,0.719908462590678,-0.06394500358279168,0.058708596244228084,0.11342592592592592,0.0,0.0,0.022685185185185183,14.468611111111112,0.0,0.0576625,0.05361805555555556,0.1,0.0,0.2,0.03636363636363636,0.1,0.11200000000000002,0.1446808510638298,20.0,100,2026-08-30,,0.0,,3.6573513366066557
701762,Nick,Kurtz,ATH,156.0,269,0.0804662651193128,0.07420799809936451,0.08409559469221961,0.24572827409862874,0.27477529944202883,0.2642095317607168,0.1755923012212026,0.2531009956588487,0.5064831632838334,0.6560667455200515,0.2109036496598012,0.5075800287258732,0.6966177747748907,-0.05330588210091561,0.055722754523242345,0.24499999999999997,0.10088235294117648,0.004323529411764706,0.10232352941176469,16.294656398104262,0.03151658767772511,0.07102677725118482,0.08916706161137439,0.03200836820083682,0.03681818181818182,0.149,0.033783783783783786,0.06080665024630542,0.14381273525721455,0.11396740850121295,22.003973161832914,1884,2026-07-31,,0.0,,3.6573513366066557
683679,Jesus,Rodriguez,SF,17.0,40,0.08707212456592954,0.0841192891254415,0.08832707962813696,0.27484391467121005,0.286954383639787,0.2833579892794371,0.12474548303034583,0.3328612108319051,0.3857219076877164,0.7724395120851206,0.20874293255709925,0.2834400610153417,0.6763046541715557,-0.07461505672233787,0.05914897764567279,0.22565789473684209,0.0537280701754386,0.010745614035087718,0.08596491228070174,14.964127906976742,0.004069767441860465,0.05546686046511628,0.05598779069767441,0.07803030303030303,0.09999999999999999,0.049999999999999996,0.07625482625482626,0.0775,0.12139204545454546,0.1450892857142857,18.312159709618875,209,2026-07-31,,0.0,,3.6573513366066557
677592,Everson,Pereira,STL,43.0,66,0.08731120524886674,0.08526002923477194,0.08864757750047396,0.2781417363716904,0.2878707459687353,0.28404414998648475,0.14492357564133826,0.2967709871690607,0.4359492916078356,0.7240825270743393,0.20845615203460488,0.31451504475088465,0.6326328701993108,-0.07558799795187987,0.05921075051412278,0.24162844036697245,0.03371559633027523,0.02809633027522936,0.061811926605504594,15.498975409836062,0.022950819672131143,0.05776434426229507,0.07170983606557377,0.06535087719298245,0.1261904761904762,0.03529411764705882,0.06648351648351648,0.09793233082706766,0.14380440348182283,0.1342060810810811,20.772856540973248,404,2026-08-21,,0.0,,3.6573513366066557
669398,Gage,Workman,SD,0.0,41,0.08617599242690448,0.0,0.08617599242690448,0.0,0.2807818408092373,0.2807818408092373,0.08525251977594996,0.31262612400404177,0.27812006260793276,0.7461613886039404,0.20786361007986714,0.1627877475083369,0.562505327040549,-0.07291823072937015,0.05836432707547863,0.25396341463414634,0.0,0.0,0.1195121951219512,16.463854166666664,0.036458333333333336,0.06649270833333333,0.0893375,0.026470588235294117,0.1625,0.012499999999999999,0.006818181818181818,0.1307017543859649,0.13,0.18875,12.25,150,2026-08-05,,0.0,,3.6573513366066557
681481,Kerry,Carpenter,DET,26.0,228,0.07708816830511267,0.07941524612120837,0.07682279978222457,0.26112901765092544,0.2534905584635303,0.25427507201262534,0.14560095508985568,0.24161939061151197,0.4375817974870986,0.6363317686759855,0.20771354057166103,0.39950784707317927,0.6122788432301243,-0.04656153144096431,0.052816375486856484,0.231496062992126,0.04340551181102362,0.012057086614173226,0.0795767716535433,15.513525641025641,0.016826923076923076,0.054424999999999994,0.06536698717948718,0.06613372093023256,0.01381578947368421,0.06938775510204082,0.08315555555555555,0.042227662178702566,0.06165606653620352,0.15653721920422847,18.463126843657818,1017,2026-07-26,,0.0,,3.6573513366066557
681546,James,Outman,DET,28.0,142,0.08125685692179861,0.09303988987003509,0.07893344197425903,0.30034313992310946,0.25971373223002114,0.2665205815953082,0.1115080275089608,0.2212173143805923,0.35105507562906146,0.5992521382646265,0.20763898300257913,0.27584645167113864,0.5115215646098165,-0.058881598592729095,0.05534006251170571,0.1801470588235294,0.03602941176470588,0.010808823529411763,0.06124999999999999,15.129767441860466,0.012209302325581393,0.051694186046511624,0.05922325581395348,0.08499999999999999,0.06632653061224489,0.08647450110864745,0.07771739130434782,0.08502024291497975,0.1473502029123896,0.13232436915057458,21.399410247761228,691,2026-08-12,,0.0,,3.6573513366066557
676572,Eric,Wagaman,NYM,43.0,9,0.08743713518763388,0.08862266681529687,0.08177292852213294,0.28779955242644173,0.26802630885579204,0.2844053764661093,0.09382474391310203,0.297308641244808,0.30255497680257126,0.7248532722889176,0.20681193374340934,0.21159367559548778,0.5729003755732573,-0.07759344272269997,0.05881842587397839,0.1766826923076923,0.047115384615384615,0.011778846153846154,0.058894230769230754,14.843499999999999,0.01,0.05324999999999999,0.05945000000000002,0.07787356321839081,0.12142857142857143,0.0,0.06875,0.1,0.11517857142857144,0.13863172226004083,20.276615726116283,221,2026-08-25,,0.0,,3.6573513366066557
682729,Jonatan,Clase,TOR,8.0,17,0.08503869110915002,0.08639134060139206,0.08440215017162433,0.2814015243648951,0.27566267009545853,0.2775027129054559,0.11496313693401441,0.43429683355429083,0.3602370886370744,0.8755113891282318,0.2067076165564607,0.18877852109766458,0.733348706504507,-0.07079509634899522,0.05736192437263858,0.29400000000000004,0.0735,0.0,0.14700000000000002,15.18375,0.0,0.0470625,0.0511375,0.045,0.049999999999999996,0.0,0.0,0.047368421052631574,0.08673469387755102,0.11352941176470588,25.219298245614034,114,2026-07-19,,0.0,,3.6573513366066557
642851,Austin,Wynns,TEX,36.0,51,0.08512814491617643,0.07607168491014751,0.0915209402145498,0.25126677383876383,0.296048040767133,0.2777610237178937,0.080697782912214,0.22578627384042485,0.2648868491995142,0.6077841479823602,0.20644518371274787,0.2268802210080984,0.559974557940115,-0.07131584000514582,0.05734242556968148,0.10560344827586204,0.03520114942528735,0.0,0.007040229885057469,14.863836206896552,0.006034482758620689,0.04948879310344827,0.052503017241379304,0.12210526315789473,0.04771428571428571,0.0,0.11117936117936118,0.07100000000000001,0.07352484472049689,0.15399786780383795,18.96667246780369,338,2026-08-16,,0.0,,3.6573513366066557
681909,Justin,Dean,CHC,1.0,9,0.09149195505679576,0.08615362112153291,0.09208510327182497,0.28071744313020863,0.2976455414914889,0.29596589430550335,0.10779126740630104,0.6032218525388546,0.341071220176557,0.9659789228326752,0.205407066136127,0.1205838183869109,0.6457978644196039,-0.09055882816937635,0.0607934860256485,0.30625,0.12249999999999998,0.0,0.18375,15.001874999999998,0.0,0.09292499999999998,0.09008125,0.1225,0.049999999999999996,0.0,0.024999999999999998,0.2,0.175,0.08839285714285713,21.486486486486488,37,2026-07-28,,0.0,,3.6573513366066557
656484,Tristan,Gray,MIN,19.0,165,0.07499254803548237,0.03040127541955532,0.08012730063974063,0.1067719283123919,0.26321705564227793,0.24806341251741282,0.15910559179264078,0.2765887396638492,0.4694172887340522,0.693999237052215,0.20526191035930869,0.3860261849109117,0.6293960467628898,-0.04280150215810413,0.0509179699435734,0.18641304347826088,0.033288043478260865,0.003328804347826087,0.08987771739130435,15.132699115044245,0.01084070796460177,0.057990044247787614,0.06202743362831858,0.036,0.02578125,0.03409090909090909,0.04285714285714285,0.02096774193548387,0.14794117647058824,0.14223385689354276,19.098360655737707,732,2026-08-06,,0.0,,3.6573513366066557
682622,Noelvi,Marte,CIN,53.0,147,0.07952019662045032,0.07917359401963936,0.079645162184008,0.2604194177307939,0.2618036959007164,0.2614370456808397,0.13294625859420173,0.23911475028724888,0.4065112158869829,0.6319197715636817,0.2050186335951123,0.38435143059389654,0.6315616309225985,-0.0564184120857274,0.05359946587662871,0.1868125,0.030624999999999996,0.0,0.042875,15.052916666666665,0.008876811594202897,0.045784057971014494,0.0506016304347826,0.07810407790626903,0.055984555984555984,0.1,0.059562969924812026,0.08579545454545455,0.11570403280929596,0.1908805992967436,18.98171692521233,761,2026-08-17,,0.0,,3.6573513366066557
806068,Colt,Emerson,SEA,80.0,158,0.0755272422842276,0.08338177929849183,0.07155026151751152,0.272705993482518,0.23777860545655538,0.24965186638656367,0.1332894101257764,0.2299297800372364,0.4073698156034101,0.6154068487276818,0.20452429465745148,0.3567310642119894,0.5875907791127207,-0.04512757172911219,0.051059871882628255,0.19044117647058822,0.03860294117647058,0.005147058823529412,0.05661764705882352,15.046322463768114,0.008876811594202897,0.05496394927536231,0.05971938405797101,0.07798507462686567,0.04646504320502749,0.06576576576576576,0.06482544237207077,0.07203416149068323,0.1186125078566939,0.164735552185452,18.592377539472977,964,2026-08-12,,0.0,,3.6573513366066557
687231,Darell,Hernaiz,ATH,58.0,96,0.08444702780489974,0.08927997205299129,0.08152712398834441,0.2896763679600698,0.26730941242987893,0.2757925088819352,0.15121020041618508,0.27859740100595565,0.4509686547928782,0.6970952867367308,0.20449616677653862,0.33703503693175146,0.6061913601633808,-0.07129634210539657,0.056398510892040225,0.15113636363636362,0.06363636363636363,0.003977272727272727,0.03579545454545455,14.901084905660376,0.001650943396226415,0.04878537735849056,0.047410141509433956,0.10155038759689922,0.032432432432432434,0.019354838709677417,0.16890243902439023,0.03229166666666666,0.12402555910543131,0.15079389869332083,19.92741935483871,620,2026-09-03,,0.0,,3.6573513366066557
678577,Junior,Perez,CWS,27.0,9,0.08410959571821902,0.08108871455094921,0.09317223922002847,0.266029511742493,0.3007164770654305,0.27481584470884124,0.07870447595018111,0.3189079431127947,0.2590404613294671,0.7545432010896428,0.20308980592159076,0.14164643854782027,0.5559564416525933,-0.07172603878725048,0.05581229656609659,0.2552083333333333,0.017013888888888887,0.0,0.10208333333333333,15.921666666666665,0.024999999999999994,0.05998333333333333,0.087925,0.021428571428571425,0.15833333333333333,0.024999999999999998,0.275,0.024999999999999998,0.14037558685446008,0.1431818181818182,17.33812949640288,139,2026-07-26,,0.0,,3.6573513366066557
700932,Kyle,Manzardo,CLE,72.0,282,0.08327799002932428,0.07941918544762647,0.08426321673103436,0.26114058119643924,0.27526060429383103,0.2724047580902459,0.15187829659990462,0.23332429919479683,0.4525475322584661,0.6215709717480434,0.20289592861568337,0.4047444724091258,0.5952555275908742,-0.06950882947456252,0.05526981635205103,0.20416666666666666,0.06228813559322034,0.01038135593220339,0.06401836158192091,15.551578282828281,0.02121212121212121,0.06014343434343434,0.06987537878787879,0.09955165692007797,0.06729920564872022,0.02,0.08850574712643677,0.05791666666666667,0.12641138929798723,0.1322346327931085,20.5954011741683,1460,2026-08-02,,0.0,,3.6573513366066557
623205,Andrew,Velazquez,KC,4.0,11,0.07932874842121178,0.08136730883700331,0.07858745372456032,0.2668430330803,0.25869618761813074,0.2608750781323802,0.011866895493268553,0.2981652987378003,0.042721562608152186,0.7260780860942053,0.2015783808358572,0.036224108632430196,0.6244653702374748,-0.05929669729652301,0.052586775850352936,0.04083333333333333,0.0,0.0,0.0,12.679423076923076,0.0,0.033788461538461545,0.032375,0.0,0.0,0.13333333333333333,0.13333333333333333,0.0,0.057142857142857134,0.20952380952380953,12.444444444444445,45,2026-07-31,,0.0,,3.6573513366066557
701649,James,Triantos,CHC,3.0,6,0.08245745931110793,0.09044971089053169,0.07846133352139606,0.2930074529178377,0.2583250179849569,0.270020077841459,0.019890887638544935,0.4349997055766561,0.0708464001381891,0.8760761529869371,0.2015783808358572,0.036224108632430196,0.6244653702374748,-0.06844169700560179,0.05443021008445342,0.06805555555555555,0.06805555555555555,0.0,0.0,13.57125,0.0,0.02280833333333333,0.02149583333333333,0.0,0.0,0.13333333333333333,0.0,0.13333333333333333,0.08,0.14545454545454545,21.818181818181813,22,2026-08-16,,0.0,,3.6573513366066557
665506,Cristian,Pache,NYM,4.0,4,0.08507101254070701,0.08877471624441072,0.08136730883700331,0.2882340218558247,0.2668430330803,0.2775960534600923,0.022417491450056642,0.47088818221285356,0.07957669589110694,0.90251990597221,0.2015783808358572,0.036224108632430196,0.6244653702374748,-0.07601767262423512,0.05595736298290946,0.07656249999999999,0.0,0.0,0.0,14.306249999999999,0.0,0.05263125,0.0480375,0.0,0.0,0.4,0.0,0.057142857142857134,0.12,0.10909090909090907,20.952380952380953,42,2026-08-31,,0.0,,3.6573513366066557
669911,Michael,Toglia,CIN,6.0,22,0.07502250658001852,0.0856041906642532,0.07213659273886361,0.279134546140402,0.23953761422805586,0.24815247702871734,0.03711836682929999,0.2719585154867216,0.12919616367060582,0.6867749226469275,0.20139268897281518,0.1205838183869109,0.6457978644196039,-0.04675978805590217,0.049976094624078135,0.10937499999999999,0.04374999999999999,0.0,0.021875,16.02125,0.0,0.0594625,0.06033749999999999,0.05,0.057142857142857134,0.0,0.034782608695652174,0.08,0.12173913043478261,0.096,22.476190476190478,105,2026-08-20,,0.0,,3.6573513366066557
700246,Carson,Williams,TB,17.0,22,0.08221424345240666,0.07640644644240709,0.08670208659649722,0.25225847763444353,0.2822950397429821,0.2693121382025754,0.04061331344668381,0.23578854462856527,0.14070044135703397,0.626000607464017,0.20073766598606313,0.12680703655710507,0.5763065681945096,-0.06857447221651225,0.05406109004450105,0.12564102564102564,0.03141025641025641,0.0,0.07852564102564102,14.778749999999999,0.007291666666666666,0.04489479166666667,0.051559375000000005,0.0225,0.0553030303030303,0.0,0.0,0.05193050193050193,0.174390243902439,0.20958904109589038,12.588028169014084,142,2026-08-11,,0.0,,3.6573513366066557
690022,Ryan,Ritter,COL,9.0,11,0.08504259525682292,0.07610492713255841,0.09235523281303933,0.25136529392892903,0.29840951495709367,0.27751398809749317,0.052368745896216595,0.36041886474075696,0.17858620889950683,0.8049741498227154,0.20020257173868516,0.09746059290024889,0.5656453011761292,-0.077311416358808,0.055559014110576996,0.091875,0.030624999999999996,0.0,0.030624999999999996,15.613181818181818,0.0,0.055697727272727274,0.055570454545454534,0.0,0.12083333333333332,0.0875,0.0,0.08368055555555555,0.12364793213149523,0.10228690228690229,20.63338493292054,76,2026-09-02,,0.0,,3.6573513366066557
682634,Kevin,Alcántara,CHC,18.0,9,0.0878517058530585,0.08752962941126605,0.08849585873664342,0.2846706091765119,0.2874370608569692,0.28559362522912435,0.10607239452360037,0.4075692886663258,0.3364164966435852,0.8526141837394755,0.19886535356084642,0.1627877475083369,0.562505327040549,-0.08672827166827793,0.05679467725591368,0.20416666666666664,0.045370370370370366,0.0,0.1134259259259259,15.985,0.012499999999999999,0.072475,0.078125,0.10604395604395604,0.0,0.075,0.06071428571428571,0.175,0.1364795918367347,0.11005176876617773,21.866424535916064,118,2026-08-23,,0.0,,3.6573513366066557
670042,Luke,Raley,SEA,26.0,257,0.08459714273477588,0.08238535510432135,0.08482090335108644,0.2698102527904669,0.2768735385894874,0.2762266945586854,0.16521278704143688,0.25955655879032374,0.48337537438409806,0.6668145779183352,0.19870242939621363,0.34829808027402587,0.5473629403004981,-0.0775242651624718,0.05488691527289666,0.24889575971731445,0.030300353356890457,0.015150176678445228,0.08440812720848055,15.709201183431952,0.027958579881656807,0.06832352071005918,0.08463062130177515,0.06810154525386314,0.11249999999999999,0.06071428571428571,0.09542682926829268,0.05083333333333333,0.1520512398055853,0.14968106166141212,18.316361003861005,1110,2026-07-30,,0.0,,3.6573513366066557
663837,Matt,Vierling,DET,117.0,168,0.08430633982910192,0.0896122838780883,0.08061112879498641,0.29062385502774435,0.2646333911080624,0.27538541753837786,0.15137160076495715,0.24275969633309613,0.45135038665524574,0.6383276666996975,0.1985395289505706,0.3840835367193851,0.5931481711000114,-0.07684588858780728,0.05467489107792574,0.19127192982456137,0.04083333333333333,0.0,0.06017543859649123,15.30282258064516,0.008870967741935484,0.054797580645161284,0.05849758064516129,0.08875,0.05909090909090909,0.15337837837837837,0.06966666666666667,0.0925,0.07608034083992696,0.11767834793491866,20.417368877993972,1098,2026-07-29,,0.0,,3.6573513366066557
672284,Jarred,Kelenic,TEX,10.0,73,0.08355266831371762,0.09149253603907093,0.08246501520065552,0.29596754092827415,0.27004206313341217,0.27320178006609275,0.12228902945885584,0.2904338716464535,0.37939305647029775,0.7148794003568937,0.19654156734493883,0.2551963484266544,0.5773997512461714,-0.07666021272115392,0.05369550605561713,0.15496987951807226,0.07379518072289155,0.0,0.04427710843373493,16.208333333333332,0.033333333333333326,0.07019166666666665,0.08543333333333332,0.0875,0.08260869565217391,0.08,0.023076923076923078,0.1278409090909091,0.16241186839012925,0.13277747402952433,22.542035900931605,326,2026-08-22,,0.0,,3.6573513366066557
663698,Joey,Bart,CWS,66.0,61,0.08130735427594184,0.07860476716576852,0.08423146491973593,0.25874713024645635,0.27516869352372686,0.2666680155145197,0.1304088018483327,0.2658070404997563,0.4001341634389103,0.676986396696508,0.195750718266363,0.27756549454252133,0.5663289686596987,-0.07091729724815668,0.05220045557563286,0.19291338582677162,0.03375984251968503,0.03858267716535432,0.0578740157480315,15.01931818181818,0.013636363636363634,0.051699999999999996,0.06130681818181817,0.05994623655913979,0.05110565110565111,0.11547619047619047,0.04291497975708502,0.08477443609022556,0.12027130594727162,0.1348617213750323,21.20068027210884,490,2026-08-06,,0.0,,3.6573513366066557
691373,Jhostynxon,Garcia,PIT,17.0,34,0.08099151681230224,0.07899990972181443,0.08198732035754615,0.25990909629417025,0.2686511729511173,0.2657455309995914,0.08169223220048706,0.2801044677298777,0.26779101179019704,0.699403211968197,0.19567705648657785,0.20305246572163624,0.6138095839776211,-0.07006847451301357,0.05200030328046267,0.10808823529411764,0.012009803921568626,0.012009803921568626,0.024019607843137253,14.643671874999999,0.00546875,0.05645937499999999,0.059128125,0.0732142857142857,0.008333333333333333,0.0,0.01,0.05694444444444444,0.15091743119266054,0.18863524791359843,14.038998710786421,179,2026-08-13,,0.0,,3.6573513366066557
691740,Daniel,Susac,SF,50.0,105,0.08252516845958949,0.1019560596279372,0.07327236314132868,0.32517235350420126,0.24293656198280766,0.27021707327458855,0.1670785345297909,0.2977966899168002,0.48758582779096593,0.7255515509161194,0.19289804953277484,0.31410966265495277,0.5875454016178128,-0.07731902374181371,0.05212434638512303,0.2133870967741935,0.03161290322580644,0.011854838709677417,0.07112903225806452,15.08337962962963,0.008101851851851851,0.05818587962962962,0.06198078703703702,0.05517241379310345,0.03068181818181818,0.18125,0.05595238095238095,0.0983695652173913,0.08384146341463415,0.1713891506259254,17.53822214164854,591,2026-08-09,,0.0,,3.6573513366066557
699625,Jimmy,Crooks,STL,21.0,127,0.0789418847215176,0.07710278516643777,0.07924598779755442,0.25431826667830093,0.260632050547666,0.2597385494917145,0.11146109406542372,0.2299572459803766,0.35092969399816687,0.6154570150004237,0.19282671166809803,0.28159733871858866,0.5393242451513849,-0.06691183782361645,0.05008453039192884,0.18623310810810811,0.03724662162162162,0.020692567567567564,0.053800675675675674,15.893052325581396,0.020348837209302327,0.05355203488372092,0.06784302325581394,0.07305097451274363,0.06929824561403508,0.05527950310559006,0.0566003616636528,0.08058645096056623,0.12484009024724957,0.15322772236672333,20.317539331366767,565,2026-08-29,,0.0,,3.6573513366066557
641598,Mitch,Garver,SEA,64.0,85,0.07671002721370195,0.08017865511510662,0.07409835444087962,0.2633674822279498,0.24540151104722996,0.2531569854741792,0.09957267613587964,0.21344094719533516,0.31859900176100353,0.584421707253016,0.19139785271988996,0.25790681096421997,0.5257343304358643,-0.06175913275428924,0.04845370342079827,0.1520973154362416,0.09043624161073824,0.004110738255033557,0.06166107382550334,15.856136363636361,0.015909090909090907,0.055545454545454544,0.06531136363636364,0.08991935483870968,0.015,0.009375,0.038432835820895524,0.057046070460704604,0.11772030651340996,0.11541071428571428,23.091094032549726,632,2026-08-01,,0.0,,3.6573513366066557
687282,Gabriel,Rincones,PHI,5.0,83,0.07239554929925267,0.032685236435442126,0.07478773682116897,0.1144431774394733,0.2474543187410877,0.2403135508333789,0.09719902329030118,0.24950124943576169,0.312006372034038,0.6499653324071506,0.19130018840415575,0.2268802210080984,0.559974557940115,-0.04901336242922316,0.04597202755049704,0.16704545454545455,0.013920454545454547,0.013920454545454547,0.04176136363636363,14.901727272727271,0.015909090909090907,0.03859227272727272,0.04659136363636363,0.04555335968379447,0.021428571428571425,0.15357142857142858,0.060412757973733584,0.02553191489361702,0.11262626262626263,0.1810549313358302,18.130984952120382,344,2026-07-31,,0.0,,3.6573513366066557
701305,Zach,Dezenzo,HOU,30.0,53,0.08300715961284344,0.08594854460351417,0.0813422247124638,0.28012691792411304,0.2667698119453654,0.27161827972275643,0.12228902945885584,0.2904338716464535,0.37939305647029775,0.7148794003568937,0.1903339042728459,0.23900183324508897,0.5495898265556931,-0.08128437544991052,0.051698167651506206,0.16972891566265058,0.05165662650602409,0.0,0.022138554216867466,14.853124999999999,0.015909090909090907,0.05763068181818182,0.06259034090909091,0.10367647058823529,0.012499999999999999,0.0,0.06772983114446529,0.07023809523809524,0.1379632562559392,0.1821353065539112,19.21171171171171,333,2026-08-03,,0.0,,3.6573513366066557
593871,Jorge,Polanco,NYM,32.0,112,0.06838807812481411,0.07551733891125319,0.0663511464715458,0.24962246791934695,0.22205152552665952,0.22824096304273533,0.09174177752213594,0.20480196041450174,0.29667368429141516,0.5674829740530747,0.19028213789713147,0.28671719277157304,0.5908581890983191,-0.037958825145603864,0.04343017840347185,0.13185763888888888,0.038281249999999996,0.0,0.025520833333333333,15.04699494949495,0.007070707070707069,0.04503510101010101,0.04841489898989899,0.04651924651924652,0.08870967741935484,0.015384615384615384,0.03907563025210084,0.05875706214689265,0.09552379322149948,0.11479335881509795,22.568904826134155,565,2026-08-17,,0.0,,3.6573513366066557
695508,Cam,Cauley,TEX,36.0,28,0.08151222259399875,0.07296546353096786,0.0925009128178956,0.24201921367509027,0.29882127271807446,0.2672659356641758,0.11064643172948806,0.2997436056410153,0.34875053651043075,0.7283243050858628,0.18980359028072522,0.24514757074395555,0.5927329903193531,-0.07746234538345056,0.05072803414879788,0.19140625,0.0478515625,0.009570312499999997,0.009570312499999997,14.955581395348837,0.0,0.04527616279069767,0.044132558139534886,0.07254901960784313,0.04542483660130719,0.09711538461538462,0.09184782608695652,0.043849206349206346,0.1209918400183887,0.12079112911824288,21.389767932489452,237,2026-08-13,,0.0,,3.6573513366066557
669087,Sam,Huff,BAL,12.0,22,0.07794415799736279,0.0813442621579595,0.07608955572794639,0.266775759493751,0.2513197388144186,0.25680156684469135,0.046714466648823366,0.26620842770371833,0.16051832558811796,0.6776317912766505,0.18932774049571244,0.12680703655710507,0.5763065681945096,-0.06747382634897892,0.04861966040646407,0.10808823529411765,0.01801470588235294,0.0,0.01801470588235294,15.9525,0.024999999999999998,0.041037500000000005,0.049562499999999995,0.03157894736842105,0.0,0.0,0.03,0.007894736842105262,0.19443478260869565,0.19224137931034482,15.795840407470289,124,2026-07-26,,0.0,,3.6573513366066557
682997,Tyler,Callihan,PIT,7.0,98,0.06989220183620769,0.039433122876303815,0.07206785033334367,0.13682804798625048,0.239331538023013,0.23278838348325626,0.12682500088293122,0.2759760943588987,0.3910428512900911,0.6930503780703168,0.1866161857786593,0.27140562051446065,0.5779974842512834,-0.04617219770459696,0.04344208021922513,0.2158333333333333,0.05249999999999999,0.005833333333333332,0.0875,14.640438596491226,0.012280701754385963,0.05395219298245614,0.0601969298245614,0.03055555555555555,0.11954022988505747,0.013636363636363636,0.0325,0.05458333333333333,0.1713519313304721,0.1474547803617571,18.448865190046487,424,2026-07-28,,0.0,,3.6573513366066557
608701,Rob,Refsnyder,SEA,104.0,20,0.0710436268215184,0.07935507152909249,0.0278241143421331,0.2609523640933439,0.0980580425826818,0.2362563091145028,0.08100831296864845,0.19935033712282207,0.2657946097077384,0.5565390426858641,0.18539237641733278,0.16768960295166513,0.40252219833627134,-0.05086393269717002,0.04380011859032563,0.1432459677419355,0.034576612903225806,0.014818548387096776,0.03951612903225807,14.89181818181818,0.013636363636363636,0.04357727272727273,0.05262272727272728,0.10593607305936073,0.01764705882352941,0.008823529411764706,0.01,0.08368055555555555,0.12581168831168832,0.1363019233877485,22.505195776872554,523,2026-07-30,,0.0,,3.6573513366066557
680474,Max,Schuemann,NYY,45.0,42,0.07714591464188111,0.07753354690182938,0.07673059436336511,0.25559040584395276,0.2532178296679206,0.25444570911326414,0.09834644398625847,0.25217037106780016,0.3151989996370377,0.6544968441325769,0.18510655182874744,0.2218717823524236,0.5338382169773361,-0.0693391572845167,0.047099567841576824,0.18304597701149425,0.08448275862068966,0.02112068965517241,0.05632183908045977,15.061323529411766,0.017156862745098037,0.05011519607843137,0.056765196078431376,0.04049865229110512,0.03409090909090909,0.012499999999999999,0.021428571428571425,0.041048728813559324,0.09276315789473685,0.11614583333333334,21.060020054433465,358,2026-08-01,,0.0,,3.6573513366066557
687515,Colby,Thomas,ATH,102.0,17,0.08483030957557268,0.08552249826500019,0.08067717743900758,0.2788989762002716,0.2648265851802796,0.2769007207675157,0.13238557850806792,0.2733525110521135,0.40510639347782895,0.6889628020158158,0.18484091896764138,0.24138749651846733,0.498589831238873,-0.09205980179987433,0.05118258368946986,0.19558823529411762,0.020588235294117643,0.005147058823529411,0.05661764705882352,15.600909090909088,0.015909090909090907,0.047281818181818175,0.05912727272727272,0.08061224489795918,0.12170542635658915,0.01111111111111111,0.09012474012474013,0.023333333333333334,0.14160951996772891,0.17548879351454458,14.086795557383791,442,2026-07-30,,0.0,,3.6573513366066557
666397,Edouard,Julien,COL,26.0,250,0.07197820214679539,0.07941524612120837,0.07120474957345643,0.26112901765092544,0.23674067749424066,0.2390627294429698,0.13697377446105086,0.22695178270933292,0.41653169951719804,0.6099392990490767,0.184104625609742,0.3092912327785101,0.512617269042093,-0.0549581038332278,0.044012554301341,0.153125,0.08654891304347827,0.0022192028985507247,0.04438405797101449,15.81851515151515,0.012727272727272726,0.06176439393939394,0.06936363636363636,0.04070891514500537,0.075,0.026470588235294117,0.03908227848101266,0.05447269303201506,0.09922975641869652,0.06709179246920007,23.224033286254155,1139,2026-08-07,,0.0,,3.6573513366066557
656555,Rhys,Hoskins,CLE,121.0,192,0.07490171426833608,0.07625156736116524,0.07405102560045938,0.25179977966979916,0.24526042855679475,0.24779332366671314,0.11483886295334432,0.19396371353038616,0.35990847497498213,0.545529343842847,0.18316579468080849,0.3008989325900031,0.4946887432167085,-0.06462752898590465,0.0453872610460123,0.19373003194888178,0.09197284345047922,0.005870607028753994,0.06849041533546325,15.612254601226994,0.02254601226993865,0.04915460122699386,0.06233328220858894,0.0667032967032967,0.08118628359592216,0.012857142857142857,0.06748251748251749,0.05865546218487395,0.11679623567921439,0.09948592617562785,21.759961659591948,1340,2026-08-18,,0.0,,3.6573513366066557
677870,Leo,Jimenez,MIA,95.0,97,0.0750393263491862,0.0768377921821091,0.0732779422860143,0.25353489672938134,0.24295323103821942,0.24820247758408043,0.12508221625120627,0.23154022335510113,0.3865858033672185,0.6183402826377378,0.18291715576210882,0.29456909249719604,0.5285479187139549,-0.06528532182197161,0.04540049125278856,0.13717447916666667,0.057421875000000004,0.025520833333333333,0.04147135416666667,15.612187499999997,0.00546875,0.05448515625,0.0561626953125,0.06514687882496939,0.057754010695187166,0.051470588235294115,0.052730646871686104,0.06723404255319149,0.09107917490483076,0.10834781529294937,23.915276932440655,775,2026-08-31,,0.0,,3.6573513366066557
805347,Jim,Jarvis,ATL,23.0,97,0.07860111349231592,0.0764729031860839,0.07910574067832969,0.2524552367327175,0.26022008061233926,0.25873637998252963,0.1312502592495093,0.2712115600420246,0.4022543758974284,0.6855979842345219,0.181806222610082,0.27852501157758713,0.5780765465632945,-0.07693015737244763,0.047039883896430545,0.16843750000000002,0.04083333333333333,0.005104166666666667,0.06124999999999999,15.57002840909091,0.00596590909090909,0.05163892045454545,0.05147982954545455,0.06592632719393283,0.04734299516908212,0.0930161943319838,0.08215892053973013,0.042599620493358636,0.06587185696986965,0.10670538161881403,22.64449442148202,457,2026-08-22,,0.0,,3.6573513366066557
671155,Ivan,Johnson,CIN,10.0,9,0.07959459927207194,0.07649980018336115,0.08303326492619505,0.25253486022766425,0.271694115171061,0.2616553597423118,0.00935199406230039,0.24638731166898795,0.033780715333209255,0.6446242313120523,0.179793217281982,0.016232172885884855,0.3773584364515957,-0.0818621424603298,0.04704385894714463,0.03223684210526315,0.09671052631578946,0.0,0.0,14.779722222222219,0.0,0.04157222222222222,0.0428361111111111,0.058333333333333334,0.0,0.0,0.06041666666666666,0.0,0.21504934210526316,0.12910714285714286,23.4375,72,2026-08-30,,0.0,,3.6573513366066557
644433,Chadwick,Tromp,BAL,18.0,31,0.07667064393547163,0.08390880337532292,0.07246784168007409,0.2742342169460684,0.24053006473907879,0.25304046711413364,0.08512698370728838,0.29036338433916836,0.27775767098912996,0.7147757977595588,0.1796171635858793,0.1381386295212213,0.49956380716085597,-0.07342330352825432,0.04545041097548665,0.11250000000000002,0.0,0.0,0.0375,14.514791666666667,0.0,0.0405125,0.039579166666666665,0.03214285714285714,0.042777777777777776,0.0,0.06349206349206349,0.01607142857142857,0.08100408788962699,0.15999999999999998,17.742873068960023,182,2026-07-29,,0.0,,3.6573513366066557
671083,Buddy,Kennedy,SF,29.0,20,0.07456479238577313,0.06495479327278687,0.08849929109960322,0.21778777196329535,0.2874468743202162,0.24679089066228144,0.04437954674476263,0.21756361549195896,0.15297366238328036,0.5923328705628772,0.1784653251636747,0.10123039985248514,0.43439953175221724,-0.06832556549860674,0.044043616549476944,0.075,0.0625,0.012499999999999999,0.012499999999999999,14.765,0.01875,0.044974999999999994,0.049749999999999996,0.04027777777777777,0.055714285714285716,0.04625,0.03804347826086957,0.05576923076923077,0.10390625,0.09716020368194281,21.57676623678016,217,2026-08-26,,0.0,,3.6573513366066557
694362,Blake,Dunn,CIN,42.0,112,0.03670140255712966,0.03584443482553606,0.037022765456477265,0.12497508262215395,0.1288799100303588,0.1278162153464687,0.19693131889166887,0.3342438200554246,0.5516190833887356,0.7741595999881302,0.11409527080784373,0.5494506513681738,0.836734637635653,-0.013720944538624963,0.014583225703589019,0.21874999999999997,0.039772727272727265,0.007954545454545454,0.02386363636363636,14.086857798165138,0.004816513761467889,0.05292064220183486,0.05298967889908257,0.0375,0.0375,0.052941176470588235,0.023376623376623374,0.05454545454545454,0.03093385214007782,0.043097014925373135,7.978142076502731,549,2026-06-26,,0.0,,3.6573513366066557
621043,Carlos,Correa,HOU,46.0,93,0.03466467220763849,0.03903841670780538,0.032501314712932286,0.1355301295315645,0.11382720959938253,0.12105278450835288,0.18064682425908687,0.3222986049868801,0.5174597297383067,0.7589828249262534,0.1078195833065022,0.4831108797896222,0.7958956207556682,-0.013233201201850689,0.013051860783782412,0.2247302158273381,0.07491007194244605,0.0,0.07491007194244603,15.609270833333332,0.018229166666666664,0.06425963541666667,0.07122682291666667,0.03614457831325301,0.04333333333333333,0.013636363636363636,0.02826086956521739,0.045,0.03148854961832061,0.04798136645962733,8.304940374787053,587,2026-05-04,,0.0,,3.6573513366066557
807747,Rikuu,Nishida,CWS,4.0,25,0.03387556582815132,0.03329051859165402,0.0339691733859909,0.11646811703815729,0.11873451789225364,0.11842216230036151,0.12218422442520083,0.4210760161781134,0.37912198561328003,0.8645360985587112,0.1026587846797396,0.35380117450784887,0.8483352890463243,-0.01576337762062191,0.012157075260901989,0.14784482758620687,0.0,0.0,0.021120689655172414,14.972708333333332,0.0,0.05460729166666667,0.052295833333333326,0.03157894736842105,0.049999999999999996,0.0,0.03529411764705882,0.0375,0.019565217391304346,0.04642857142857143,7.886597938144329,97,2026-06-07,,0.0,,3.6573513366066557
678009,Parker,Meadows,DET,1.0,38,0.03401958439600368,0.03230760792057484,0.03406463640851497,0.11317813429252033,0.11905298208904636,0.11890269920706031,0.12645804125142845,0.38336257228341764,0.39010634023775503,0.8293660258424806,0.09988422293163852,0.31951131254954973,0.8067396863412435,-0.01901847627542179,0.011876503714771572,0.18846153846153843,0.03141025641025641,0.015705128205128205,0.03141025641025641,14.924134615384613,0.00673076923076923,0.05147692307692307,0.051295192307692306,0.03529411764705882,0.049999999999999996,0.023076923076923078,0.049999999999999996,0.027777777777777776,0.02837837837837838,0.04186046511627907,8.190184049079754,163,2026-04-09,,0.0,,3.6573513366066557
682515,Logan,Porter,LAA,5.0,1,0.032622298349630915,0.032685236435442126,0.03230760792057484,0.1144431774394733,0.11317813429252033,0.11423242802639777,0.030053369748306635,0.5635028221864703,0.10559917799659513,0.951773511739756,0.09798949068409725,0.09453120573423068,0.9054687942657693,-0.01624293734230052,0.011193577441914513,0.20416666666666664,0.20416666666666664,0.0,0.0,0.0,0.0,0.0,0.0,0.0,0.15,0.0,0.0,0.049999999999999996,0.03333333333333333,0.028124999999999997,10.178571428571429,28,2026-06-17,,0.0,,3.6573513366066557
664068,Scott,Kingery,CHC,2.0,2,0.03312861546056379,0.03457092315287148,0.031686307768256095,0.1207405548076309,0.11109394258442307,0.11592680857509141,0.0455872608097006,0.6993581574175982,0.15688218763289685,0.987667720331766,0.09798949068409725,0.09453120573423068,0.9054687942657693,-0.01793731789099416,0.011359608928906044,0.15312499999999998,0.0,0.0,0.0,13.496875,0.0,0.0291375,0.0273,0.0375,0.0,0.0,0.075,0.0,0.01875,0.06666666666666667,6.999999999999999,15,2026-04-21,,0.0,,3.6573513366066557
683079,Omar,Martinez,LAA,0.0,3,0.03391864158394938,0.0,0.03391864158394938,0.0,0.11856591018356866,0.11856591018356866,0.06149194472039626,0.7923403991979523,0.20714074671516636,0.9968134812453591,0.09798949068409725,0.09453120573423068,0.9054687942657693,-0.020576419499471407,0.011618213151384312,0.20416666666666664,0.0,0.0,0.0,15.548749999999998,0.0,0.030537499999999995,0.029224999999999994,0.049999999999999996,0.0,0.0,0.0,0.049999999999999996,0.0,0.04285714285714285,8.75,12,2026-05-12,,0.0,,3.6573513366066557
663609,Luken,Baker,AZ,3.0,2,0.03302570805767206,0.03391864158394938,0.031686307768256095,0.11856591018356866,0.11109394258442307,0.11558262176021561,0.036224108632430196,0.6244653702374748,0.12623465574851156,0.9721807397247468,0.09798949068409725,0.09453120573423068,0.9054687942657693,-0.01759313107611836,0.011325882238216184,0.12249999999999998,0.0,0.0,0.0,0.0,0.0,0.0,0.0,0.075,0.0,0.0,0.0,0.03,0.075,0.056249999999999994,10.0,24,2026-04-14,,0.0,,3.6573513366066557
669717,Will,Wilson,SEA,2.0,4,0.03186546826020799,0.03457092315287148,0.03051274081387624,0.1207405548076309,0.10714742899370722,0.11169531285398338,0.030053369748306635,0.5635028221864703,0.10559917799659513,0.951773511739756,0.09798949068409725,0.09453120573423068,0.9054687942657693,-0.013705822169886125,0.010944966818362732,0.40833333333333327,0.10208333333333332,0.0,0.20416666666666664,15.364999999999998,0.04375,0.0462875,0.08793749999999999,0.049999999999999996,0.0,0.0,0.0,0.024999999999999998,0.057692307692307696,0.049999999999999996,7.199999999999999,25,2026-04-29,,0.0,,3.6573513366066557
669899,Ryan,Ward,LAD,3.0,57,0.03216473669899082,0.031088452904704095,0.0322213832144796,0.1090850417932625,0.11288910032385968,0.11269917820334452,0.11828505322897494,0.31781805805627905,0.36897577791144,0.7531036077112351,0.09768258329934723,0.34208534245034233,0.7418021417443759,-0.015016594903997288,0.011008746862616178,0.2552083333333333,0.05104166666666665,0.0,0.12249999999999998,15.080855263157895,0.01842105263157895,0.059352631578947365,0.06990328947368421,0.02727272727272727,0.03333333333333333,0.03333333333333333,0.03409090909090909,0.02763157894736842,0.03134328358208955,0.04813432835820895,7.023809523809524,252,2026-06-27,,0.0,,3.6573513366066557
671655,George,Valera,CLE,2.0,36,0.03303758050132052,0.031686307768256095,0.03311265120871299,0.11109394258442307,0.11587342049610239,0.11562233561593471,0.11074791842995876,0.363457794753274,0.34902229485823677,0.8083419065105214,0.09725569074922698,0.29143795714506004,0.7679393219046169,-0.018366644866707735,0.011244930116366679,0.17730263157894735,0.016118421052631574,0.0,0.09671052631578946,15.777758620689657,0.0,0.04318275862068966,0.04128189655172414,0.049999999999999996,0.04,0.0,0.02608695652173913,0.04,0.02426470588235294,0.06052631578947368,6.5,120,2026-04-28,,0.0,,3.6573513366066557
808975,Hyeseong,Kim,LAD,15.0,113,0.03572466785531487,0.02765673852229719,0.03679563192606943,0.09748998483242166,0.1281282074475515,0.12457748046555595,0.1693935769120727,0.31483543110822865,0.4927754814928499,0.7491325900461197,0.09724178843800962,0.3982909179893205,0.6929469218909509,-0.02733569202754632,0.012114136999571867,0.1818359375,0.05742187499999999,0.0,0.043066406249999994,14.966823529411762,0.006176470588235294,0.062234117647058815,0.06202617647058824,0.053389830508474574,0.031818181818181815,0.008333333333333333,0.026785714285714284,0.041666666666666664,0.0375,0.0438,7.893203883495145,515,2026-05-27,,0.0,,3.6573513366066557
694410,LuJames,Groover,AZ,21.0,33,0.029143343905,0.029544901464074888,0.028887807276497795,0.10388317761491406,0.10166204661758771,0.10252629453002582,0.07703063137605337,0.26600115283605885,0.25410502547972524,0.6772986290116045,0.09676790621176565,0.30116980025498397,0.7519046463426261,-0.005758388318260171,0.0099212548533214,0.1474537037037037,0.05671296296296296,0.011342592592592592,0.045370370370370366,15.332837837837836,0.01891891891891892,0.04778918918918919,0.051729054054054056,0.02,0.02727272727272727,0.0,0.01875,0.024999999999999998,0.022413793103448276,0.0296875,8.72596153846154,208,2026-07-03,,0.0,,3.6573513366066557
606115,Orlando,Arcia,MIN,20.0,30,0.03532659148075884,0.032109828627847385,0.03747110004936647,0.11251505647262683,0.13036229934399135,0.12325500401710221,0.15871527493552381,0.39553157264848826,0.46851600102488433,0.841362256754687,0.09632657734453871,0.30963235060004424,0.7383489355759056,-0.026928426672563496,0.011872732677554825,0.20825,0.024499999999999997,0.0,0.03675,15.040812499999998,0.0043749999999999995,0.046926249999999996,0.04741187499999999,0.048214285714285716,0.03214285714285714,0.01875,0.03333333333333333,0.042187499999999996,0.031395348837209305,0.052247191011235955,7.32142857142857,168,2026-06-13,,0.0,,3.6573513366066557
670156,Miles,Mastrobuoni,SEA,1.0,27,0.029407111551368794,0.03524878439116308,0.02919075329804308,0.12299634633433543,0.10268657090818167,0.10341774670680992,0.07878501945604272,0.3559142478934295,0.25927734891207843,0.7999032857417181,0.09559189281344646,0.23659309051256394,0.7634069094874361,-0.00782585389336346,0.00988589815820553,0.10937499999999999,0.04375,0.0,0.0,15.934843749999999,0.0,0.041212500000000006,0.04218593749999999,0.03409090909090909,0.0,0.0,0.0375,0.0225,0.027906976744186046,0.041176470588235294,8.97196261682243,107,2026-07-11,,0.0,,3.6573513366066557
664731,P. J.,Higgins,CIN,3.0,25,0.033660524762995886,0.031088452904704095,0.0339691733859909,0.1090850417932625,0.11873451789225364,0.11770429509019897,0.10212460332897877,0.3953858565372187,0.3256354443418056,0.8412223475604012,0.09559189281344646,0.23659309051256394,0.7634069094874361,-0.022112402276752513,0.011251576359944573,0.153125,0.04375,0.0,0.065625,14.582361111111108,0.0,0.06966944444444442,0.06659722222222222,0.026470588235294117,0.045,0.0,0.046153846153846156,0.02,0.03235294117647059,0.027049180327868853,9.0234375,128,2026-06-10,,0.0,,3.6573513366066557
640492,José,Azócar,ATL,12.0,6,0.03576206919039758,0.03625303232176318,0.034780142927666374,0.12633055645575075,0.12143724713263926,0.12470165943831735,0.1627877475083369,0.562505327040549,0.47786526076783564,0.9513692152286877,0.09559189281344646,0.23659309051256394,0.7634069094874361,-0.029109766624870886,0.011920467662686536,0.2722222222222222,0.034027777777777775,0.0,0.0,14.533076923076923,0.0,0.06445384615384615,0.06281153846153846,0.0375,0.056249999999999994,0.075,0.057692307692307696,0.03,0.04125,0.07307692307692307,6.304347826086956,69,2026-07-07,,0.0,,3.6573513366066557
694025,Felix,Reyes,PHI,21.0,17,0.03049996372284343,0.03165757752041291,0.029069970208198764,0.11099747909494029,0.10227819992889409,0.10710439180212661,0.07443863415158929,0.30416811779223135,0.24641528641749766,0.7345498482779758,0.09515449320190882,0.253781597633706,0.746218402366294,-0.011949898600217793,0.010191464121630035,0.16118421052631582,0.0,0.0,0.032236842105263154,15.602155172413791,0.012068965517241381,0.05250603448275862,0.053344827586206886,0.04411764705882353,0.01,0.0,0.021428571428571425,0.024999999999999998,0.03913043478260869,0.07928571428571428,6.228813559322034,118,2026-05-14,,0.0,,3.6573513366066557
695020,Tanner,Murray,CWS,23.0,7,0.031578847578271695,0.0307902466294427,0.034169964981566964,0.10808178254866008,0.11940426068122978,0.11073309972503631,0.09505107177289873,0.3730569641314826,0.3060007765503866,0.8187024827551295,0.09515449320190882,0.253781597633706,0.746218402366294,-0.015578606523127494,0.010536751985012258,0.18375,0.020416666666666666,0.020416666666666666,0.04083333333333333,15.344999999999999,0.016666666666666666,0.04453333333333333,0.0571,0.03529411764705882,0.024999999999999998,0.021428571428571425,0.03529411764705882,0.023076923076923078,0.048,0.048214285714285716,7.857142857142857,105,2026-04-26,,0.0,,3.6573513366066557
650391,Eloy,Jiménez,TOR,13.0,21,0.03489405226700179,0.0332966349833225,0.03588292963308898,0.11648856191821289,0.12510284974168862,0.12181639136615052,0.14601190677211748,0.4311714128294467,0.43857052927863505,0.8729774146262457,0.09515449320190882,0.253781597633706,0.746218402366294,-0.026661898164241707,0.011591376984131433,0.16213235294117648,0.05404411764705882,0.0,0.03602941176470588,15.576458333333331,0.007291666666666667,0.048285416666666664,0.04892708333333333,0.03214285714285714,0.056249999999999994,0.0,0.023076923076923078,0.049999999999999996,0.04477611940298507,0.05886075949367088,7.269230769230769,130,2026-04-28,,0.0,,3.6573513366066557
667670,Brent,Rooker,ATH,47.0,152,0.029247431871956383,0.027811216535559975,0.029691524772026325,0.09801427788396766,0.10437825341186302,0.1028781562024692,0.1336301810625026,0.24026507319977194,0.408221565338278,0.6339508993768561,0.09507939233986978,0.392323832201948,0.6666831292343927,-0.007798763862599423,0.009781592576776977,0.2154522613065326,0.05540201005025125,0.006155778894472361,0.0831030150753769,15.564804347826085,0.027391304347826082,0.056356086956521736,0.07351065217391303,0.03272727272727272,0.023809523809523808,0.012499999999999999,0.025280898876404494,0.028636363636363637,0.054281767955801107,0.046538461538461535,8.020408163265305,735,2026-06-08,,0.0,,3.6573513366066557
673995,Davis,Wendzel,PIT,3.0,1,0.031393241658671786,0.031088452904704095,0.03230760792057484,0.1090850417932625,0.11317813429252033,0.11010959900769635,0.0,0.4898908364545974,0.0,0.9147250761447586,0.095027548018101,0.0,0.7934506856227627,-0.01508205098959535,0.01046344520695771,0.0,0.0,0.0,0.0,16.130625,0.0,0.039243749999999994,0.0401625,0.0,0.0,0.0,0.0,0.0,0.021428571428571425,0.05357142857142857,8.75,24,2026-06-09,,0.0,,3.6573513366066557
672279,Michael,Siani,BAL,0.0,1,0.03230760792057484,0.0,0.03230760792057484,0.0,0.11317813429252033,0.11317813429252033,0.0,0.7934506856227627,0.0,0.9968753511026067,0.095027548018101,0.0,0.7934506856227627,-0.01815058627441933,0.010755040591081559,0.0,0.0,0.0,0.0,13.9825,0.0,0.052849999999999994,0.05109999999999999,0.0,0.0,0.0,0.0,0.0,0.0,0.0375,3.75,4,2026-06-21,,0.0,,3.6573513366066557
675448,Blake,Hunt,SD,2.0,1,0.03189340781902901,0.031686307768256095,0.03230760792057484,0.11109394258442307,0.11317813429252033,0.11178906815143397,0.0,0.5614970317550455,0.0,0.9509580442234383,0.095027548018101,0.0,0.7934506856227627,-0.01676152013333297,0.010623041041659157,0.0,0.0,0.0,0.0,0.0,0.0,0.0,0.0,0.0,0.0,0.0,0.0,0.0,0.0857142857142857,0.06666666666666667,6.1764705882352935,17,2026-06-20,,0.0,,3.6573513366066557
668974,Maverick,Handley,BAL,0.0,1,0.03230760792057484,0.0,0.03230760792057484,0.0,0.11317813429252033,0.11317813429252033,0.0,0.7934506856227627,0.0,0.9968753511026067,0.095027548018101,0.0,0.7934506856227627,-0.01815058627441933,0.010755040591081559,0.0,0.0,0.0,0.0,0.0,0.0,0.0,0.0,0.0,0.0,0.0,0.0,0.0,0.09999999999999999,0.09999999999999999,11.249999999999998,4,2026-05-16,,0.0,,3.6573513366066557
656305,Matt,Chapman,SF,94.0,254,0.0314014350508352,0.03227561113853693,0.031077921065622755,0.11307088581627689,0.10904962336474433,0.11013712953757249,0.1676490301641603,0.2525443697729326,0.4888682789190203,0.6551283792894151,0.09491482796762041,0.4298471593763718,0.6384577171654381,-0.01522230156995208,0.010453646702906216,0.19888649425287355,0.06336206896551723,0.008800287356321839,0.06864224137931034,15.206725663716814,0.011615044247787611,0.04933064159292036,0.05348727876106195,0.030147058823529412,0.03402061855670103,0.02872340425531915,0.033962264150943396,0.028571428571428567,0.03161648177496038,0.03959497206703911,8.353230337078651,1424,2026-06-30,,0.0,,3.6573513366066557
670224,Kameron,Misner,KC,13.0,30,0.03287295058864664,0.030915682602370112,0.033721100049366466,0.10850388838949554,0.11790655528915717,0.11507152558461609,0.11422834220995605,0.3520564271073645,0.3582923132653384,0.7954849481591518,0.09476195508899041,0.26799202452413634,0.7320079754758637,-0.02030957049562568,0.010904402739471,0.14244186046511628,0.028488372093023254,0.0,0.05697674418604651,14.311354166666664,0.0,0.055402083333333324,0.05543124999999999,0.0225,0.0375,0.04285714285714285,0.03888888888888888,0.01875,0.05204081632653061,0.04516129032258064,7.054054054054054,185,2026-07-06,,0.0,,3.6573513366066557
672642,Steward,Berroa,PHI,5.0,2,0.031275952120941426,0.029957963708169402,0.03457092315287148,0.10527737975863771,0.1207405548076309,0.10971542783735455,0.02567962434474355,0.5131278292743189,0.09076015778022739,0.928093747693514,0.09448986601680805,0.06149194472039626,0.7923403991979523,-0.015225561820546504,0.010366996076328404,0.0875,0.0,0.0,0.0875,15.866666666666664,0.0,0.09216666666666665,0.08621666666666666,0.075,0.0,0.0,0.0,0.0375,0.011538461538461539,0.075,6.521739130434782,23,2026-06-05,,0.0,,3.6573513366066557
669208,Ryan,Bliss,SEA,3.0,6,0.030921547241665473,0.03391864158394938,0.029423000070523522,0.11856591018356866,0.10347142438116275,0.1085236199931715,0.019890887638544935,0.4349997055766561,0.0708464001381891,0.8760761529869371,0.09448986601680805,0.06149194472039626,0.7923403991979523,-0.014033753976363458,0.010254382312813767,0.06805555555555555,0.06805555555555555,0.0,0.0,16.128,0.0,0.05677,0.05999,0.0,0.0,0.15,0.0,0.021428571428571425,0.056249999999999994,0.04772727272727272,6.999999999999999,45,2026-06-09,,0.0,,3.6573513366066557
805672,Collin,Price,HOU,2.0,11,0.030255007147658018,0.03457092315287148,0.029470295146710117,0.1207405548076309,0.10363119195275738,0.10627901086905112,0.04325817835808121,0.42234631019482544,0.14933280639976954,0.8656200417180606,0.09402387494902086,0.11762077423264788,0.7692757187239871,-0.01225513592003026,0.009992764427657291,0.14134615384615384,0.047115384615384615,0.0,0.0,16.283749999999998,0.0,0.09050416666666666,0.0940625,0.04285714285714285,0.0,0.0,0.0,0.0375,0.08076923076923076,0.048214285714285716,7.641509433962264,53,2026-06-14,,0.0,,3.6573513366066557
641820,Trey,Mancini,LAA,4.0,9,0.03395216424866983,0.0360682963694318,0.03301166108388673,0.12571790589589893,0.11553563233031727,0.11867776671121955,0.12680703655710507,0.5763065681945096,0.3909970291975743,0.9567489005492905,0.09402387494902086,0.11762077423264788,0.7692757187239871,-0.02465389176219869,0.011158543496484777,0.2826923076923077,0.0,0.0,0.14134615384615384,15.6275,0.017499999999999998,0.054915,0.0554925,0.0375,0.075,0.0,0.046153846153846156,0.0,0.028124999999999997,0.06136363636363636,5.204081632653061,49,2026-06-14,,0.0,,3.6573513366066557
605244,Aramis,Garcia,AZ,3.0,16,0.028739454908533985,0.036748830263194664,0.02723769702953511,0.1279732579445403,0.09606665746711951,0.10116002819357806,0.05520471638534141,0.37565475270329085,0.1875411664694765,0.821434869406483,0.09361613276470705,0.15821985525146964,0.7495416354723428,-0.007543895428871003,0.009470210629851511,0.19342105263157894,0.0,0.0,0.06447368421052631,15.067499999999999,0.01346153846153846,0.050574999999999995,0.06625769230769232,0.013636363636363636,0.024999999999999998,0.075,0.045,0.0,0.03529411764705882,0.05909090909090908,7.03125,64,2026-06-11,,0.0,,3.6573513366066557
672012,Tyler,Black,MIL,1.0,27,0.03869446285552683,0.03230760792057484,0.03893101303830283,0.11317813429252033,0.13517670708450813,0.13439794498262603,0.1793324692249496,0.5066115681914239,0.5146226778674117,0.9245109009161243,0.09325636024913604,0.18877852109766458,0.733348706504507,-0.041141584733489986,0.012533463174043339,0.284375,0.021875,0.0,0.15312499999999998,14.625625,0.0,0.04010125,0.04076625,0.05357142857142857,0.024999999999999998,0.056249999999999994,0.049999999999999996,0.04285714285714285,0.03461538461538462,0.048,6.958762886597938,97,2026-05-09,,0.0,,3.6573513366066557
686894,Joey,Wiemer,WSH,43.0,40,0.03448698298567074,0.03868481724676685,0.029974311154992415,0.134366179244653,0.10533252458245912,0.1204609250733526,0.16174743841159034,0.34309736055955287,0.47548845873614154,0.7849511801587555,0.09305325977393383,0.3206059352575904,0.6793940647424096,-0.027407665299418765,0.011209281753459059,0.2656626506024096,0.08855421686746988,0.007379518072289155,0.08855421686746988,14.914695121951219,0.01707317073170732,0.06396036585365852,0.07124634146341463,0.04642857142857143,0.006,0.056249999999999994,0.026785714285714284,0.0409090909090909,0.04555555555555555,0.03951612903225806,8.955223880597014,335,2026-05-18,,0.0,,3.6573513366066557
669289,Santiago,Espinal,LAD,34.0,23,0.03466112441329433,0.030329619094634733,0.04106421923218243,0.10653047443457908,0.14217659707515873,0.12104097010390125,0.16645786597973067,0.38976579263483824,0.4861879363208941,0.8357575116230762,0.09305325977393383,0.3206059352575904,0.6793940647424096,-0.027987710329967413,0.011263256834367281,0.22565789473684203,0.01074561403508772,0.0,0.06447368421052631,14.829427083333332,0.003645833333333333,0.05818385416666666,0.058220312499999996,0.041379310344827586,0.05526315789473684,0.0,0.02222222222222222,0.05499999999999999,0.022767857142857142,0.05135135135135135,7.5,224,2026-06-13,,0.0,,3.6573513366066557
680737,Michael,Helman,TEX,15.0,18,0.030292312687844537,0.0322721231376818,0.028642470646313485,0.11305919398419473,0.10083172719962108,0.10640474761836471,0.06650457281607568,0.30919875880442127,0.2225189797189957,0.7415015881378343,0.09293656245751737,0.2127127162245977,0.719908462590678,-0.013468185160847343,0.009888891472810525,0.16704545454545452,0.018560606060606055,0.03712121212121211,0.01856060606060606,13.559583333333332,0.0,0.03222916666666666,0.033877083333333335,0.01,0.049999999999999996,0.016666666666666666,0.028124999999999997,0.01764705882352941,0.03134328358208955,0.065,6.106194690265487,113,2026-06-13,,0.0,,3.6573513366066557
664056,Harrison,Bader,SF,23.0,87,0.02720094482690496,0.034899835670538594,0.025165605868243193,0.12183563810062947,0.08900455406146679,0.0959417462243467,0.10608807657526534,0.24388511626168144,0.33645907144897047,0.6402896942843965,0.09264938633582956,0.3315412564053376,0.6684587435946624,-0.0032923598885171435,0.008888943911673615,0.2115909090909091,0.02227272727272727,0.0,0.07238636363636364,15.581319444444443,0.012152777777777776,0.055329166666666665,0.06372916666666667,0.021052631578947368,0.0225,0.046153846153846156,0.016981132075471698,0.03157894736842105,0.04466666666666666,0.058064516129032254,7.375296912114014,421,2026-05-29,,0.0,,3.6573513366066557
657656,Ramón,Laureano,SD,55.0,149,0.02932537900168732,0.02712083813285064,0.030139135698237774,0.0956694408059835,0.1058883890659631,0.10314158506644011,0.1345461650015767,0.23997708585689778,0.4105066390141201,0.6334431655967829,0.09225277241629005,0.37883529114679954,0.6387575015215676,-0.010888812650150057,0.00951509717378972,0.20416666666666664,0.06004901960784313,0.006004901960784313,0.05704656862745097,15.384743589743588,0.025427350427350427,0.060374999999999984,0.07271175213675214,0.02975206611570248,0.018,0.031818181818181815,0.032547169811320754,0.021428571428571425,0.04521028037383178,0.04911504424778761,7.420306965761511,847,2026-05-30,,0.0,,3.6573513366066557
666185,Dylan,Carlson,CHC,3.0,1,0.031393241658671786,0.031088452904704095,0.03230760792057484,0.1090850417932625,0.11317813429252033,0.11010959900769635,0.0,0.4898908364545974,0.0,0.9147250761447586,0.09150800920261577,0.0,0.657619772493347,-0.018601589805080573,0.01007591019929261,0.0,0.0,0.0,0.0,14.778749999999999,0.0,0.023362499999999998,0.024325,0.0,0.0,0.0,0.0,0.0,0.049999999999999996,0.016666666666666666,4.5,20,2026-04-06,,0.0,,3.6573513366066557
669360,Trei,Cruz,DET,1.0,4,0.030871714235215963,0.03230760792057484,0.03051274081387624,0.11317813429252033,0.10714742899370722,0.10835594652490721,0.0,0.43448246478317487,0.0,0.8756607267998476,0.09150800920261577,0.0,0.657619772493347,-0.016847937322291437,0.009915436951759352,0.0,0.0,0.0,0.0,16.9225,0.0,0.041999999999999996,0.04235,0.0,0.0,0.0,0.0,0.0,0.06,0.021428571428571425,7.142857142857142,21,2026-06-21,,0.0,,3.6573513366066557
669256,Nick,Solak,SD,6.0,3,0.030921547241665473,0.029423000070523522,0.03391864158394938,0.10347142438116275,0.11856591018356866,0.1085236199931715,0.019890887638544935,0.4349997055766561,0.0708464001381891,0.8760761529869371,0.09123159477484916,0.0455872608097006,0.6993581574175982,-0.01729202521832235,0.00990078292271674,0.06805555555555555,0.06805555555555555,0.06805555555555555,0.0,15.6425,0.024999999999999998,0.045524999999999996,0.056575,0.03,0.0,0.0,0.0,0.016666666666666666,0.0,0.05454545454545454,7.826086956521738,23,2026-06-20,,0.0,,3.6573513366066557
666931,Jared,Oliva,SF,2.0,5,0.03239982824481755,0.031686307768256095,0.032685236435442126,0.11109394258442307,0.1144431774394733,0.11348719045032685,0.02567962434474355,0.5131278292743189,0.09076015778022739,0.928093747693514,0.09123159477484916,0.0455872608097006,0.6993581574175982,-0.02225559567547769,0.01035361737130035,0.0875,0.0,0.0,0.0,16.38875,0.0,0.06574166666666667,0.06285416666666666,0.024999999999999998,0.0,0.0,0.049999999999999996,0.0,0.046875,0.0625,6.11111111111111,27,2026-04-14,,0.0,,3.6573513366066557
692216,CJ,Kayfus,CLE,3.0,22,0.031202356619056144,0.031088452904704095,0.031217888943740515,0.1090850417932625,0.1095202498518052,0.1094680330424801,0.06403451456676437,0.34653621607178864,0.21496844198687026,0.7890399639165021,0.09077928025668562,0.13684428582359737,0.6942576053973728,-0.018688752785794474,0.009937429250711423,0.19599999999999998,0.048999999999999995,0.024499999999999997,0.048999999999999995,16.23625,0.037500000000000006,0.04656249999999999,0.06851249999999999,0.02,0.01875,0.075,0.049999999999999996,0.0,0.054310344827586204,0.05172413793103448,6.944444444444445,108,2026-04-07,,0.0,,3.6573513366066557
663624,Ryan,Mountcastle,BAL,4.0,11,0.03409557877574434,0.03329051859165402,0.034388327933595364,0.11646811703815729,0.12013219307666156,0.11915618773516756,0.10897453325692366,0.5195043405598057,0.3442616972516658,0.9314785486227912,0.09077928025668562,0.13684428582359737,0.6942576053973728,-0.02837690747848194,0.010816912960729022,0.20416666666666664,0.04083333333333333,0.0,0.04083333333333333,15.757291666666667,0.0,0.05697708333333332,0.05557708333333333,0.06,0.0375,0.0,0.04285714285714285,0.0375,0.013235294117647059,0.06724137931034482,5.555555555555555,54,2026-04-11,,0.0,,3.6573513366066557
624512,Reese,McGuire,CWS,3.0,30,0.028625422007055822,0.03391864158394938,0.028096100049366465,0.11856591018356866,0.0989805822902271,0.10077400692421257,0.06650457281607568,0.30919875880442127,0.2225189797189957,0.7415015881378343,0.09059189281344646,0.1681803297062361,0.6873262302663417,-0.01018211411076611,0.009129308033659776,0.09280303030303029,0.03712121212121212,0.03712121212121212,0.03712121212121212,12.99725,0.0,0.047258749999999995,0.04493125,0.03260869565217391,0.0,0.0,0.0409090909090909,0.013636363636363636,0.03,0.056249999999999994,7.5,110,2026-04-23,,0.0,,3.6573513366066557
592206,Nick,Castellanos,SD,33.0,86,0.030021038727759353,0.03069503619216045,0.029762411793744982,0.10776129203066387,0.10461753322510081,0.10549013703295451,0.12537708035320616,0.26407986097574737,0.3873415577666175,0.6741985308404064,0.09055806638235352,0.33865175329861996,0.6380063711554202,-0.014932070650600995,0.009552982832113864,0.20073529411764704,0.020588235294117647,0.0,0.0926470588235294,15.342962962962961,0.015123456790123455,0.060610493827160494,0.06841203703703704,0.03387096774193548,0.025609756097560978,0.009375,0.02027027027027027,0.04,0.047977941176470584,0.06022727272727272,6.517671517671518,481,2026-05-31,,0.0,,3.6573513366066557
695238,Will,Wagner,SD,1.0,43,0.032234895333928176,0.03230760792057484,0.032233204343541044,0.11317813429252033,0.11292872999659054,0.11293439884193701,0.1115325307008129,0.3450057806110166,0.35112052835829044,0.7872273243513019,0.0901394206944055,0.23098652405492354,0.6682144360118811,-0.02279497814753151,0.010179841288083143,0.13920454545454544,0.12528409090909093,0.0,0.0,13.811249999999998,0.0,0.05300625,0.04916249999999999,0.036,0.015,0.03333333333333333,0.0375,0.024999999999999998,0.025352112676056335,0.036,9.083333333333332,180,2026-06-28,,0.0,,3.6573513366066557
670242,Matt,Wallner,MIN,47.0,88,0.02684649478743776,0.026264824782982654,0.027157159448908095,0.09275588597245465,0.09579291466471562,0.09473641827409274,0.09799599310880738,0.2177703434961176,0.3142250358933705,0.5927266655540036,0.08933417370289196,0.31451504475088465,0.6326328701993108,-0.005402244571200782,0.008463199646087629,0.15879629629629627,0.045370370370370366,0.022685185185185183,0.045370370370370366,15.468694029850745,0.018283582089552237,0.06260559701492538,0.07136343283582089,0.024999999999999998,0.011842105263157893,0.03,0.022388059701492536,0.022058823529411766,0.06143344709897611,0.04742268041237113,7.179715302491103,562,2026-05-13,,0.0,,3.6573513366066557
669288,Daniel,Johnson,HOU,4.0,13,0.02965373924970862,0.03329051859165402,0.02853473022141773,0.11646811703815729,0.10046691342164005,0.10425068904200607,0.03287977376379267,0.3433635059488588,0.11509435915207766,0.785269664355566,0.08814738276470706,0.08221892400405661,0.6410655481673807,-0.016103306277299015,0.00918942539047016,0.07205882352941176,0.07205882352941176,0.03602941176470588,0.0,15.197954545454545,0.0,0.062443181818181814,0.058465909090909096,0.012499999999999999,0.0,0.075,0.0375,0.011538461538461539,0.03260869565217391,0.042187499999999996,8.49056603773585,53,2026-05-03,,0.0,,3.6573513366066557
600869,Jeimer,Candelario,LAA,7.0,13,0.029586009755891016,0.03153838603419855,0.02853473022141773,0.1105972054679083,0.10046691342164005,0.1040220004321798,0.027866481213768196,0.3010336452284873,0.09820179053861722,0.7301503025288871,0.08814738276470706,0.08221892400405661,0.6410655481673807,-0.015874617667472737,0.009169267088045876,0.12250000000000001,0.030624999999999996,0.030624999999999996,0.0,16.06675,0.0,0.052465000000000005,0.0511875,0.01875,0.0,0.049999999999999996,0.012499999999999999,0.01875,0.07173913043478261,0.052702702702702706,6.686746987951807,83,2026-04-08,,0.0,,3.6573513366066557
694876,Cooper,Ingle,CLE,4.0,20,0.028272218754090292,0.03051274081387624,0.0278241143421331,0.10714742899370722,0.0980580425826818,0.09957758791585847,0.023158815297043348,0.2584880219321069,0.08212687814329334,0.6650526713306804,0.08814738276470706,0.08221892400405661,0.6410655481673807,-0.01143020515115141,0.008777503756805444,0.05104166666666666,0.07656249999999999,0.0,0.05104166666666666,15.917222222222223,0.0,0.04332222222222222,0.04096944444444444,0.011538461538461539,0.0,0.075,0.012499999999999999,0.0,0.03260869565217391,0.04038461538461538,8.428571428571429,105,2026-07-05,,0.0,,3.6573513366066557
663584,Hayden,Senger,NYM,0.0,15,0.029964430829989494,0.0,0.029964430829989494,0.0,0.10529919558857237,0.10529919558857237,0.03736125910306534,0.3788198283232237,0.12999928701296803,0.824723353276744,0.08814738276470706,0.08221892400405661,0.6410655481673807,-0.01715181282386531,0.009281848498361642,0.20416666666666664,0.0,0.0,0.04083333333333333,13.185454545454544,0.0,0.03568409090909091,0.043225,0.0,0.03,0.049999999999999996,0.01875,0.021428571428571425,0.03529411764705882,0.06999999999999999,5.555555555555555,54,2026-06-02,,0.0,,3.6573513366066557
682641,Luis,Matos,MIL,13.0,8,0.03144227472786823,0.02853473022141773,0.0361670345508503,0.10046691342164005,0.12604539587638963,0.11027434527243207,0.07667565052761788,0.4000056469020493,0.2530552802224161,0.8456145990338648,0.08810930142560663,0.1205838183869109,0.6457978644196039,-0.02216504384682544,0.009716195527120138,0.11666666666666664,0.02916666666666666,0.0,0.0,14.725576923076924,0.0,0.0266,0.02723269230769231,0.023076923076923078,0.0,0.049999999999999996,0.06,0.01875,0.04431818181818182,0.07857142857142857,5.833333333333333,72,2026-04-23,,0.0,,3.6573513366066557
608841,Joey,Meneses,ATH,15.0,9,0.030642670206491703,0.0322721231376818,0.027926915321174865,0.11305919398419473,0.09840681060628731,0.10758498575885833,0.04344334080123441,0.31003881270500083,0.1499347736046195,0.7426494160987429,0.08810930142560663,0.1205838183869109,0.6457978644196039,-0.019475684333251697,0.009479237939096845,0.07656249999999999,0.07656249999999998,0.02552083333333333,0.02552083333333333,16.19625,0.0,0.058887499999999995,0.05597812499999999,0.028124999999999997,0.0,0.0,0.04285714285714285,0.008823529411764706,0.03088235294117647,0.049999999999999996,8.289473684210527,76,2026-07-12,,0.0,,3.6573513366066557
672820,Lenyn,Sosa,TOR,44.0,71,0.030558375449257963,0.03189029791435444,0.029732958710324938,0.11177863276467892,0.10451811970396208,0.10730112824524551,0.12986594771740817,0.2726994473512982,0.3987634425844192,0.6879392042442424,0.08782369138235352,0.31566885606727846,0.6143055172948425,-0.019477436862891995,0.009423581171988778,0.17043478260869563,0.005326086956521739,0.005326086956521738,0.03728260869565218,15.516136363636363,0.009943181818181816,0.04982130681818181,0.05452244318181818,0.036,0.016666666666666666,0.0375,0.017857142857142856,0.034931506849315064,0.028658536585365855,0.075,6.594533029612756,439,2026-05-26,,0.0,,3.6573513366066557
686452,Drew,Millas,WSH,20.0,127,0.027494886642777536,0.029966971484990244,0.02710558194321648,0.10530776598744673,0.09561757392713177,0.09694042763592392,0.11223750811999306,0.23144425699949095,0.35300160498517363,0.6181659362600169,0.0878046507128033,0.3251105770412182,0.6108435952768603,-0.00913577692312062,0.008511820388522084,0.14166666666666666,0.05833333333333332,0.012499999999999999,0.041666666666666664,14.102553763440858,0.00564516129032258,0.04905645161290323,0.05044516129032257,0.024999999999999998,0.014634146341463414,0.0409090909090909,0.023239436619718307,0.025657894736842105,0.03206106870229007,0.04321192052980132,8.282051282051283,585,2026-07-11,,0.0,,3.6573513366066557
666969,Adolis,García,PHI,67.0,189,0.027709258500989542,0.0333135726833275,0.025722543949578732,0.11654517671518272,0.09090663620156048,0.09766826066620349,0.13404604842154844,0.2271028584796026,0.4092598115078684,0.6102180230331576,0.08772517661381114,0.3625038659495962,0.5951480507395664,-0.009943084052392345,0.008567965416506444,0.1818359375,0.05024414062499999,0.009570312499999999,0.04306640625,16.105357142857144,0.016666666666666663,0.060557142857142865,0.06830119047619047,0.02666666666666667,0.025280898876404494,0.028124999999999997,0.03,0.021982758620689654,0.04704684317718941,0.04466437177280551,8.193160813308689,1082,2026-06-10,,0.0,,3.6573513366066557
694514,Sterlin,Thompson,COL,15.0,62,0.03215141733721743,0.0322721231376818,0.03212221432097605,0.11305919398419473,0.11255659150254349,0.11265451730234044,0.13215077794236724,0.31120414592399037,0.4045173674069066,0.7442355597471535,0.08619051467589461,0.2554444331365656,0.6105138625340829,-0.026464002626445826,0.009709750826853197,0.20681818181818185,0.03977272727272727,0.02386363636363636,0.07954545454545454,15.153177083333329,0.010937500000000001,0.05501927083333333,0.062084895833333334,0.033,0.015,0.06428571428571428,0.03,0.031914893617021274,0.041346153846153845,0.04421965317919075,7.5,312,2026-06-21,,0.0,,3.6573513366066557
666464,Jerar,Encarnacion,SF,18.0,17,0.031071987114814285,0.03084835299925466,0.03130877617834801,0.1082773349212528,0.1098257513700035,0.1090296671200165,0.08102640053701589,0.3268228229904497,0.26584745928237485,0.7648154593065444,0.08587112801147867,0.1848123255886363,0.6135895945449727,-0.023158539108537823,0.009362500502311842,0.12249999999999998,0.017499999999999995,0.0,0.0,15.313173076923075,0.01346153846153846,0.04342692307692308,0.04479999999999999,0.045,0.02,0.015,0.0375,0.01,0.02710843373493976,0.06506024096385542,7.169811320754717,159,2026-05-03,,0.0,,3.6573513366066557
467793,Carlos,Santana,AZ,4.0,22,0.026248293504957977,0.03329051859165402,0.024967888943740517,0.11646811703815729,0.08832860662821485,0.0926995525406612,0.0213550884722762,0.24141553771629065,0.07591301894153024,0.6359741198424202,0.08547624995365533,0.071479212752109,0.5907245696898311,-0.007223302587005875,0.007923610123557561,0.07067307692307692,0.047115384615384615,0.0,0.0,15.361718749999998,0.0,0.03714375,0.037909374999999995,0.0,0.0,0.04285714285714285,0.009375,0.015,0.041666666666666664,0.05357142857142857,7.3584905660377355,106,2026-04-05,,0.0,,3.6573513366066557
660644,Vidal,Bruján,NYM,4.0,8,0.030833994109789976,0.03051274081387624,0.03099462075774685,0.10714742899370722,0.10876944953887979,0.10822901411736174,0.014865094404917095,0.35387991114111705,0.05330187548346643,0.7975821116753409,0.08534568543453631,0.030053369748306635,0.5635028221864703,-0.02288332868282543,0.009236879393750345,0.05104166666666666,0.05104166666666666,0.0,0.05104166666666666,13.280749999999998,0.0,0.0315175,0.0325675,0.021428571428571425,0.0,0.0,0.0,0.024999999999999998,0.03409090909090909,0.03571428571428571,6.538461538461539,39,2026-06-15,,0.0,,3.6573513366066557
686554,Oliver,Dunn,TB,4.0,8,0.03003578210468142,0.03329051859165402,0.028408413861195123,0.11646811703815729,0.10003906377536409,0.10553986236579804,0.014865094404917095,0.35387991114111705,0.05330187548346643,0.7975821116753409,0.08534568543453631,0.030053369748306635,0.5635028221864703,-0.02019417693126173,0.009007371894275657,0.05104166666666666,0.05104166666666666,0.0,0.05104166666666666,13.4575,0.0,0.04184687499999999,0.039003125,0.016666666666666666,0.0,0.0,0.0375,0.0,0.045,0.04285714285714285,7.857142857142857,42,2026-06-02,,0.0,,3.6573513366066557
665861,Sebastián,Rivero,LAA,13.0,42,0.03536174575310019,0.02853473022141773,0.03747486960814476,0.10046691342164005,0.13037475537047016,0.12337185079883184,0.1436665586973318,0.36348366189167736,0.43291072212894577,0.8083703898941398,0.08399355110160513,0.19149512745135072,0.5896046683519693,-0.03937829969722671,0.010362439854571285,0.16704545454545452,0.0334090909090909,0.0,0.08909090909090907,14.351280487804877,0.0,0.05785243902439024,0.05491158536585365,0.03888888888888888,0.03409090909090909,0.024999999999999998,0.02045454545454545,0.045454545454545456,0.031985294117647056,0.06707317073170731,6.244635193133047,233,2026-06-09,,0.0,,3.6573513366066557
672761,Wenceel,Pérez,DET,54.0,121,0.02720251168632035,0.033150846191820356,0.024547883064031096,0.11600114928042393,0.08689149661953777,0.09594707183067097,0.11792928459112029,0.22785999284200648,0.36804405882610025,0.6116127023547304,0.08327841344193108,0.30950396559750293,0.5673464857239271,-0.012668658388739887,0.007990319916457277,0.19599999999999998,0.048999999999999995,0.0,0.05949999999999999,15.267159090909088,0.013257575757575756,0.04338143939393939,0.050083143939393934,0.026886792452830186,0.015,0.02692307692307692,0.026470588235294117,0.023333333333333334,0.024920127795527155,0.04363636363636363,7.810107197549771,653,2026-06-16,,0.0,,3.6573513366066557
675659,Greg,Jones,MIL,7.0,16,0.028546602378780504,0.03153838603419855,0.02723769702953511,0.1105972054679083,0.09606665746711951,0.10050711833566162,0.024180004484220335,0.2679598107574366,0.08563139599384317,0.6804368999934567,0.08296224260207723,0.06322510711784671,0.5474110308930111,-0.01754487573358439,0.008338295934598844,0.05326086956521739,0.0,0.0,0.026630434782608695,14.30826923076923,0.0,0.05375192307692307,0.050642307692307695,0.009375,0.0375,0.0,0.011538461538461539,0.015,0.05113636363636363,0.058333333333333334,6.85185185185185,81,2026-07-08,,0.0,,3.6573513366066557
596103,Austin,Slater,TB,64.0,9,0.0308976773733592,0.03024287722762559,0.03555403396524266,0.1062381247160773,0.1240107836932467,0.1084433077378586,0.1286697211101815,0.3117365301514135,0.3957349081221103,0.7449578228999898,0.08293804242397407,0.23565686541579586,0.5759095570340281,-0.02550526531388453,0.008994075657758591,0.15102739726027395,0.06712328767123286,0.0,0.016780821917808216,14.497954545454546,0.003977272727272727,0.04639488636363636,0.04607670454545454,0.023333333333333334,0.05357142857142857,0.023076923076923078,0.013636363636363636,0.045,0.03860294117647058,0.043000000000000003,8.013698630136986,292,2026-06-17,,0.0,,3.6573513366066557
606992,Eric,Haase,SF,28.0,53,0.028339701963747143,0.026893435948068166,0.029103767028634146,0.09489611145414256,0.10239248152003333,0.09980626572146956,0.08682708209959754,0.24133157061210203,0.28265422258119866,0.6358267298331182,0.08275914212687502,0.22428594435712795,0.574651499148845,-0.017047123594594538,0.008259880929995753,0.20416666666666666,0.045370370370370366,0.0075617283950617275,0.06805555555555555,14.855978260869565,0.03043478260869565,0.05181141304347826,0.0648641304347826,0.03837209302325582,0.005,0.0,0.019354838709677417,0.024,0.05225806451612903,0.0543859649122807,7.7115987460815045,319,2026-07-08,,0.0,,3.6573513366066557
663967,César,Salazar,HOU,5.0,17,0.026431648760523407,0.032685236435442126,0.024592358267900256,0.1144431774394733,0.08704375273710396,0.09332422776454596,0.008069427621263836,0.2179804583865734,0.029197715390328338,0.593126628915414,0.08267863276470705,0.02567962434474355,0.5131278292743189,-0.010645594999838914,0.0077159195553947735,0.02784090909090909,0.08352272727272728,0.02784090909090909,0.02784090909090909,15.081499999999998,0.0,0.04968833333333333,0.051239999999999994,0.0,0.03,0.0,0.0,0.016666666666666666,0.017857142857142856,0.041666666666666664,8.368421052631577,95,2026-05-29,,0.0,,3.6573513366066557
656582,Connor,Joe,SEA,26.0,19,0.0297013041647084,0.02760115794670154,0.03257518846303358,0.09730129212005723,0.11407465580307097,0.10441126660683542,0.07745423484758265,0.2878390887239627,0.2553562975105822,0.7110475132228002,0.08187712205745641,0.1627877475083369,0.562505327040549,-0.022534144549379007,0.008548894020141487,0.16333333333333333,0.08166666666666667,0.0,0.04083333333333333,16.191875,0.014583333333333334,0.07301145833333332,0.08001145833333331,0.019565217391304346,0.0375,0.0,0.015,0.04,0.03705882352941176,0.03644859813084112,8.928571428571429,210,2026-06-20,,0.0,,3.6573513366066557
805904,Zach,Cole,HOU,6.0,47,0.0293650111314263,0.029423000070523522,0.029357608288137292,0.10347142438116275,0.10325049021845567,0.10327550361857496,0.0785241785084626,0.2705424927619534,0.258509986597506,0.68454104500703,0.08187712205745641,0.1627877475083369,0.562505327040549,-0.02139838156111855,0.008455901015323343,0.2080188679245283,0.011556603773584905,0.011556603773584905,0.09245283018867924,16.181666666666665,0.029166666666666667,0.06225916666666666,0.08093166666666665,0.02222222222222222,0.026470588235294117,0.016666666666666666,0.026470588235294117,0.015789473684210523,0.06494845360824743,0.04227272727272727,8.356164383561643,219,2026-05-25,,0.0,,3.6573513366066557
663697,Jonathan,India,KC,23.0,35,0.02891737169082614,0.024625863067798865,0.031737505928815496,0.08715844066351408,0.11126582455441514,0.10176206705194246,0.07158487019718122,0.2492590943383795,0.23788251440267094,0.6495520874502287,0.08160283532855184,0.14164643854782027,0.5559564416525933,-0.020159231723390625,0.00830407320033271,0.1584051724137931,0.08448275862068966,0.021120689655172414,0.08448275862068966,14.990499999999997,0.009999999999999998,0.041444999999999996,0.047174999999999995,0.024999999999999998,0.0,0.021428571428571425,0.027777777777777776,0.014516129032258063,0.030645161290322583,0.02692307692307692,9.113924050632912,237,2026-04-17,,0.0,,3.6573513366066557
641555,J. C.,Escarra,NYY,20.0,71,0.02829561912008181,0.03639554291356168,0.02601395044586213,0.12680295942534436,0.09190071119232646,0.0996568886327478,0.1112252917944124,0.26668389756607036,0.3502994871928935,0.6783950912328882,0.08140215274945603,0.2268802210080984,0.559974557940115,-0.018254735883291767,0.008112285271018465,0.15480769230769229,0.04038461538461538,0.0,0.047115384615384615,15.23231343283582,0.00783582089552239,0.045163059701492536,0.04853768656716417,0.03559322033898305,0.0,0.03,0.02727272727272727,0.02553191489361702,0.040312499999999994,0.03708791208791209,8.18181818181818,352,2026-06-20,,0.0,,3.6573513366066557
642020,Chuckie,Robinson,LAD,8.0,15,0.0294232075364958,0.028408413861195123,0.029964430829989494,0.10003906377536409,0.10529919558857237,0.10347212526746963,0.024180004484220335,0.2679598107574366,0.08563139599384317,0.6804368999934567,0.08017321965062503,0.022417491450056642,0.47088818221285356,-0.023298905616844598,0.00829569342678583,0.05326086956521739,0.0,0.0,0.0,13.929027777777776,0.0,0.03564166666666667,0.033376388888888886,0.01,0.024999999999999998,0.0,0.0,0.01764705882352941,0.04444444444444444,0.0409090909090909,6.0,90,2026-07-01,,0.0,,3.6573513366066557
660162,Yoán,Moncada,LAA,26.0,104,0.028874591691879486,0.023653789525648908,0.030179792233437128,0.08382674753621822,0.1060254630882631,0.10161733388050331,0.10815119417236142,0.23435447802079223,0.3420428929634284,0.6234273931519285,0.07985933709803977,0.25656145060123525,0.5427314306587621,-0.02175799678246354,0.008115092921367173,0.15548076923076926,0.08009615384615384,0.009423076923076925,0.047115384615384615,15.328939393939391,0.013257575757575756,0.04890454545454545,0.056084848484848474,0.02291666666666667,0.021428571428571425,0.03260869565217391,0.01607142857142857,0.030405405405405407,0.04046511627906977,0.031636363636363636,9.157608695652174,552,2026-05-21,,0.0,,3.6573513366066557
693459,Kyler,Fedko,MIN,11.0,7,0.027748428660764074,0.027011278753267493,0.028906807086830126,0.0952969208584954,0.10172632648899727,0.09780120470298648,1.3877787807814457e-17,0.1758792236466577,0.0,0.5071110629811315,0.07970052414421373,0.0,0.39033428790216546,-0.018100680558772744,0.007794807276763563,0.0,0.06805555555555556,0.0,0.0,15.340937499999999,0.0,0.033818749999999995,0.035525,0.0,0.0,0.0,0.0,0.0,0.05581395348837209,0.060714285714285714,6.730769230769231,78,2026-07-07,,0.0,,3.6573513366066557
686823,Will,Brennan,SF,2.0,21,0.02444588766396742,0.037455538537486864,0.023206873295060805,0.1303108769394361,0.08229202208995057,0.08654225657502668,0.024180004484220335,0.2679598107574366,0.08563139599384317,0.6804368999934567,0.07835322912418405,0.051367689746085105,0.47698056196084426,-0.008189027450842629,0.006780865258346988,0.05326086956521739,0.0,0.0,0.0,13.787374999999999,0.0,0.03352125,0.03418625,0.0,0.0375,0.0,0.01875,0.01,0.009,0.0846153846153846,5.384615384615384,78,2026-05-27,,0.0,,3.6573513366066557
669369,Bryce,Johnson,SD,13.0,35,0.03151201094410302,0.02615377784046535,0.03350221181116844,0.09237742387337888,0.11717553081484078,0.11050861389206912,0.08695513576485565,0.29577828401255607,0.28302205779258305,0.722655333291264,0.0782381388549028,0.14547724486760422,0.5189728183535234,-0.03227047503716632,0.008645988278350544,0.12760416666666666,0.038281249999999996,0.0,0.02552083333333333,13.156759259259257,0.0,0.04277777777777776,0.04005555555555556,0.018,0.03214285714285714,0.03333333333333333,0.015,0.041666666666666664,0.04516129032258064,0.059375,7.579787234042554,188,2026-06-10,,0.0,,3.6573513366066557
680718,Addison,Barger,TOR,4.0,23,0.02549799310425477,0.03051274081387624,0.024625863067798865,0.10714742899370722,0.08715844066351408,0.09014008670639118,0.006568145980785131,0.1828346593357585,0.02381313874666635,0.522155452233651,0.07781518377854782,0.019890887638544935,0.4349997055766561,-0.012324902927843356,0.007014267412872065,0.045370370370370366,0.11342592592592592,0.0,0.022685185185185183,15.4385,0.0,0.033576666666666664,0.034685,0.0075,0.0,0.0,0.0,0.021428571428571425,0.028846153846153848,0.053289473684210525,8.445378151260503,119,2026-05-09,,0.0,,3.6573513366066557
660710,Rodolfo,Durán,SD,19.0,71,0.027000250532235644,0.0260534493325988,0.02725361986734973,0.09203539293750951,0.09612077118611373,0.0952594169140567,0.07794682040686313,0.21873930500697653,0.25680941535859136,0.5945687520686043,0.07674029542673864,0.19230498083676129,0.5121994835545616,-0.01851912148731806,0.007310235796163576,0.17013888888888887,0.04763888888888888,0.006805555555555554,0.054444444444444434,15.054224137931035,0.015086206896551723,0.043921982758620685,0.05198405172413793,0.016304347826086956,0.029166666666666667,0.0,0.019565217391304346,0.02045454545454545,0.03633540372670808,0.047872340425531915,8.158640226628895,353,2026-07-12,,0.0,,3.6573513366066557
656413,Stuart,Fairchild,CLE,22.0,5,0.028094558232327232,0.02705122227707385,0.032685236435442126,0.09543274833469195,0.1144431774394733,0.0989753545829194,0.038520348283098374,0.28057800818279827,0.1338244057246034,0.7001257471980371,0.07623557428298988,0.04696514218385381,0.4480308622529735,-0.022739780299929513,0.007545442996491415,0.06805555555555555,0.15879629629629627,0.022685185185185183,0.022685185185185183,14.5635,0.0,0.059045,0.068075,0.008333333333333333,0.021428571428571425,0.075,0.021428571428571425,0.011538461538461539,0.09999999999999999,0.03529411764705882,9.272727272727273,110,2026-06-23,,0.0,,3.6573513366066557
457705,Andrew,McCutchen,TEX,50.0,32,0.02948858183942596,0.028476880039493176,0.031069365901820942,0.10027098581374427,0.10902085171467457,0.1036929607123106,0.10451594667058835,0.266417390881429,0.3321810521870513,0.6779674141904677,0.07372122981404235,0.19633266528144178,0.485363327580278,-0.029971730898268253,0.007644372586770714,0.14192073170731706,0.06722560975609757,0.0,0.0298780487804878,15.232892156862743,0.010294117647058823,0.04110098039215686,0.04581911764705882,0.024999999999999998,0.0225,0.0375,0.012499999999999999,0.03103448275862069,0.0459375,0.03068181818181818,8.258426966292134,356,2026-05-25,,0.0,,3.6573513366066557
669004,MJ,Melendez,NYM,13.0,129,0.026635967507894147,0.0332966349833225,0.025964737452230824,0.11648856191821289,0.0917328863603355,0.0940199555684782,0.11042234546060642,0.23132861632846952,0.3481501924154059,0.6179557698021214,0.07244645310588281,0.23362709542089732,0.47746096492438395,-0.021573502462595387,0.006811412302108941,0.18116197183098592,0.0733274647887324,0.021566901408450707,0.04313380281690141,16.5085,0.02,0.04992749999999999,0.061459999999999994,0.023684210526315787,0.02045454545454545,0.03409090909090909,0.029032258064516127,0.020625,0.045993031358885016,0.044196428571428574,8.0,615,2026-06-25,,0.0,,3.6573513366066557
506702,Sandy,León,ATL,20.0,24,0.027003747334502642,0.0278241143421331,0.02632010816147726,0.0980580425826818,0.09294425599826495,0.09527130869844447,0.035922193227316226,0.21159239166598615,0.12523315455684225,0.5808384623931657,0.07206173291978694,0.0850767663291625,0.4333427844381418,-0.023209575778657524,0.00686541560234588,0.05568181818181818,0.0,0.0,0.0,14.323076923076922,0.0,0.03991346153846154,0.03918653846153846,0.019354838709677417,0.0,0.0,0.019565217391304346,0.007142857142857142,0.03861386138613861,0.06,6.5363128491620115,179,2026-06-17,,0.0,,3.6573513366066557
670097,Zack,Short,NYM,24.0,35,0.02699548774833698,0.03037416221553131,0.02467868239940373,0.10668057296200029,0.0873392215465354,0.09524321964761162,0.058675827757903046,0.22523640399981698,0.19840487280592822,0.6067643816871118,0.0718513520096046,0.11999366228595007,0.4489944400515401,-0.02339186763800702,0.006843354101428631,0.0934322033898305,0.08305084745762711,0.010381355932203387,0.0,14.814596774193546,0.01129032258064516,0.044958064516129034,0.05156854838709678,0.02027027027027027,0.012499999999999999,0.015,0.012499999999999999,0.021428571428571425,0.0430327868852459,0.040624999999999994,8.272058823529411,272,2026-07-12,,0.0,,3.6573513366066557
628451,Andy,Ibáñez,NYM,22.0,2,0.027437479401339036,0.02705122227707385,0.031686307768256095,0.09543274833469195,0.11109394258442307,0.0967454467991592,0.023158815297043348,0.2584880219321069,0.08212687814329334,0.6650526713306804,0.07150584455326014,0.014865094404917095,0.35387991114111705,-0.02523960224589905,0.006917864880056377,0.05104166666666666,0.02552083333333333,0.0,0.07656249999999998,15.054374999999999,0.0,0.030563749999999997,0.030904999999999995,0.0,0.024999999999999998,0.024999999999999998,0.0,0.015,0.02596153846153846,0.07714285714285714,5.1265822784810124,79,2026-05-10,,0.0,,3.6573513366066557
664059,Sam,Haggerty,TEX,36.0,11,0.028827782498555145,0.027880093069178106,0.03192931154015274,0.0982479711183436,0.11190953781021362,0.10145894973742098,0.0740671999643172,0.27685622423593553,0.24530864485639992,0.6944128453986665,0.0710714663167428,0.1317037456190719,0.4467857131455308,-0.03038748342067818,0.007210836328795216,0.10425531914893617,0.02606382978723404,0.01303191489361702,0.013031914893617021,13.921249999999999,0.0,0.04278125000000001,0.04020625,0.02045454545454545,0.024999999999999998,0.021428571428571425,0.03333333333333333,0.015517241379310345,0.04431818181818182,0.050625,7.095808383233533,167,2026-05-30,,0.0,,3.6573513366066557
663368,Blake,Perkins,MIL,59.0,41,0.02743709505278091,0.03163016517384695,0.021403164878563925,0.11090543344579473,0.07607903803602489,0.09674414127535058,0.08526343659939131,0.2213718821096384,0.27815157053504613,0.5995429593597776,0.07083158579806904,0.19071102858794878,0.4602599393608908,-0.025912555477281538,0.0068525409432055075,0.14087499999999997,0.06124999999999999,0.0061249999999999985,0.06737499999999999,14.803432835820894,0.007835820895522387,0.04560708955223881,0.0487936567164179,0.022131147540983605,0.014285714285714284,0.024999999999999998,0.019565217391304346,0.02222222222222222,0.028846153846153848,0.043348623853211005,8.484486873508352,419,2026-07-03,,0.0,,3.6573513366066557
666181,Will,Benson,CIN,1.0,111,0.027051624518277882,0.03230760792057484,0.02700427331645539,0.11317813429252033,0.09527309742687029,0.09543411607574803,0.10414537208810222,0.23978554199303836,0.33116974761129647,0.6331051824976925,0.07077383678431425,0.20395378749637438,0.46167343103102854,-0.024660279291433787,0.006754238554800292,0.17500000000000002,0.08203125000000001,0.0054687500000000005,0.038281249999999996,14.946810344827586,0.02112068965517241,0.05296163793103449,0.06474396551724138,0.03421052631578947,0.008823529411764706,0.021428571428571425,0.02222222222222222,0.02586206896551724,0.04682926829268293,0.03313253012048192,8.539915966386554,476,2026-06-14,,0.0,,3.6573513366066557
664238,Dylan,Moore,PHI,12.0,3,0.027478180954480402,0.026575612966924473,0.031088452904704095,0.09381448210081866,0.1090850417932625,0.09688369075262826,0.0,0.20388330103584867,0.0,0.5656527020241188,0.07059189281344645,0.0,0.27753279986288926,-0.026291797939181807,0.006839203112980628,0.0,0.12249999999999998,0.0,0.0,15.977500000000001,0.0,0.03362916666666667,0.040775000000000006,0.0,0.0,0.0,0.0,0.0,0.04411764705882353,0.03913043478260869,8.703703703703704,81,2026-05-01,,0.0,,3.6573513366066557
677060,Chad,Stevens,COL,18.0,15,0.025787993477642976,0.024230705940431137,0.02765673852229719,0.08580513955783309,0.09748998483242166,0.09112997299232273,0.00536941053687183,0.15318725382118925,0.019498135778988956,0.45563135670865595,0.06783887816591348,0.012722215247890939,0.3146870442415113,-0.023291094826409245,0.006182155135089167,0.01856060606060606,0.09280303030303029,0.0,0.03712121212121212,14.085166666666666,0.011666666666666665,0.03808,0.04202333333333333,0.0,0.013636363636363636,0.0,0.0,0.0075,0.03851351351351351,0.056666666666666664,7.6490066225165565,151,2026-06-12,,0.0,,3.6573513366066557
